proxy_wallet,side,token_id,condition_id,size,price,timestamp,title,slug,icon,event_slug,outcome,outcome_index,name,pseudonym,bio,profile_image,profile_image_optimized,transaction_hash,date,notional,winning_outcome,resolution_time,hours_to_resolution,max_price_6h,move_6h
0xc4d1a863e9cc45d02ba22d3a1ae9ba7822018ce8,BUY,33945469250963963541781051637999677727672635213493648594066577298999471399137,0xebddfcf7b4401dade8b4031770a1ab942b01854f3bed453d5df9425cd9f211a9,8720.0,0.945,1762297177,Will Zohran Mamdani win the 2025 NYC mayoral election?,will-zohran-mamdani-win-the-2025-nyc-mayoral-election,https://polymarket-upload.s3.us-east-2.amazonaws.com/will-zohran-mamdani-win-the-2025-nyc-mayoral-election-EscSJQTT6hWg.jpg,new-york-city-mayoral-election,Yes,0,rdba,Unaware-Birdhouse,,,,0x55967e5a39ef3c948c8e0e148b117e15158eb45a42fa746a2b6db1b77b87a085,2025-11-04 22:59:37+00:00,8240.4,Yes,2025-11-05 05:44:47+00:00,6.752777777777778,0.999000001,0.05400000100000002
0x24c8cf69a0e0a17eee21f69d29752bfa32e823e1,BUY,33945469250963963541781051637999677727672635213493648594066577298999471399137,0xebddfcf7b4401dade8b4031770a1ab942b01854f3bed453d5df9425cd9f211a9,1150.94,0.945,1762294039,Will Zohran Mamdani win the 2025 NYC mayoral election?,will-zohran-mamdani-win-the-2025-nyc-mayoral-election,https://polymarket-upload.s3.us-east-2.amazonaws.com/will-zohran-mamdani-win-the-2025-nyc-mayoral-election-EscSJQTT6hWg.jpg,new-york-city-mayoral-election,Yes,0,debased,Broken-Dogwood,"no crazy war, yes peace",https://polymarket-upload.s3.us-east-2.amazonaws.com/trump_farmer_b64c6dcd-13e2-4dda-b1c2-0fb46389fb22_1743074825403.png,,0x67b52d38f28339474245f2c66939e86176bd6be7590a3542b76b9c090e499e44,2025-11-04 22:07:19+00:00,1087.6383,Yes,2025-11-05 05:44:47+00:00,7.624444444444444,0.999000001,0.05400000100000002
0xc4d1a863e9cc45d02ba22d3a1ae9ba7822018ce8,BUY,33945469250963963541781051637999677727672635213493648594066577298999471399137,0xebddfcf7b4401dade8b4031770a1ab942b01854f3bed453d5df9425cd9f211a9,14025.41,0.945,1762293833,Will Zohran Mamdani win the 2025 NYC mayoral election?,will-zohran-mamdani-win-the-2025-nyc-mayoral-election,https://polymarket-upload.s3.us-east-2.amazonaws.com/will-zohran-mamdani-win-the-2025-nyc-mayoral-election-EscSJQTT6hWg.jpg,new-york-city-mayoral-election,Yes,0,rdba,Unaware-Birdhouse,,,,0x14108aa33151b86bddaf31da9995d514d5438a64dd3db1d7fdf237b5e09129b8,2025-11-04 22:03:53+00:00,13254.012449999998,Yes,2025-11-05 05:44:47+00:00,7.681666666666667,0.999000001,0.05400000100000002
0x24c8cf69a0e0a17eee21f69d29752bfa32e823e1,BUY,33945469250963963541781051637999677727672635213493648594066577298999471399137,0xebddfcf7b4401dade8b4031770a1ab942b01854f3bed453d5df9425cd9f211a9,6489.93,0.944,1762293641,Will Zohran Mamdani win the 2025 NYC mayoral election?,will-zohran-mamdani-win-the-2025-nyc-mayoral-election,https://polymarket-upload.s3.us-east-2.amazonaws.com/will-zohran-mamdani-win-the-2025-nyc-mayoral-election-EscSJQTT6hWg.jpg,new-york-city-mayoral-election,Yes,0,debased,Broken-Dogwood,"no crazy war, yes peace",https://polymarket-upload.s3.us-east-2.amazonaws.com/trump_farmer_b64c6dcd-13e2-4dda-b1c2-0fb46389fb22_1743074825403.png,,0xb8179bca78318e7ab4f24a6ace61e4f6b77e009c33267f64bb0895202439dd36,2025-11-04 22:00:41+00:00,6126.49392,Yes,2025-11-05 05:44:47+00:00,7.735,0.999000001,0.05500000100000002
0x448861155279dbf833d041b963e3ac854599e319,BUY,33945469250963963541781051637999677727672635213493648594066577298999471399137,0xebddfcf7b4401dade8b4031770a1ab942b01854f3bed453d5df9425cd9f211a9,10014.36,0.9425491045,1762292525,Will Zohran Mamdani win the 2025 NYC mayoral election?,will-zohran-mamdani-win-the-2025-nyc-mayoral-election,https://polymarket-upload.s3.us-east-2.amazonaws.com/will-zohran-mamdani-win-the-2025-nyc-mayoral-election-EscSJQTT6hWg.jpg,new-york-city-mayoral-election,Yes,0,Flipadelphia,,High risk low reward,https://polymarket-upload.s3.us-east-2.amazonaws.com/profile-image-108046-a7cbec59-4bd4-4efc-8ade-4e81e102acb0.png,,0x3d30982cbf9c42045e17318db6540ab23cd30df47a586dc2f31e3a475e6d2bfb,2025-11-04 21:42:05+00:00,9439.026050140621,Yes,2025-11-05 05:44:47+00:00,8.045,0.999000001,0.056450896500000014
0x448861155279dbf833d041b963e3ac854599e319,BUY,33945469250963963541781051637999677727672635213493648594066577298999471399137,0xebddfcf7b4401dade8b4031770a1ab942b01854f3bed453d5df9425cd9f211a9,3448.85,0.945,1762290891,Will Zohran Mamdani win the 2025 NYC mayoral election?,will-zohran-mamdani-win-the-2025-nyc-mayoral-election,https://polymarket-upload.s3.us-east-2.amazonaws.com/will-zohran-mamdani-win-the-2025-nyc-mayoral-election-EscSJQTT6hWg.jpg,new-york-city-mayoral-election,Yes,0,Flipadelphia,,High risk low reward,https://polymarket-upload.s3.us-east-2.amazonaws.com/profile-image-108046-a7cbec59-4bd4-4efc-8ade-4e81e102acb0.png,,0x1dc47b8f7797b6517b931a1906b4810282f7d11dac433db5a312bf6823cbb514,2025-11-04 21:14:51+00:00,3259.1632499999996,Yes,2025-11-05 05:44:47+00:00,8.498888888888889,0.999000001,0.05400000100000002
0x24c8cf69a0e0a17eee21f69d29752bfa32e823e1,BUY,33945469250963963541781051637999677727672635213493648594066577298999471399137,0xebddfcf7b4401dade8b4031770a1ab942b01854f3bed453d5df9425cd9f211a9,3746.06,0.945,1762289191,Will Zohran Mamdani win the 2025 NYC mayoral election?,will-zohran-mamdani-win-the-2025-nyc-mayoral-election,https://polymarket-upload.s3.us-east-2.amazonaws.com/will-zohran-mamdani-win-the-2025-nyc-mayoral-election-EscSJQTT6hWg.jpg,new-york-city-mayoral-election,Yes,0,debased,Broken-Dogwood,"no crazy war, yes peace",https://polymarket-upload.s3.us-east-2.amazonaws.com/trump_farmer_b64c6dcd-13e2-4dda-b1c2-0fb46389fb22_1743074825403.png,,0x7f516e8ebbd76a256fcfa8c9ac0e721e61b55c48375c5741dd5e884892083bd7,2025-11-04 20:46:31+00:00,3540.0267,Yes,2025-11-05 05:44:47+00:00,8.971111111111112,0.999000001,0.05400000100000002
0x12d6cccfc7470a3f4bafc53599a4779cbf2cf2a8,BUY,33945469250963963541781051637999677727672635213493648594066577298999471399137,0xebddfcf7b4401dade8b4031770a1ab942b01854f3bed453d5df9425cd9f211a9,6267.48,0.946,1762282613,Will Zohran Mamdani win the 2025 NYC mayoral election?,will-zohran-mamdani-win-the-2025-nyc-mayoral-election,https://polymarket-upload.s3.us-east-2.amazonaws.com/will-zohran-mamdani-win-the-2025-nyc-mayoral-election-EscSJQTT6hWg.jpg,new-york-city-mayoral-election,Yes,0,classified,Personal-Bake,REDACTED,https://polymarket-upload.s3.us-east-2.amazonaws.com/profile-image-2637613-f573f7f0-53b7-4a8d-b884-fec7b37d1b7d.png,,0xff0fe3822f430dd4383c40c9bfdb1c99b2372c5d433da897e62371324bd0f2d1,2025-11-04 18:56:53+00:00,5929.036079999999,Yes,2025-11-05 05:44:47+00:00,10.798333333333334,0.9625436071,0.016543607100000024
0x12d6cccfc7470a3f4bafc53599a4779cbf2cf2a8,BUY,33945469250963963541781051637999677727672635213493648594066577298999471399137,0xebddfcf7b4401dade8b4031770a1ab942b01854f3bed453d5df9425cd9f211a9,9473.77,0.937,1762278943,Will Zohran Mamdani win the 2025 NYC mayoral election?,will-zohran-mamdani-win-the-2025-nyc-mayoral-election,https://polymarket-upload.s3.us-east-2.amazonaws.com/will-zohran-mamdani-win-the-2025-nyc-mayoral-election-EscSJQTT6hWg.jpg,new-york-city-mayoral-election,Yes,0,classified,Personal-Bake,REDACTED,https://polymarket-upload.s3.us-east-2.amazonaws.com/profile-image-2637613-f573f7f0-53b7-4a8d-b884-fec7b37d1b7d.png,,0x5ec75fd224a746f184bca874d92f74e2478920d9abde02cd298c25d3e48a48bc,2025-11-04 17:55:43+00:00,8876.92249,Yes,2025-11-05 05:44:47+00:00,11.817777777777778,0.9589757857,0.021975785699999917
0x24c8cf69a0e0a17eee21f69d29752bfa32e823e1,BUY,33945469250963963541781051637999677727672635213493648594066577298999471399137,0xebddfcf7b4401dade8b4031770a1ab942b01854f3bed453d5df9425cd9f211a9,44555.59,0.9339266067,1762278877,Will Zohran Mamdani win the 2025 NYC mayoral election?,will-zohran-mamdani-win-the-2025-nyc-mayoral-election,https://polymarket-upload.s3.us-east-2.amazonaws.com/will-zohran-mamdani-win-the-2025-nyc-mayoral-election-EscSJQTT6hWg.jpg,new-york-city-mayoral-election,Yes,0,debased,Broken-Dogwood,"no crazy war, yes peace",https://polymarket-upload.s3.us-east-2.amazonaws.com/trump_farmer_b64c6dcd-13e2-4dda-b1c2-0fb46389fb22_1743074825403.png,,0x084e979037c0e7e8b71ea41f0c7fae5667d5ac40b8c1ba517d16c86dd3537830,2025-11-04 17:54:37+00:00,41611.65097821645,Yes,2025-11-05 05:44:47+00:00,11.83611111111111,0.9589757857,0.02504917899999992
0x24c8cf69a0e0a17eee21f69d29752bfa32e823e1,BUY,33945469250963963541781051637999677727672635213493648594066577298999471399137,0xebddfcf7b4401dade8b4031770a1ab942b01854f3bed453d5df9425cd9f211a9,18974.72,0.9318703754,1762278859,Will Zohran Mamdani win the 2025 NYC mayoral election?,will-zohran-mamdani-win-the-2025-nyc-mayoral-election,https://polymarket-upload.s3.us-east-2.amazonaws.com/will-zohran-mamdani-win-the-2025-nyc-mayoral-election-EscSJQTT6hWg.jpg,new-york-city-mayoral-election,Yes,0,debased,Broken-Dogwood,"no crazy war, yes peace",https://polymarket-upload.s3.us-east-2.amazonaws.com/trump_farmer_b64c6dcd-13e2-4dda-b1c2-0fb46389fb22_1743074825403.png,,0x1b9dbee2704020a10f752394addfbdce00b504037260a3c463f4a26f12ea6aef,2025-11-04 17:54:19+00:00,17681.979449509887,Yes,2025-11-05 05:44:47+00:00,11.841111111111111,0.9589200869,0.027049711500000018
0x448861155279dbf833d041b963e3ac854599e319,BUY,33945469250963963541781051637999677727672635213493648594066577298999471399137,0xebddfcf7b4401dade8b4031770a1ab942b01854f3bed453d5df9425cd9f211a9,14631.0,0.925,1762278341,Will Zohran Mamdani win the 2025 NYC mayoral election?,will-zohran-mamdani-win-the-2025-nyc-mayoral-election,https://polymarket-upload.s3.us-east-2.amazonaws.com/will-zohran-mamdani-win-the-2025-nyc-mayoral-election-EscSJQTT6hWg.jpg,new-york-city-mayoral-election,Yes,0,Flipadelphia,,High risk low reward,https://polymarket-upload.s3.us-east-2.amazonaws.com/profile-image-108046-a7cbec59-4bd4-4efc-8ade-4e81e102acb0.png,,0x3bc230110a32c18db914e067acdf45e735fc68e63c0c48f962cc5718d2722b45,2025-11-04 17:45:41+00:00,13533.675000000001,Yes,2025-11-05 05:44:47+00:00,11.985,0.9543058511,0.029305851099999947
0x448861155279dbf833d041b963e3ac854599e319,BUY,33945469250963963541781051637999677727672635213493648594066577298999471399137,0xebddfcf7b4401dade8b4031770a1ab942b01854f3bed453d5df9425cd9f211a9,27550.64,0.923,1762277879,Will Zohran Mamdani win the 2025 NYC mayoral election?,will-zohran-mamdani-win-the-2025-nyc-mayoral-election,https://polymarket-upload.s3.us-east-2.amazonaws.com/will-zohran-mamdani-win-the-2025-nyc-mayoral-election-EscSJQTT6hWg.jpg,new-york-city-mayoral-election,Yes,0,Flipadelphia,,High risk low reward,https://polymarket-upload.s3.us-east-2.amazonaws.com/profile-image-108046-a7cbec59-4bd4-4efc-8ade-4e81e102acb0.png,,0x2b4356b5010180f922171e38283d21a2f2e621a127f3ff5360f1aac273db6b07,2025-11-04 17:37:59+00:00,25429.24072,Yes,2025-11-05 05:44:47+00:00,12.113333333333333,0.95,0.026999999999999913
0x000d257d2dc7616feaef4ae0f14600fdf50a758e,BUY,33945469250963963541781051637999677727672635213493648594066577298999471399137,0xebddfcf7b4401dade8b4031770a1ab942b01854f3bed453d5df9425cd9f211a9,2504.55,0.93,1762274045,Will Zohran Mamdani win the 2025 NYC mayoral election?,will-zohran-mamdani-win-the-2025-nyc-mayoral-election,https://polymarket-upload.s3.us-east-2.amazonaws.com/will-zohran-mamdani-win-the-2025-nyc-mayoral-election-EscSJQTT6hWg.jpg,new-york-city-mayoral-election,Yes,0,scottilicious,Powerful-Election,,https://polymarket-upload.s3.us-east-2.amazonaws.com/profile-image-583-178de096-51b5-46b0-b1bf-83d0b80ad3d4.jpg,,0x67e6eea44af4aa5ffbd69f0656a8286c494cb78637547793b42e284c9e8b0380,2025-11-04 16:34:05+00:00,2329.2315000000003,Yes,2025-11-05 05:44:47+00:00,13.178333333333333,0.95,0.019999999999999907
0x24c8cf69a0e0a17eee21f69d29752bfa32e823e1,BUY,33945469250963963541781051637999677727672635213493648594066577298999471399137,0xebddfcf7b4401dade8b4031770a1ab942b01854f3bed453d5df9425cd9f211a9,7949.34,0.93,1762273413,Will Zohran Mamdani win the 2025 NYC mayoral election?,will-zohran-mamdani-win-the-2025-nyc-mayoral-election,https://polymarket-upload.s3.us-east-2.amazonaws.com/will-zohran-mamdani-win-the-2025-nyc-mayoral-election-EscSJQTT6hWg.jpg,new-york-city-mayoral-election,Yes,0,debased,Broken-Dogwood,"no crazy war, yes peace",https://polymarket-upload.s3.us-east-2.amazonaws.com/trump_farmer_b64c6dcd-13e2-4dda-b1c2-0fb46389fb22_1743074825403.png,,0xa1aba522f75ab8e6e104f788b805a858eec572c8e91c80412ad8fb41b06b4de9,2025-11-04 16:23:33+00:00,7392.886200000001,Yes,2025-11-05 05:44:47+00:00,13.35388888888889,0.95,0.019999999999999907
0x24c8cf69a0e0a17eee21f69d29752bfa32e823e1,BUY,33945469250963963541781051637999677727672635213493648594066577298999471399137,0xebddfcf7b4401dade8b4031770a1ab942b01854f3bed453d5df9425cd9f211a9,7989.09,0.927,1762273317,Will Zohran Mamdani win the 2025 NYC mayoral election?,will-zohran-mamdani-win-the-2025-nyc-mayoral-election,https://polymarket-upload.s3.us-east-2.amazonaws.com/will-zohran-mamdani-win-the-2025-nyc-mayoral-election-EscSJQTT6hWg.jpg,new-york-city-mayoral-election,Yes,0,debased,Broken-Dogwood,"no crazy war, yes peace",https://polymarket-upload.s3.us-east-2.amazonaws.com/trump_farmer_b64c6dcd-13e2-4dda-b1c2-0fb46389fb22_1743074825403.png,,0xd3d520fec6b6bad932c01c557b93d767e0648b7a377fd31a25062e8d8d000994,2025-11-04 16:21:57+00:00,7405.8864300000005,Yes,2025-11-05 05:44:47+00:00,13.380555555555556,0.95,0.02299999999999991
0x24c8cf69a0e0a17eee21f69d29752bfa32e823e1,BUY,33945469250963963541781051637999677727672635213493648594066577298999471399137,0xebddfcf7b4401dade8b4031770a1ab942b01854f3bed453d5df9425cd9f211a9,3131.5,0.9209968354,1762271223,Will Zohran Mamdani win the 2025 NYC mayoral election?,will-zohran-mamdani-win-the-2025-nyc-mayoral-election,https://polymarket-upload.s3.us-east-2.amazonaws.com/will-zohran-mamdani-win-the-2025-nyc-mayoral-election-EscSJQTT6hWg.jpg,new-york-city-mayoral-election,Yes,0,debased,Broken-Dogwood,"no crazy war, yes peace",https://polymarket-upload.s3.us-east-2.amazonaws.com/trump_farmer_b64c6dcd-13e2-4dda-b1c2-0fb46389fb22_1743074825403.png,,0x26e3546de7d43a61a7fbdf3dea4e9cbdcc11ce8467dc96dbd021ab076329e9fc,2025-11-04 15:47:03+00:00,2884.1015900551,Yes,2025-11-05 05:44:47+00:00,13.962222222222222,0.95,0.029003164599999964
0x24c8cf69a0e0a17eee21f69d29752bfa32e823e1,BUY,33945469250963963541781051637999677727672635213493648594066577298999471399137,0xebddfcf7b4401dade8b4031770a1ab942b01854f3bed453d5df9425cd9f211a9,2803.96,0.92,1762271019,Will Zohran Mamdani win the 2025 NYC mayoral election?,will-zohran-mamdani-win-the-2025-nyc-mayoral-election,https://polymarket-upload.s3.us-east-2.amazonaws.com/will-zohran-mamdani-win-the-2025-nyc-mayoral-election-EscSJQTT6hWg.jpg,new-york-city-mayoral-election,Yes,0,debased,Broken-Dogwood,"no crazy war, yes peace",https://polymarket-upload.s3.us-east-2.amazonaws.com/trump_farmer_b64c6dcd-13e2-4dda-b1c2-0fb46389fb22_1743074825403.png,,0xa3b933f35ffdcce9888e7f35ad9760024adb8f813d0856f8d8cf58093c5ec4be,2025-11-04 15:43:39+00:00,2579.6432,Yes,2025-11-05 05:44:47+00:00,14.018888888888888,0.95,0.029999999999999916
0xc6dd722558dbfbd8fa780efcbe819ed8c6604b9f,BUY,33945469250963963541781051637999677727672635213493648594066577298999471399137,0xebddfcf7b4401dade8b4031770a1ab942b01854f3bed453d5df9425cd9f211a9,19701.97,0.921,1762270913,Will Zohran Mamdani win the 2025 NYC mayoral election?,will-zohran-mamdani-win-the-2025-nyc-mayoral-election,https://polymarket-upload.s3.us-east-2.amazonaws.com/will-zohran-mamdani-win-the-2025-nyc-mayoral-election-EscSJQTT6hWg.jpg,new-york-city-mayoral-election,Yes,0,tourists,Trusting-Bungalow,Do you wanna go to Bali or Borneo,https://polymarket-upload.s3.us-east-2.amazonaws.com/profile-image-2909538-0895d69a-234c-409a-b0f4-ca4253ab5cb6.jpg,,0x22a2936015639d76054226dc1ee02298ad5f630d2837004767e571da893cd518,2025-11-04 15:41:53+00:00,18145.51437,Yes,2025-11-05 05:44:47+00:00,14.048333333333334,0.95,0.028999999999999915
0x24c8cf69a0e0a17eee21f69d29752bfa32e823e1,BUY,33945469250963963541781051637999677727672635213493648594066577298999471399137,0xebddfcf7b4401dade8b4031770a1ab942b01854f3bed453d5df9425cd9f211a9,6500.07,0.913,1762249047,Will Zohran Mamdani win the 2025 NYC mayoral election?,will-zohran-mamdani-win-the-2025-nyc-mayoral-election,https://polymarket-upload.s3.us-east-2.amazonaws.com/will-zohran-mamdani-win-the-2025-nyc-mayoral-election-EscSJQTT6hWg.jpg,new-york-city-mayoral-election,Yes,0,debased,Broken-Dogwood,"no crazy war, yes peace",https://polymarket-upload.s3.us-east-2.amazonaws.com/trump_farmer_b64c6dcd-13e2-4dda-b1c2-0fb46389fb22_1743074825403.png,,0x4f4699d8e5bd1277b972f28f6b019b59708ce971b81106e9f1babb64ebf7e486,2025-11-04 09:37:27+00:00,5934.56391,Yes,2025-11-05 05:44:47+00:00,20.122222222222224,0.929,0.016000000000000014
0x0c4b64af62a0ac3dd477e9f80ec3eaa18e92f6db,BUY,33945469250963963541781051637999677727672635213493648594066577298999471399137,0xebddfcf7b4401dade8b4031770a1ab942b01854f3bed453d5df9425cd9f211a9,6666.0,0.903,1762242221,Will Zohran Mamdani win the 2025 NYC mayoral election?,will-zohran-mamdani-win-the-2025-nyc-mayoral-election,https://polymarket-upload.s3.us-east-2.amazonaws.com/will-zohran-mamdani-win-the-2025-nyc-mayoral-election-EscSJQTT6hWg.jpg,new-york-city-mayoral-election,Yes,0,UwO,Another-Pickaxe,,https://polymarket-upload.s3.us-east-2.amazonaws.com/profile-image-1580334-26329038-5ced-44e2-85fa-249ea3ed1264.png,,0xd4fd26b697ce7d5afb6619c4506996b74ee7a5e4c44cbf9cd1f29376ad1c8f87,2025-11-04 07:43:41+00:00,6019.398,Yes,2025-11-05 05:44:47+00:00,22.018333333333334,0.929,0.026000000000000023
0x0c4b64af62a0ac3dd477e9f80ec3eaa18e92f6db,BUY,33945469250963963541781051637999677727672635213493648594066577298999471399137,0xebddfcf7b4401dade8b4031770a1ab942b01854f3bed453d5df9425cd9f211a9,1662.12,0.902,1762242115,Will Zohran Mamdani win the 2025 NYC mayoral election?,will-zohran-mamdani-win-the-2025-nyc-mayoral-election,https://polymarket-upload.s3.us-east-2.amazonaws.com/will-zohran-mamdani-win-the-2025-nyc-mayoral-election-EscSJQTT6hWg.jpg,new-york-city-mayoral-election,Yes,0,UwO,Another-Pickaxe,,https://polymarket-upload.s3.us-east-2.amazonaws.com/profile-image-1580334-26329038-5ced-44e2-85fa-249ea3ed1264.png,,0x05ecc839c168a75e436814775f26fada0e1c416f1812f50615cf5bfc0774074e,2025-11-04 07:41:55+00:00,1499.23224,Yes,2025-11-05 05:44:47+00:00,22.047777777777778,0.929,0.027000000000000024
0x0e3226217752d7247c67b870b72b99ba3e20535b,BUY,33945469250963963541781051637999677727672635213493648594066577298999471399137,0xebddfcf7b4401dade8b4031770a1ab942b01854f3bed453d5df9425cd9f211a9,3500.0,0.9059888514,1762238257,Will Zohran Mamdani win the 2025 NYC mayoral election?,will-zohran-mamdani-win-the-2025-nyc-mayoral-election,https://polymarket-upload.s3.us-east-2.amazonaws.com/will-zohran-mamdani-win-the-2025-nyc-mayoral-election-EscSJQTT6hWg.jpg,new-york-city-mayoral-election,Yes,0,JPLP,Recent-Witchhunt,,,,0xe01c55eea2a35245e12d9cbc5ee3e638f918cb79921bb0b40a317a54f755a9c2,2025-11-04 06:37:37+00:00,3170.9609799,Yes,2025-11-05 05:44:47+00:00,23.119444444444444,0.929,0.023011148600000086
0x12d6cccfc7470a3f4bafc53599a4779cbf2cf2a8,BUY,33945469250963963541781051637999677727672635213493648594066577298999471399137,0xebddfcf7b4401dade8b4031770a1ab942b01854f3bed453d5df9425cd9f211a9,2291.5,0.892,1762236291,Will Zohran Mamdani win the 2025 NYC mayoral election?,will-zohran-mamdani-win-the-2025-nyc-mayoral-election,https://polymarket-upload.s3.us-east-2.amazonaws.com/will-zohran-mamdani-win-the-2025-nyc-mayoral-election-EscSJQTT6hWg.jpg,new-york-city-mayoral-election,Yes,0,classified,Personal-Bake,REDACTED,https://polymarket-upload.s3.us-east-2.amazonaws.com/profile-image-2637613-f573f7f0-53b7-4a8d-b884-fec7b37d1b7d.png,,0x9b8ada41ef1aac54bbfc7112aceeb7b7a00f7d2ae67af0376c0b41f5ac595599,2025-11-04 06:04:51+00:00,2044.018,Yes,2025-11-05 05:44:47+00:00,23.665555555555557,0.929,0.03700000000000003
0x12d6cccfc7470a3f4bafc53599a4779cbf2cf2a8,BUY,33945469250963963541781051637999677727672635213493648594066577298999471399137,0xebddfcf7b4401dade8b4031770a1ab942b01854f3bed453d5df9425cd9f211a9,8286.26,0.891,1762234483,Will Zohran Mamdani win the 2025 NYC mayoral election?,will-zohran-mamdani-win-the-2025-nyc-mayoral-election,https://polymarket-upload.s3.us-east-2.amazonaws.com/will-zohran-mamdani-win-the-2025-nyc-mayoral-election-EscSJQTT6hWg.jpg,new-york-city-mayoral-election,Yes,0,classified,Personal-Bake,REDACTED,https://polymarket-upload.s3.us-east-2.amazonaws.com/profile-image-2637613-f573f7f0-53b7-4a8d-b884-fec7b37d1b7d.png,,0x8d18522d32f7f1ae8eb600b78d32eccb3f5b0c9a7fe1308158bafe17c82c53d4,2025-11-04 05:34:43+00:00,7383.05766,Yes,2025-11-05 05:44:47+00:00,24.16777777777778,0.929,0.038000000000000034
0x12d6cccfc7470a3f4bafc53599a4779cbf2cf2a8,BUY,33945469250963963541781051637999677727672635213493648594066577298999471399137,0xebddfcf7b4401dade8b4031770a1ab942b01854f3bed453d5df9425cd9f211a9,6629.23,0.891,1762234381,Will Zohran Mamdani win the 2025 NYC mayoral election?,will-zohran-mamdani-win-the-2025-nyc-mayoral-election,https://polymarket-upload.s3.us-east-2.amazonaws.com/will-zohran-mamdani-win-the-2025-nyc-mayoral-election-EscSJQTT6hWg.jpg,new-york-city-mayoral-election,Yes,0,classified,Personal-Bake,REDACTED,https://polymarket-upload.s3.us-east-2.amazonaws.com/profile-image-2637613-f573f7f0-53b7-4a8d-b884-fec7b37d1b7d.png,,0x22b86f28ca1013b2524467b63fc0101bd6f79a71c6dbd0de93283dc953b8a0d5,2025-11-04 05:33:01+00:00,5906.643929999999,Yes,2025-11-05 05:44:47+00:00,24.19611111111111,0.929,0.038000000000000034
0x12d6cccfc7470a3f4bafc53599a4779cbf2cf2a8,BUY,33945469250963963541781051637999677727672635213493648594066577298999471399137,0xebddfcf7b4401dade8b4031770a1ab942b01854f3bed453d5df9425cd9f211a9,2328.39,0.891,1762234263,Will Zohran Mamdani win the 2025 NYC mayoral election?,will-zohran-mamdani-win-the-2025-nyc-mayoral-election,https://polymarket-upload.s3.us-east-2.amazonaws.com/will-zohran-mamdani-win-the-2025-nyc-mayoral-election-EscSJQTT6hWg.jpg,new-york-city-mayoral-election,Yes,0,classified,Personal-Bake,REDACTED,https://polymarket-upload.s3.us-east-2.amazonaws.com/profile-image-2637613-f573f7f0-53b7-4a8d-b884-fec7b37d1b7d.png,,0xa8d437332597900d483f089e7cdb43c01b33f83520a78fe637cf513abb40e18e,2025-11-04 05:31:03+00:00,2074.5954899999997,Yes,2025-11-05 05:44:47+00:00,24.22888888888889,0.929,0.038000000000000034
0xc02147dee42356b7a4edbb1c35ac4ffa95f61fa8,BUY,33945469250963963541781051637999677727672635213493648594066577298999471399137,0xebddfcf7b4401dade8b4031770a1ab942b01854f3bed453d5df9425cd9f211a9,1211.95,0.8878415776,1762232431,Will Zohran Mamdani win the 2025 NYC mayoral election?,will-zohran-mamdani-win-the-2025-nyc-mayoral-election,https://polymarket-upload.s3.us-east-2.amazonaws.com/will-zohran-mamdani-win-the-2025-nyc-mayoral-election-EscSJQTT6hWg.jpg,new-york-city-mayoral-election,Yes,0,Eatpraylove,,Made a Pro Trading Terminal,,,0x8eb3dd3b26400a76f44818570648a64d2fbd4d2d13413200c0b83e0f42c90d61,2025-11-04 05:00:31+00:00,1076.01959997232,Yes,2025-11-05 05:44:47+00:00,24.73777777777778,0.929,0.041158422400000005
0xdd225a03cd7ed89e3931906c67c75ab31cf89ef1,BUY,33945469250963963541781051637999677727672635213493648594066577298999471399137,0xebddfcf7b4401dade8b4031770a1ab942b01854f3bed453d5df9425cd9f211a9,1866.05,0.896,1762229333,Will Zohran Mamdani win the 2025 NYC mayoral election?,will-zohran-mamdani-win-the-2025-nyc-mayoral-election,https://polymarket-upload.s3.us-east-2.amazonaws.com/will-zohran-mamdani-win-the-2025-nyc-mayoral-election-EscSJQTT6hWg.jpg,new-york-city-mayoral-election,Yes,0,Euan,Roasted-Expression,Choose updating your profile,https://polymarket-upload.s3.us-east-2.amazonaws.com/profile-image-1327652-8b4890c6-20f2-4d3e-b152-ef07b96f3d4d.gif,,0x3906504ff16b9e5e49db3c1133c1b9bc8a1f20dc81dba691fab7163a24652cf9,2025-11-04 04:08:53+00:00,1671.9808,Yes,2025-11-05 05:44:47+00:00,25.598333333333333,0.921,0.025000000000000022
0x0c4b64af62a0ac3dd477e9f80ec3eaa18e92f6db,BUY,33945469250963963541781051637999677727672635213493648594066577298999471399137,0xebddfcf7b4401dade8b4031770a1ab942b01854f3bed453d5df9425cd9f211a9,33126.89,0.9112455018,1762223497,Will Zohran Mamdani win the 2025 NYC mayoral election?,will-zohran-mamdani-win-the-2025-nyc-mayoral-election,https://polymarket-upload.s3.us-east-2.amazonaws.com/will-zohran-mamdani-win-the-2025-nyc-mayoral-election-EscSJQTT6hWg.jpg,new-york-city-mayoral-election,Yes,0,UwO,Another-Pickaxe,,https://polymarket-upload.s3.us-east-2.amazonaws.com/profile-image-1580334-26329038-5ced-44e2-85fa-249ea3ed1264.png,,0x493670b926b4a86178212574bbb7db9c4c2a25c60818bc6449ec55f89fb17011,2025-11-04 02:31:37+00:00,30186.729501123402,Yes,2025-11-05 05:44:47+00:00,27.219444444444445,0.913,0.0017544982000000653
0xc6dd722558dbfbd8fa780efcbe819ed8c6604b9f,BUY,33945469250963963541781051637999677727672635213493648594066577298999471399137,0xebddfcf7b4401dade8b4031770a1ab942b01854f3bed453d5df9425cd9f211a9,3763.13,0.9099986713,1762223439,Will Zohran Mamdani win the 2025 NYC mayoral election?,will-zohran-mamdani-win-the-2025-nyc-mayoral-election,https://polymarket-upload.s3.us-east-2.amazonaws.com/will-zohran-mamdani-win-the-2025-nyc-mayoral-election-EscSJQTT6hWg.jpg,new-york-city-mayoral-election,Yes,0,tourists,Trusting-Bungalow,Do you wanna go to Bali or Borneo,https://polymarket-upload.s3.us-east-2.amazonaws.com/profile-image-2909538-0895d69a-234c-409a-b0f4-ca4253ab5cb6.jpg,,0x95772c34af648031947d6352b85c908b5feb0f802a8b84663be7bd40e4529f12,2025-11-04 02:30:39+00:00,3424.443299929169,Yes,2025-11-05 05:44:47+00:00,27.235555555555557,0.913,0.0030013287000000277
0xc6dd722558dbfbd8fa780efcbe819ed8c6604b9f,BUY,33945469250963963541781051637999677727672635213493648594066577298999471399137,0xebddfcf7b4401dade8b4031770a1ab942b01854f3bed453d5df9425cd9f211a9,15795.76,0.909,1762223425,Will Zohran Mamdani win the 2025 NYC mayoral election?,will-zohran-mamdani-win-the-2025-nyc-mayoral-election,https://polymarket-upload.s3.us-east-2.amazonaws.com/will-zohran-mamdani-win-the-2025-nyc-mayoral-election-EscSJQTT6hWg.jpg,new-york-city-mayoral-election,Yes,0,tourists,Trusting-Bungalow,Do you wanna go to Bali or Borneo,https://polymarket-upload.s3.us-east-2.amazonaws.com/profile-image-2909538-0895d69a-234c-409a-b0f4-ca4253ab5cb6.jpg,,0x5279472af8f418cb43057d730408b873df5314e46ea5de6068b4b1e8558c2b3d,2025-11-04 02:30:25+00:00,14358.34584,Yes,2025-11-05 05:44:47+00:00,27.239444444444445,0.913,0.0040000000000000036
0xc6dd722558dbfbd8fa780efcbe819ed8c6604b9f,BUY,33945469250963963541781051637999677727672635213493648594066577298999471399137,0xebddfcf7b4401dade8b4031770a1ab942b01854f3bed453d5df9425cd9f211a9,3061.09,0.915,1762205927,Will Zohran Mamdani win the 2025 NYC mayoral election?,will-zohran-mamdani-win-the-2025-nyc-mayoral-election,https://polymarket-upload.s3.us-east-2.amazonaws.com/will-zohran-mamdani-win-the-2025-nyc-mayoral-election-EscSJQTT6hWg.jpg,new-york-city-mayoral-election,Yes,0,tourists,Trusting-Bungalow,Do you wanna go to Bali or Borneo,https://polymarket-upload.s3.us-east-2.amazonaws.com/profile-image-2909538-0895d69a-234c-409a-b0f4-ca4253ab5cb6.jpg,,0xa8e7e1f09510006a3408d38c17a04db7d4cffb0ab17b3a732b1160a57e73ccf7,2025-11-03 21:38:47+00:00,2800.89735,Yes,2025-11-05 05:44:47+00:00,32.1,0.92,0.0050000000000000044
0xc6dd722558dbfbd8fa780efcbe819ed8c6604b9f,BUY,33945469250963963541781051637999677727672635213493648594066577298999471399137,0xebddfcf7b4401dade8b4031770a1ab942b01854f3bed453d5df9425cd9f211a9,7601.24,0.916,1762205825,Will Zohran Mamdani win the 2025 NYC mayoral election?,will-zohran-mamdani-win-the-2025-nyc-mayoral-election,https://polymarket-upload.s3.us-east-2.amazonaws.com/will-zohran-mamdani-win-the-2025-nyc-mayoral-election-EscSJQTT6hWg.jpg,new-york-city-mayoral-election,Yes,0,tourists,Trusting-Bungalow,Do you wanna go to Bali or Borneo,https://polymarket-upload.s3.us-east-2.amazonaws.com/profile-image-2909538-0895d69a-234c-409a-b0f4-ca4253ab5cb6.jpg,,0x15d66328cd0f0c5148239ec5b3f8c7fc5d5e020f31102dd14d43ace006b25965,2025-11-03 21:37:05+00:00,6962.73584,Yes,2025-11-05 05:44:47+00:00,32.12833333333333,0.92,0.0040000000000000036
0xc6dd722558dbfbd8fa780efcbe819ed8c6604b9f,BUY,33945469250963963541781051637999677727672635213493648594066577298999471399137,0xebddfcf7b4401dade8b4031770a1ab942b01854f3bed453d5df9425cd9f211a9,22611.9,0.919,1762205407,Will Zohran Mamdani win the 2025 NYC mayoral election?,will-zohran-mamdani-win-the-2025-nyc-mayoral-election,https://polymarket-upload.s3.us-east-2.amazonaws.com/will-zohran-mamdani-win-the-2025-nyc-mayoral-election-EscSJQTT6hWg.jpg,new-york-city-mayoral-election,Yes,0,tourists,Trusting-Bungalow,Do you wanna go to Bali or Borneo,https://polymarket-upload.s3.us-east-2.amazonaws.com/profile-image-2909538-0895d69a-234c-409a-b0f4-ca4253ab5cb6.jpg,,0x57f43013ac1a7b753ec5cb70006ecb61381dfab33dcac5dccfa792bf4f22a7e5,2025-11-03 21:30:07+00:00,20780.3361,Yes,2025-11-05 05:44:47+00:00,32.24444444444445,0.92,0.0010000000000000009
0xc6dd722558dbfbd8fa780efcbe819ed8c6604b9f,BUY,33945469250963963541781051637999677727672635213493648594066577298999471399137,0xebddfcf7b4401dade8b4031770a1ab942b01854f3bed453d5df9425cd9f211a9,2007.78,0.913,1762205323,Will Zohran Mamdani win the 2025 NYC mayoral election?,will-zohran-mamdani-win-the-2025-nyc-mayoral-election,https://polymarket-upload.s3.us-east-2.amazonaws.com/will-zohran-mamdani-win-the-2025-nyc-mayoral-election-EscSJQTT6hWg.jpg,new-york-city-mayoral-election,Yes,0,tourists,Trusting-Bungalow,Do you wanna go to Bali or Borneo,https://polymarket-upload.s3.us-east-2.amazonaws.com/profile-image-2909538-0895d69a-234c-409a-b0f4-ca4253ab5cb6.jpg,,0x4c3a5002a08ad4166ef0beaef7f7f40509f73964fc8d2f4241f59e2d41625ecf,2025-11-03 21:28:43+00:00,1833.10314,Yes,2025-11-05 05:44:47+00:00,32.26777777777778,0.92,0.007000000000000006
0x7c3db723f1d4d8cb9c550095203b686cb11e5c6b,BUY,33945469250963963541781051637999677727672635213493648594066577298999471399137,0xebddfcf7b4401dade8b4031770a1ab942b01854f3bed453d5df9425cd9f211a9,5000.0,0.905,1762204729,Will Zohran Mamdani win the 2025 NYC mayoral election?,will-zohran-mamdani-win-the-2025-nyc-mayoral-election,https://polymarket-upload.s3.us-east-2.amazonaws.com/will-zohran-mamdani-win-the-2025-nyc-mayoral-election-EscSJQTT6hWg.jpg,new-york-city-mayoral-election,Yes,0,Car,Peppery-Capital,what is your plan,https://polymarket-upload.s3.us-east-2.amazonaws.com/profile-image-501613-aa434e55-7732-41b1-9650-83a9d1d716ef.png,,0x809724d312ad026e0ab76d8a084f7f44880c4571943611df7c2d7581293325ab,2025-11-03 21:18:49+00:00,4525.0,Yes,2025-11-05 05:44:47+00:00,32.43277777777778,0.92,0.015000000000000013
0x241f846866c2de4fb67cdb0ca6b963d85e56ef50,BUY,33945469250963963541781051637999677727672635213493648594066577298999471399137,0xebddfcf7b4401dade8b4031770a1ab942b01854f3bed453d5df9425cd9f211a9,23817.91437,0.911,1762204199,Will Zohran Mamdani win the 2025 NYC mayoral election?,will-zohran-mamdani-win-the-2025-nyc-mayoral-election,https://polymarket-upload.s3.us-east-2.amazonaws.com/will-zohran-mamdani-win-the-2025-nyc-mayoral-election-EscSJQTT6hWg.jpg,new-york-city-mayoral-election,Yes,0,Pestle,Excitable-Saviour,,https://polymarket-upload.s3.us-east-2.amazonaws.com/profile-image-1793305-ecb4f75a-82a9-4acd-9054-9921831874b4.png,,0x9602f6a0b9c11fce9ee286ed5dda698d528db2a84b89006ebc198d0b0ea3d2d0,2025-11-03 21:09:59+00:00,21698.119991069998,Yes,2025-11-05 05:44:47+00:00,32.58,0.92,0.009000000000000008
0x72a22d4d155079da8f50c89d4c6c03b6428e7b65,BUY,33945469250963963541781051637999677727672635213493648594066577298999471399137,0xebddfcf7b4401dade8b4031770a1ab942b01854f3bed453d5df9425cd9f211a9,5936.82,0.9139334661,1762202441,Will Zohran Mamdani win the 2025 NYC mayoral election?,will-zohran-mamdani-win-the-2025-nyc-mayoral-election,https://polymarket-upload.s3.us-east-2.amazonaws.com/will-zohran-mamdani-win-the-2025-nyc-mayoral-election-EscSJQTT6hWg.jpg,new-york-city-mayoral-election,Yes,0,wish-,Gullible-Grassland,,https://polymarket-upload.s3.us-east-2.amazonaws.com/profile-image-102345-25be9763-cacc-4996-921e-c5ed5ede3918.webp,,0x664aba10569eb1826661a2929ede10129d66fb7783107b7d27a6f3e9992348c9,2025-11-03 20:40:41+00:00,5425.858480211802,Yes,2025-11-05 05:44:47+00:00,33.068333333333335,0.92,0.006066533900000004
0x000d257d2dc7616feaef4ae0f14600fdf50a758e,BUY,33945469250963963541781051637999677727672635213493648594066577298999471399137,0xebddfcf7b4401dade8b4031770a1ab942b01854f3bed453d5df9425cd9f211a9,5000.0,0.912,1762202341,Will Zohran Mamdani win the 2025 NYC mayoral election?,will-zohran-mamdani-win-the-2025-nyc-mayoral-election,https://polymarket-upload.s3.us-east-2.amazonaws.com/will-zohran-mamdani-win-the-2025-nyc-mayoral-election-EscSJQTT6hWg.jpg,new-york-city-mayoral-election,Yes,0,scottilicious,Powerful-Election,,https://polymarket-upload.s3.us-east-2.amazonaws.com/profile-image-583-178de096-51b5-46b0-b1bf-83d0b80ad3d4.jpg,,0x8a273bbf1871de0cd65ad5e09c188a29402225f664563ce5d8b32747b677dfa3,2025-11-03 20:39:01+00:00,4560.0,Yes,2025-11-05 05:44:47+00:00,33.096111111111114,0.92,0.008000000000000007
0x000d257d2dc7616feaef4ae0f14600fdf50a758e,BUY,33945469250963963541781051637999677727672635213493648594066577298999471399137,0xebddfcf7b4401dade8b4031770a1ab942b01854f3bed453d5df9425cd9f211a9,5000.0,0.91384,1762202329,Will Zohran Mamdani win the 2025 NYC mayoral election?,will-zohran-mamdani-win-the-2025-nyc-mayoral-election,https://polymarket-upload.s3.us-east-2.amazonaws.com/will-zohran-mamdani-win-the-2025-nyc-mayoral-election-EscSJQTT6hWg.jpg,new-york-city-mayoral-election,Yes,0,scottilicious,Powerful-Election,,https://polymarket-upload.s3.us-east-2.amazonaws.com/profile-image-583-178de096-51b5-46b0-b1bf-83d0b80ad3d4.jpg,,0xb756490afb9fe92c1e76ddbad6dc028bde302c8b7cf07c38cc07d5906e6a081c,2025-11-03 20:38:49+00:00,4569.2,Yes,2025-11-05 05:44:47+00:00,33.099444444444444,0.92,0.006160000000000054
0xc6dd722558dbfbd8fa780efcbe819ed8c6604b9f,BUY,33945469250963963541781051637999677727672635213493648594066577298999471399137,0xebddfcf7b4401dade8b4031770a1ab942b01854f3bed453d5df9425cd9f211a9,3113.91,0.923,1762200857,Will Zohran Mamdani win the 2025 NYC mayoral election?,will-zohran-mamdani-win-the-2025-nyc-mayoral-election,https://polymarket-upload.s3.us-east-2.amazonaws.com/will-zohran-mamdani-win-the-2025-nyc-mayoral-election-EscSJQTT6hWg.jpg,new-york-city-mayoral-election,Yes,0,tourists,Trusting-Bungalow,Do you wanna go to Bali or Borneo,https://polymarket-upload.s3.us-east-2.amazonaws.com/profile-image-2909538-0895d69a-234c-409a-b0f4-ca4253ab5cb6.jpg,,0x80ff0ee783da4515c2b47937403a4c626de55bf300df3c1cf6ff10a519e23902,2025-11-03 20:14:17+00:00,2874.13893,Yes,2025-11-05 05:44:47+00:00,33.50833333333333,0.9240000003,0.0010000002999999147
0xc6dd722558dbfbd8fa780efcbe819ed8c6604b9f,BUY,33945469250963963541781051637999677727672635213493648594066577298999471399137,0xebddfcf7b4401dade8b4031770a1ab942b01854f3bed453d5df9425cd9f211a9,9971.07,0.921,1762200841,Will Zohran Mamdani win the 2025 NYC mayoral election?,will-zohran-mamdani-win-the-2025-nyc-mayoral-election,https://polymarket-upload.s3.us-east-2.amazonaws.com/will-zohran-mamdani-win-the-2025-nyc-mayoral-election-EscSJQTT6hWg.jpg,new-york-city-mayoral-election,Yes,0,tourists,Trusting-Bungalow,Do you wanna go to Bali or Borneo,https://polymarket-upload.s3.us-east-2.amazonaws.com/profile-image-2909538-0895d69a-234c-409a-b0f4-ca4253ab5cb6.jpg,,0x04e8fbc195a4a4a2acbf98f89d6561249c4ce755a5de19b04ef45a65d76263ce,2025-11-03 20:14:01+00:00,9183.35547,Yes,2025-11-05 05:44:47+00:00,33.51277777777778,0.9240000003,0.0030000002999999165
0xc6dd722558dbfbd8fa780efcbe819ed8c6604b9f,BUY,33945469250963963541781051637999677727672635213493648594066577298999471399137,0xebddfcf7b4401dade8b4031770a1ab942b01854f3bed453d5df9425cd9f211a9,7272.57,0.918,1762200787,Will Zohran Mamdani win the 2025 NYC mayoral election?,will-zohran-mamdani-win-the-2025-nyc-mayoral-election,https://polymarket-upload.s3.us-east-2.amazonaws.com/will-zohran-mamdani-win-the-2025-nyc-mayoral-election-EscSJQTT6hWg.jpg,new-york-city-mayoral-election,Yes,0,tourists,Trusting-Bungalow,Do you wanna go to Bali or Borneo,https://polymarket-upload.s3.us-east-2.amazonaws.com/profile-image-2909538-0895d69a-234c-409a-b0f4-ca4253ab5cb6.jpg,,0xfff3b97a1f0d989f32e480741774f965ae380853835f686f0b13e6418f996040,2025-11-03 20:13:07+00:00,6676.21926,Yes,2025-11-05 05:44:47+00:00,33.52777777777778,0.9240000003,0.006000000299999919
0xc6dd722558dbfbd8fa780efcbe819ed8c6604b9f,BUY,33945469250963963541781051637999677727672635213493648594066577298999471399137,0xebddfcf7b4401dade8b4031770a1ab942b01854f3bed453d5df9425cd9f211a9,2000.0,0.918,1762200781,Will Zohran Mamdani win the 2025 NYC mayoral election?,will-zohran-mamdani-win-the-2025-nyc-mayoral-election,https://polymarket-upload.s3.us-east-2.amazonaws.com/will-zohran-mamdani-win-the-2025-nyc-mayoral-election-EscSJQTT6hWg.jpg,new-york-city-mayoral-election,Yes,0,tourists,Trusting-Bungalow,Do you wanna go to Bali or Borneo,https://polymarket-upload.s3.us-east-2.amazonaws.com/profile-image-2909538-0895d69a-234c-409a-b0f4-ca4253ab5cb6.jpg,,0x5f1484b190e104b0a6d2aa2ba0ec74b9e0f3cb3dd5e40439e76c47bd4ad2fad3,2025-11-03 20:13:01+00:00,1836.0,Yes,2025-11-05 05:44:47+00:00,33.529444444444444,0.9240000003,0.006000000299999919
0xbacd00c9080a82ded56f504ee8810af732b0ab35,BUY,33945469250963963541781051637999677727672635213493648594066577298999471399137,0xebddfcf7b4401dade8b4031770a1ab942b01854f3bed453d5df9425cd9f211a9,7523.09,0.916,1762200119,Will Zohran Mamdani win the 2025 NYC mayoral election?,will-zohran-mamdani-win-the-2025-nyc-mayoral-election,https://polymarket-upload.s3.us-east-2.amazonaws.com/will-zohran-mamdani-win-the-2025-nyc-mayoral-election-EscSJQTT6hWg.jpg,new-york-city-mayoral-election,Yes,0,ScottyNooo,Dearest-Agenda,,https://polymarket-upload.s3.us-east-2.amazonaws.com/profile-image-2861114-c1c15cef-e455-4932-9b26-66ad799b1a4a.webp,,0x79a629aa2ad3da9d69a320f49b884f6adacfff3907d058baad496a49170b0c5b,2025-11-03 20:01:59+00:00,6891.15044,Yes,2025-11-05 05:44:47+00:00,33.71333333333333,0.9240000003,0.008000000299999921
0x000d257d2dc7616feaef4ae0f14600fdf50a758e,BUY,33945469250963963541781051637999677727672635213493648594066577298999471399137,0xebddfcf7b4401dade8b4031770a1ab942b01854f3bed453d5df9425cd9f211a9,10000.0,0.919,1762197487,Will Zohran Mamdani win the 2025 NYC mayoral election?,will-zohran-mamdani-win-the-2025-nyc-mayoral-election,https://polymarket-upload.s3.us-east-2.amazonaws.com/will-zohran-mamdani-win-the-2025-nyc-mayoral-election-EscSJQTT6hWg.jpg,new-york-city-mayoral-election,Yes,0,scottilicious,Powerful-Election,,https://polymarket-upload.s3.us-east-2.amazonaws.com/profile-image-583-178de096-51b5-46b0-b1bf-83d0b80ad3d4.jpg,,0x2cc1aff6e486cee037ddbd40a31186bd3c331ab6abdf0d6b68f305f860c7bf81,2025-11-03 19:18:07+00:00,9190.0,Yes,2025-11-05 05:44:47+00:00,34.44444444444444,0.9240000003,0.005000000299999918
0xc4d1a863e9cc45d02ba22d3a1ae9ba7822018ce8,BUY,33945469250963963541781051637999677727672635213493648594066577298999471399137,0xebddfcf7b4401dade8b4031770a1ab942b01854f3bed453d5df9425cd9f211a9,39246.29,0.917,1762196697,Will Zohran Mamdani win the 2025 NYC mayoral election?,will-zohran-mamdani-win-the-2025-nyc-mayoral-election,https://polymarket-upload.s3.us-east-2.amazonaws.com/will-zohran-mamdani-win-the-2025-nyc-mayoral-election-EscSJQTT6hWg.jpg,new-york-city-mayoral-election,Yes,0,rdba,Unaware-Birdhouse,,,,0x07fbab1748ae86fad407293b8ac7e964d8b2d73fcdd3ad42690024bac1569bc8,2025-11-03 19:04:57+00:00,35988.84793,Yes,2025-11-05 05:44:47+00:00,34.66388888888889,0.924998436,0.007998435999999942
0xc6dd722558dbfbd8fa780efcbe819ed8c6604b9f,BUY,33945469250963963541781051637999677727672635213493648594066577298999471399137,0xebddfcf7b4401dade8b4031770a1ab942b01854f3bed453d5df9425cd9f211a9,2868.75,0.9329982571,1762194695,Will Zohran Mamdani win the 2025 NYC mayoral election?,will-zohran-mamdani-win-the-2025-nyc-mayoral-election,https://polymarket-upload.s3.us-east-2.amazonaws.com/will-zohran-mamdani-win-the-2025-nyc-mayoral-election-EscSJQTT6hWg.jpg,new-york-city-mayoral-election,Yes,0,tourists,Trusting-Bungalow,Do you wanna go to Bali or Borneo,https://polymarket-upload.s3.us-east-2.amazonaws.com/profile-image-2909538-0895d69a-234c-409a-b0f4-ca4253ab5cb6.jpg,,0x01105101e7d19293f4acd1d403c0832ff8f9fe968cb51584721006a018a65e0d,2025-11-03 18:31:35+00:00,2676.538750055625,Yes,2025-11-05 05:44:47+00:00,35.22,0.933,1.742900000101244e-06
0xc6dd722558dbfbd8fa780efcbe819ed8c6604b9f,BUY,33945469250963963541781051637999677727672635213493648594066577298999471399137,0xebddfcf7b4401dade8b4031770a1ab942b01854f3bed453d5df9425cd9f211a9,2383.86,0.932,1762194691,Will Zohran Mamdani win the 2025 NYC mayoral election?,will-zohran-mamdani-win-the-2025-nyc-mayoral-election,https://polymarket-upload.s3.us-east-2.amazonaws.com/will-zohran-mamdani-win-the-2025-nyc-mayoral-election-EscSJQTT6hWg.jpg,new-york-city-mayoral-election,Yes,0,tourists,Trusting-Bungalow,Do you wanna go to Bali or Borneo,https://polymarket-upload.s3.us-east-2.amazonaws.com/profile-image-2909538-0895d69a-234c-409a-b0f4-ca4253ab5cb6.jpg,,0xc3c158153843df47ea9af09d9b794bc2c873b1fbff053b1a7aeb6db9436ab75d,2025-11-03 18:31:31+00:00,2221.75752,Yes,2025-11-05 05:44:47+00:00,35.221111111111114,0.933,0.0010000000000000009
0x72a22d4d155079da8f50c89d4c6c03b6428e7b65,BUY,33945469250963963541781051637999677727672635213493648594066577298999471399137,0xebddfcf7b4401dade8b4031770a1ab942b01854f3bed453d5df9425cd9f211a9,2645.5,0.944990928,1762192479,Will Zohran Mamdani win the 2025 NYC mayoral election?,will-zohran-mamdani-win-the-2025-nyc-mayoral-election,https://polymarket-upload.s3.us-east-2.amazonaws.com/will-zohran-mamdani-win-the-2025-nyc-mayoral-election-EscSJQTT6hWg.jpg,new-york-city-mayoral-election,Yes,0,wish-,Gullible-Grassland,,https://polymarket-upload.s3.us-east-2.amazonaws.com/profile-image-102345-25be9763-cacc-4996-921e-c5ed5ede3918.webp,,0xf2911b281a9e4f8807e55ee1666607c0250fb1b87374ef8245e4ba30e6f288e2,2025-11-03 17:54:39+00:00,2499.973500024,Yes,2025-11-05 05:44:47+00:00,35.83555555555556,0.945,9.071999999998859e-06
0x088ffbbc6f2c0b3839d2832e75f37e1bcecbc9e7,BUY,33945469250963963541781051637999677727672635213493648594066577298999471399137,0xebddfcf7b4401dade8b4031770a1ab942b01854f3bed453d5df9425cd9f211a9,3472.0,0.945,1762185479,Will Zohran Mamdani win the 2025 NYC mayoral election?,will-zohran-mamdani-win-the-2025-nyc-mayoral-election,https://polymarket-upload.s3.us-east-2.amazonaws.com/will-zohran-mamdani-win-the-2025-nyc-mayoral-election-EscSJQTT6hWg.jpg,new-york-city-mayoral-election,Yes,0,MisTKy3,Supportive-Moai,1974,https://polymarket-upload.s3.us-east-2.amazonaws.com/7f0b77c87a75c15f6c32a1a145909e43_3a107f18-42d8-477d-9572-cee5296011a8_1741675058855.jpg,,0x2b8656bfedefdc467cb75b9b26e1ed52d9e074ee728783ba4012e77af894ef83,2025-11-03 15:57:59+00:00,3281.04,Yes,2025-11-05 05:44:47+00:00,37.78,0.947,0.0020000000000000018
0x088ffbbc6f2c0b3839d2832e75f37e1bcecbc9e7,BUY,33945469250963963541781051637999677727672635213493648594066577298999471399137,0xebddfcf7b4401dade8b4031770a1ab942b01854f3bed453d5df9425cd9f211a9,8813.25,0.943,1762183231,Will Zohran Mamdani win the 2025 NYC mayoral election?,will-zohran-mamdani-win-the-2025-nyc-mayoral-election,https://polymarket-upload.s3.us-east-2.amazonaws.com/will-zohran-mamdani-win-the-2025-nyc-mayoral-election-EscSJQTT6hWg.jpg,new-york-city-mayoral-election,Yes,0,MisTKy3,Supportive-Moai,1974,https://polymarket-upload.s3.us-east-2.amazonaws.com/7f0b77c87a75c15f6c32a1a145909e43_3a107f18-42d8-477d-9572-cee5296011a8_1741675058855.jpg,,0xfaa99b56a6874836b0ae93bad34992509ce35d489d9a3b27e375d9b75db57034,2025-11-03 15:20:31+00:00,8310.89475,Yes,2025-11-05 05:44:47+00:00,38.404444444444444,0.947,0.0040000000000000036
0x85d575c99b977e9e39543747c859c83b727aaece,BUY,33945469250963963541781051637999677727672635213493648594066577298999471399137,0xebddfcf7b4401dade8b4031770a1ab942b01854f3bed453d5df9425cd9f211a9,7265.0,0.95,1762176579,Will Zohran Mamdani win the 2025 NYC mayoral election?,will-zohran-mamdani-win-the-2025-nyc-mayoral-election,https://polymarket-upload.s3.us-east-2.amazonaws.com/will-zohran-mamdani-win-the-2025-nyc-mayoral-election-EscSJQTT6hWg.jpg,new-york-city-mayoral-election,Yes,0,warlasfutpro,Slight-Moth,,,,0xcbc907d1031a8d08cf86899c256e1d7a336546417e2545c13e6d7915889f36d5,2025-11-03 13:29:39+00:00,6901.75,Yes,2025-11-05 05:44:47+00:00,40.25222222222222,0.95,0.0
0x85d575c99b977e9e39543747c859c83b727aaece,BUY,33945469250963963541781051637999677727672635213493648594066577298999471399137,0xebddfcf7b4401dade8b4031770a1ab942b01854f3bed453d5df9425cd9f211a9,62280.36,0.949,1762176531,Will Zohran Mamdani win the 2025 NYC mayoral election?,will-zohran-mamdani-win-the-2025-nyc-mayoral-election,https://polymarket-upload.s3.us-east-2.amazonaws.com/will-zohran-mamdani-win-the-2025-nyc-mayoral-election-EscSJQTT6hWg.jpg,new-york-city-mayoral-election,Yes,0,warlasfutpro,Slight-Moth,,,,0x09b72ae2d76b6335812e6156b42063ac3242cecf410088dcad0c7da74369bdce,2025-11-03 13:28:51+00:00,59104.06164,Yes,2025-11-05 05:44:47+00:00,40.26555555555556,0.95,0.0010000000000000009
0x088ffbbc6f2c0b3839d2832e75f37e1bcecbc9e7,BUY,33945469250963963541781051637999677727672635213493648594066577298999471399137,0xebddfcf7b4401dade8b4031770a1ab942b01854f3bed453d5df9425cd9f211a9,32759.82,0.949,1762169727,Will Zohran Mamdani win the 2025 NYC mayoral election?,will-zohran-mamdani-win-the-2025-nyc-mayoral-election,https://polymarket-upload.s3.us-east-2.amazonaws.com/will-zohran-mamdani-win-the-2025-nyc-mayoral-election-EscSJQTT6hWg.jpg,new-york-city-mayoral-election,Yes,0,MisTKy3,Supportive-Moai,1974,https://polymarket-upload.s3.us-east-2.amazonaws.com/7f0b77c87a75c15f6c32a1a145909e43_3a107f18-42d8-477d-9572-cee5296011a8_1741675058855.jpg,,0xde9b8b19edb31dc171b1b25c0be98287b4831318391041a4e277e02305e7b986,2025-11-03 11:35:27+00:00,31089.06918,Yes,2025-11-05 05:44:47+00:00,42.15555555555556,0.95,0.0010000000000000009
0x088ffbbc6f2c0b3839d2832e75f37e1bcecbc9e7,BUY,33945469250963963541781051637999677727672635213493648594066577298999471399137,0xebddfcf7b4401dade8b4031770a1ab942b01854f3bed453d5df9425cd9f211a9,24561.34,0.948,1762169593,Will Zohran Mamdani win the 2025 NYC mayoral election?,will-zohran-mamdani-win-the-2025-nyc-mayoral-election,https://polymarket-upload.s3.us-east-2.amazonaws.com/will-zohran-mamdani-win-the-2025-nyc-mayoral-election-EscSJQTT6hWg.jpg,new-york-city-mayoral-election,Yes,0,MisTKy3,Supportive-Moai,1974,https://polymarket-upload.s3.us-east-2.amazonaws.com/7f0b77c87a75c15f6c32a1a145909e43_3a107f18-42d8-477d-9572-cee5296011a8_1741675058855.jpg,,0x9e45c429302514458e825efe5064be9732d6351e366ad3dfd3de66209c23fe0d,2025-11-03 11:33:13+00:00,23284.15032,Yes,2025-11-05 05:44:47+00:00,42.19277777777778,0.95,0.0020000000000000018
0x448861155279dbf833d041b963e3ac854599e319,BUY,33945469250963963541781051637999677727672635213493648594066577298999471399137,0xebddfcf7b4401dade8b4031770a1ab942b01854f3bed453d5df9425cd9f211a9,20000.0,0.948,1762169551,Will Zohran Mamdani win the 2025 NYC mayoral election?,will-zohran-mamdani-win-the-2025-nyc-mayoral-election,https://polymarket-upload.s3.us-east-2.amazonaws.com/will-zohran-mamdani-win-the-2025-nyc-mayoral-election-EscSJQTT6hWg.jpg,new-york-city-mayoral-election,Yes,0,Flipadelphia,,High risk low reward,https://polymarket-upload.s3.us-east-2.amazonaws.com/profile-image-108046-a7cbec59-4bd4-4efc-8ade-4e81e102acb0.png,,0x0de7a5bc30d2c43e3031f0c9981895d1dc7af896fea77220b45a04323a934d30,2025-11-03 11:32:31+00:00,18960.0,Yes,2025-11-05 05:44:47+00:00,42.20444444444445,0.95,0.0020000000000000018
0xe25b9180f5687aa85bd94ee309bb72a464320f1b,BUY,33945469250963963541781051637999677727672635213493648594066577298999471399137,0xebddfcf7b4401dade8b4031770a1ab942b01854f3bed453d5df9425cd9f211a9,69686.58,0.943,1762165321,Will Zohran Mamdani win the 2025 NYC mayoral election?,will-zohran-mamdani-win-the-2025-nyc-mayoral-election,https://polymarket-upload.s3.us-east-2.amazonaws.com/will-zohran-mamdani-win-the-2025-nyc-mayoral-election-EscSJQTT6hWg.jpg,new-york-city-mayoral-election,Yes,0,WordleAddict,Soft-Statute,,https://polymarket-upload.s3.us-east-2.amazonaws.com/profile-image-138318-2245c346-19b7-4582-a0e7-2b58eb0578e1.webp,,0x25c4cff5bd4d4f01fc827fcc4626a94d0ed5c11ca2731ec4845567929973099b,2025-11-03 10:22:01+00:00,65714.44494,Yes,2025-11-05 05:44:47+00:00,43.379444444444445,0.95,0.007000000000000006
0x000d257d2dc7616feaef4ae0f14600fdf50a758e,BUY,33945469250963963541781051637999677727672635213493648594066577298999471399137,0xebddfcf7b4401dade8b4031770a1ab942b01854f3bed453d5df9425cd9f211a9,11000.0,0.942,1762154919,Will Zohran Mamdani win the 2025 NYC mayoral election?,will-zohran-mamdani-win-the-2025-nyc-mayoral-election,https://polymarket-upload.s3.us-east-2.amazonaws.com/will-zohran-mamdani-win-the-2025-nyc-mayoral-election-EscSJQTT6hWg.jpg,new-york-city-mayoral-election,Yes,0,scottilicious,Powerful-Election,,https://polymarket-upload.s3.us-east-2.amazonaws.com/profile-image-583-178de096-51b5-46b0-b1bf-83d0b80ad3d4.jpg,,0x749307f095c2ba0b2a632856e0c03e7ac7f6790c3e17d5005fedd57e30922039,2025-11-03 07:28:39+00:00,10362.0,Yes,2025-11-05 05:44:47+00:00,46.26888888888889,0.95,0.008000000000000007
0xc6dd722558dbfbd8fa780efcbe819ed8c6604b9f,BUY,33945469250963963541781051637999677727672635213493648594066577298999471399137,0xebddfcf7b4401dade8b4031770a1ab942b01854f3bed453d5df9425cd9f211a9,4493.95,0.935,1762135657,Will Zohran Mamdani win the 2025 NYC mayoral election?,will-zohran-mamdani-win-the-2025-nyc-mayoral-election,https://polymarket-upload.s3.us-east-2.amazonaws.com/will-zohran-mamdani-win-the-2025-nyc-mayoral-election-EscSJQTT6hWg.jpg,new-york-city-mayoral-election,Yes,0,tourists,Trusting-Bungalow,Do you wanna go to Bali or Borneo,https://polymarket-upload.s3.us-east-2.amazonaws.com/profile-image-2909538-0895d69a-234c-409a-b0f4-ca4253ab5cb6.jpg,,0x7877247550d3b7b5ef043a765d1dd878798f0cb3a5262c50855c778e552bdfe4,2025-11-03 02:07:37+00:00,4201.84325,Yes,2025-11-05 05:44:47+00:00,51.61944444444445,0.9420000002,0.007000000199999912
0x24c8cf69a0e0a17eee21f69d29752bfa32e823e1,BUY,33945469250963963541781051637999677727672635213493648594066577298999471399137,0xebddfcf7b4401dade8b4031770a1ab942b01854f3bed453d5df9425cd9f211a9,1136.34,0.932,1762134595,Will Zohran Mamdani win the 2025 NYC mayoral election?,will-zohran-mamdani-win-the-2025-nyc-mayoral-election,https://polymarket-upload.s3.us-east-2.amazonaws.com/will-zohran-mamdani-win-the-2025-nyc-mayoral-election-EscSJQTT6hWg.jpg,new-york-city-mayoral-election,Yes,0,debased,Broken-Dogwood,"no crazy war, yes peace",https://polymarket-upload.s3.us-east-2.amazonaws.com/trump_farmer_b64c6dcd-13e2-4dda-b1c2-0fb46389fb22_1743074825403.png,,0xecaeee916d7082b074b6bc251d14e4844a1d65c969049e78c0abc8664ddfae7b,2025-11-03 01:49:55+00:00,1059.06888,Yes,2025-11-05 05:44:47+00:00,51.91444444444444,0.9420000002,0.010000000199999914
0x088ffbbc6f2c0b3839d2832e75f37e1bcecbc9e7,BUY,33945469250963963541781051637999677727672635213493648594066577298999471399137,0xebddfcf7b4401dade8b4031770a1ab942b01854f3bed453d5df9425cd9f211a9,8158.03,0.935,1762114199,Will Zohran Mamdani win the 2025 NYC mayoral election?,will-zohran-mamdani-win-the-2025-nyc-mayoral-election,https://polymarket-upload.s3.us-east-2.amazonaws.com/will-zohran-mamdani-win-the-2025-nyc-mayoral-election-EscSJQTT6hWg.jpg,new-york-city-mayoral-election,Yes,0,MisTKy3,Supportive-Moai,1974,https://polymarket-upload.s3.us-east-2.amazonaws.com/7f0b77c87a75c15f6c32a1a145909e43_3a107f18-42d8-477d-9572-cee5296011a8_1741675058855.jpg,,0x4950613d66f2e5fbbe9ed81e70e75a42db4d8b5537592df66ad0453f85466649,2025-11-02 20:09:59+00:00,7627.75805,Yes,2025-11-05 05:44:47+00:00,57.58,0.939,0.0039999999999998925
0x088ffbbc6f2c0b3839d2832e75f37e1bcecbc9e7,BUY,33945469250963963541781051637999677727672635213493648594066577298999471399137,0xebddfcf7b4401dade8b4031770a1ab942b01854f3bed453d5df9425cd9f211a9,10016.25,0.934,1762111587,Will Zohran Mamdani win the 2025 NYC mayoral election?,will-zohran-mamdani-win-the-2025-nyc-mayoral-election,https://polymarket-upload.s3.us-east-2.amazonaws.com/will-zohran-mamdani-win-the-2025-nyc-mayoral-election-EscSJQTT6hWg.jpg,new-york-city-mayoral-election,Yes,0,MisTKy3,Supportive-Moai,1974,https://polymarket-upload.s3.us-east-2.amazonaws.com/7f0b77c87a75c15f6c32a1a145909e43_3a107f18-42d8-477d-9572-cee5296011a8_1741675058855.jpg,,0x791776666f5901c765f6900b9f3022223bf0ce4b413fb551b7690bb85fb96519,2025-11-02 19:26:27+00:00,9355.1775,Yes,2025-11-05 05:44:47+00:00,58.30555555555556,0.939,0.004999999999999893
0x12d6cccfc7470a3f4bafc53599a4779cbf2cf2a8,BUY,33945469250963963541781051637999677727672635213493648594066577298999471399137,0xebddfcf7b4401dade8b4031770a1ab942b01854f3bed453d5df9425cd9f211a9,4403.52,0.94,1762066969,Will Zohran Mamdani win the 2025 NYC mayoral election?,will-zohran-mamdani-win-the-2025-nyc-mayoral-election,https://polymarket-upload.s3.us-east-2.amazonaws.com/will-zohran-mamdani-win-the-2025-nyc-mayoral-election-EscSJQTT6hWg.jpg,new-york-city-mayoral-election,Yes,0,classified,Personal-Bake,REDACTED,https://polymarket-upload.s3.us-east-2.amazonaws.com/profile-image-2637613-f573f7f0-53b7-4a8d-b884-fec7b37d1b7d.png,,0xfec08760d65057327824dff61293f9ba682f3395d74a19c264d6a3c24013d814,2025-11-02 07:02:49+00:00,4139.3088,Yes,2025-11-05 05:44:47+00:00,70.69944444444444,0.9440000038,0.004000003800000096
0xe25b9180f5687aa85bd94ee309bb72a464320f1b,BUY,33945469250963963541781051637999677727672635213493648594066577298999471399137,0xebddfcf7b4401dade8b4031770a1ab942b01854f3bed453d5df9425cd9f211a9,80850.84,0.9402605825,1762065969,Will Zohran Mamdani win the 2025 NYC mayoral election?,will-zohran-mamdani-win-the-2025-nyc-mayoral-election,https://polymarket-upload.s3.us-east-2.amazonaws.com/will-zohran-mamdani-win-the-2025-nyc-mayoral-election-EscSJQTT6hWg.jpg,new-york-city-mayoral-election,Yes,0,WordleAddict,Soft-Statute,,https://polymarket-upload.s3.us-east-2.amazonaws.com/profile-image-138318-2245c346-19b7-4582-a0e7-2b58eb0578e1.webp,,0x851f337f1adaf275dbe604874e8fb826ddc2ddbcba9da626b7804b644e6d9275,2025-11-02 06:46:09+00:00,76020.8579140143,Yes,2025-11-05 05:44:47+00:00,70.97722222222222,0.9440000038,0.0037394213000000454
0xc25427ea224b8f9fa2df801233f944006ed33f73,BUY,42351579455604873042957090441032286075880144797259231030267680078160718556927,0x8ee2f1640386310eb5e7ffa596ba9335f2d324e303d21b0dfea6998874445791,2000.0,0.999,1767190413,Russia x Ukraine ceasefire in 2025?,russia-x-ukraine-ceasefire-in-2025,https://polymarket-upload.s3.us-east-2.amazonaws.com/russia-x-ukraine-ceasefire-in-2025-w2voYOygx80B.jpg,russia-x-ukraine-ceasefire-in-2025,No,1,TeemuPukki,Suspicious-Aid,Rakastan sinua.,https://polymarket-upload.s3.us-east-2.amazonaws.com/profile-image-2909078-c830a432-b201-4998-9050-a48fcbac0c7c.png,,0xc381a80ad9774a22df2eec57adbd3529c8e2bae9bb2f7423fbafcf9675498067,2025-12-31 14:13:33+00:00,1998.0,No,2026-01-01 07:18:23+00:00,17.080555555555556,0.999000001,9.999999717180685e-10
0xc25427ea224b8f9fa2df801233f944006ed33f73,BUY,42351579455604873042957090441032286075880144797259231030267680078160718556927,0x8ee2f1640386310eb5e7ffa596ba9335f2d324e303d21b0dfea6998874445791,45000.0,0.999,1767190409,Russia x Ukraine ceasefire in 2025?,russia-x-ukraine-ceasefire-in-2025,https://polymarket-upload.s3.us-east-2.amazonaws.com/russia-x-ukraine-ceasefire-in-2025-w2voYOygx80B.jpg,russia-x-ukraine-ceasefire-in-2025,No,1,TeemuPukki,Suspicious-Aid,Rakastan sinua.,https://polymarket-upload.s3.us-east-2.amazonaws.com/profile-image-2909078-c830a432-b201-4998-9050-a48fcbac0c7c.png,,0x86bc6904cbe246b0d93b9900ec9061662bfebbe9cb58289db8cf809acf1b8e88,2025-12-31 14:13:29+00:00,44955.0,No,2026-01-01 07:18:23+00:00,17.081666666666667,0.999000001,9.999999717180685e-10
0xc5adc0dc256fb943da868b2f8f6e63f13921b0cf,BUY,42351579455604873042957090441032286075880144797259231030267680078160718556927,0x8ee2f1640386310eb5e7ffa596ba9335f2d324e303d21b0dfea6998874445791,50000.0,0.999,1767177387,Russia x Ukraine ceasefire in 2025?,russia-x-ukraine-ceasefire-in-2025,https://polymarket-upload.s3.us-east-2.amazonaws.com/russia-x-ukraine-ceasefire-in-2025-w2voYOygx80B.jpg,russia-x-ukraine-ceasefire-in-2025,No,1,Alexparker,Idle-Isogloss,,https://polymarket-upload.s3.us-east-2.amazonaws.com/profile-image-4260573-0a398b4b-fa4c-4d19-9834-25bd17ecaf45.jpg,,0xa13d6004ef7441000bb142fc96f968ced4665d8363c13315209ab74c3a3b9bb1,2025-12-31 10:36:27+00:00,49950.0,No,2026-01-01 07:18:23+00:00,20.698888888888888,0.999000001,9.999999717180685e-10
0xc25427ea224b8f9fa2df801233f944006ed33f73,BUY,42351579455604873042957090441032286075880144797259231030267680078160718556927,0x8ee2f1640386310eb5e7ffa596ba9335f2d324e303d21b0dfea6998874445791,30000.0,0.998,1767143283,Russia x Ukraine ceasefire in 2025?,russia-x-ukraine-ceasefire-in-2025,https://polymarket-upload.s3.us-east-2.amazonaws.com/russia-x-ukraine-ceasefire-in-2025-w2voYOygx80B.jpg,russia-x-ukraine-ceasefire-in-2025,No,1,TeemuPukki,Suspicious-Aid,Rakastan sinua.,https://polymarket-upload.s3.us-east-2.amazonaws.com/profile-image-2909078-c830a432-b201-4998-9050-a48fcbac0c7c.png,,0x86277d1d924806bc9bce44ebf267a27215ed485a24bab646fdeb834d011d0003,2025-12-31 01:08:03+00:00,29940.0,No,2026-01-01 07:18:23+00:00,30.17222222222222,0.999,0.0010000000000000009
0xc8ab97a9089a9ff7e6ef0688e6e591a066946418,BUY,42351579455604873042957090441032286075880144797259231030267680078160718556927,0x8ee2f1640386310eb5e7ffa596ba9335f2d324e303d21b0dfea6998874445791,10000.0,0.999,1767087085,Russia x Ukraine ceasefire in 2025?,russia-x-ukraine-ceasefire-in-2025,https://polymarket-upload.s3.us-east-2.amazonaws.com/russia-x-ukraine-ceasefire-in-2025-w2voYOygx80B.jpg,russia-x-ukraine-ceasefire-in-2025,No,1,ArmageddonRewardsBilly,Hideous-Racer,"After the fight battle is fought, The legend of Billy the farmer will live forever.",https://polymarket-upload.s3.us-east-2.amazonaws.com/rewardsiconbilly_637fb65a-1112-49bc-9376-3fb6d377cde0_1738970845400.png,,0x139ee4a408740032312375b13066b8483dd3cbad16e80e52428f6e77921de4b3,2025-12-30 09:31:25+00:00,9990.0,No,2026-01-01 07:18:23+00:00,45.78277777777778,0.999,0.0
0xca8e9533bf61136f39c31e76e36b2087c3dca742,BUY,97439927570995296235895343412469721564929809567233039030193767661203285608819,0xf2d034812c1e871421eb6ca9afd30f2a03f0494fc910cc4cabc4515685b610cb,5620.0,0.999,1764480689,Will the Tennessee Titans win Super Bowl 2026?,will-the-tennessee-titans-win-super-bowl-2026,https://polymarket-upload.s3.us-east-2.amazonaws.com/NFL+Team+Logos/TEN.png,super-bowl-champion-2026-731,No,1,medal,Defenseless-Gauntlet,,,,0x2c661f7642038917620a827897d8ff161a43f13d7105b871c9e87a106fa6c63b,2025-11-30 05:31:29+00:00,5614.38,No,2025-12-01 01:03:10+00:00,19.528055555555557,0.999,0.0
0xca8e9533bf61136f39c31e76e36b2087c3dca742,BUY,97439927570995296235895343412469721564929809567233039030193767661203285608819,0xf2d034812c1e871421eb6ca9afd30f2a03f0494fc910cc4cabc4515685b610cb,5670.0,0.999,1764467813,Will the Tennessee Titans win Super Bowl 2026?,will-the-tennessee-titans-win-super-bowl-2026,https://polymarket-upload.s3.us-east-2.amazonaws.com/NFL+Team+Logos/TEN.png,super-bowl-champion-2026-731,No,1,medal,Defenseless-Gauntlet,,,,0x169dfcbd5758ba50f8a9730ef9005a5d6ea1649625777d48e0df91bb82f9c340,2025-11-30 01:56:53+00:00,5664.33,No,2025-12-01 01:03:10+00:00,23.10472222222222,0.999,0.0
0xca8e9533bf61136f39c31e76e36b2087c3dca742,BUY,97439927570995296235895343412469721564929809567233039030193767661203285608819,0xf2d034812c1e871421eb6ca9afd30f2a03f0494fc910cc4cabc4515685b610cb,5700.0,0.999,1764459372,Will the Tennessee Titans win Super Bowl 2026?,will-the-tennessee-titans-win-super-bowl-2026,https://polymarket-upload.s3.us-east-2.amazonaws.com/NFL+Team+Logos/TEN.png,super-bowl-champion-2026-731,No,1,medal,Defenseless-Gauntlet,,,,0x492b4e858e0c5ec3c2828c8c0acabe60c82fc271f809ae96d8d9fc606340ed0c,2025-11-29 23:36:12+00:00,5694.3,No,2025-12-01 01:03:10+00:00,25.449444444444445,0.999,0.0
0xe76958f1daae08939ecd09faa5c6b522b7458797,BUY,97439927570995296235895343412469721564929809567233039030193767661203285608819,0xf2d034812c1e871421eb6ca9afd30f2a03f0494fc910cc4cabc4515685b610cb,2521.651,0.999,1764428767,Will the Tennessee Titans win Super Bowl 2026?,will-the-tennessee-titans-win-super-bowl-2026,https://polymarket-upload.s3.us-east-2.amazonaws.com/NFL+Team+Logos/TEN.png,super-bowl-champion-2026-731,No,1,E75fifth,Artistic-Steel,,,,0xce3d3880285aac424f6bd661064df7915f2e137b20030b827b4615a11c6fc1db,2025-11-29 15:06:07+00:00,2519.129349,No,2025-12-01 01:03:10+00:00,33.950833333333335,0.999,0.0
0x1fad9860ab0d21c8668a13accf25d6eb3c11b5b2,BUY,97439927570995296235895343412469721564929809567233039030193767661203285608819,0xf2d034812c1e871421eb6ca9afd30f2a03f0494fc910cc4cabc4515685b610cb,65000.0,0.999,1764356805,Will the Tennessee Titans win Super Bowl 2026?,will-the-tennessee-titans-win-super-bowl-2026,https://polymarket-upload.s3.us-east-2.amazonaws.com/NFL+Team+Logos/TEN.png,super-bowl-champion-2026-731,No,1,kamakamakamata,Blind-Nationality,,,,0xf2a23abc24a6c83a857ed6733570d30d6556a1b447c256489cf41f552696fa86,2025-11-28 19:06:45+00:00,64935.0,No,2025-12-01 01:03:10+00:00,53.94027777777778,0.999,0.0
0xca8e9533bf61136f39c31e76e36b2087c3dca742,BUY,97439927570995296235895343412469721564929809567233039030193767661203285608819,0xf2d034812c1e871421eb6ca9afd30f2a03f0494fc910cc4cabc4515685b610cb,5722.0,0.999,1764292335,Will the Tennessee Titans win Super Bowl 2026?,will-the-tennessee-titans-win-super-bowl-2026,https://polymarket-upload.s3.us-east-2.amazonaws.com/NFL+Team+Logos/TEN.png,super-bowl-champion-2026-731,No,1,medal,Defenseless-Gauntlet,,,,0xf571d77dd4d52c2ddb918bc05cb0c8156b256aeb44198b4e6b7a5ce13c774f64,2025-11-28 01:12:15+00:00,5716.278,No,2025-12-01 01:03:10+00:00,71.84861111111111,0.999,0.0
0x63d43bbb87f85af03b8f2f9e2fad7b54334fa2f1,BUY,42541673615301895829890290486226257940966769125829226067368474110048691276042,0xd7bd58d09efa1ff15be61cf30587e79444971ab125d55b2a88bf6ec04623a0d8,2000.0,0.999,1762300827,Will Curtis Sliwa win the 2025 NYC mayoral election?,will-curtis-sliwa-win-the-2025-nyc-mayoral-election,https://polymarket-upload.s3.us-east-2.amazonaws.com/will-curtis-sliwa-win-the-2025-nyc-mayoral-election-2j1MODhPMJeg.jpg,new-york-city-mayoral-election,No,1,wokerjoesleeper,Vivid-Macrofauna,,,,0xa4f9159019a6725bc334f0da9d665dc3b20de6b9fec4153a47fbf444ef3f3004,2025-11-05 00:00:27+00:00,1998.0,No,2025-11-05 06:13:17+00:00,6.213888888888889,0.999,0.0
0xe8dd7741ccb12350957ec71e9ee332e0d1e6ec86,BUY,42541673615301895829890290486226257940966769125829226067368474110048691276042,0xd7bd58d09efa1ff15be61cf30587e79444971ab125d55b2a88bf6ec04623a0d8,1746.356,0.999,1762300825,Will Curtis Sliwa win the 2025 NYC mayoral election?,will-curtis-sliwa-win-the-2025-nyc-mayoral-election,https://polymarket-upload.s3.us-east-2.amazonaws.com/will-curtis-sliwa-win-the-2025-nyc-mayoral-election-2j1MODhPMJeg.jpg,new-york-city-mayoral-election,No,1,influenz.eth,Real-Veteran,,,,0xc41ecb4828aba2ddc2002825e96bf3ea20d64c03914a40a0f8b8f373b795c7fb,2025-11-05 00:00:25+00:00,1744.609644,No,2025-11-05 06:13:17+00:00,6.214444444444444,0.999,0.0
0xd218e474776403a330142299f7796e8ba32eb5c9,BUY,42541673615301895829890290486226257940966769125829226067368474110048691276042,0xd7bd58d09efa1ff15be61cf30587e79444971ab125d55b2a88bf6ec04623a0d8,11940.0,0.999,1762300825,Will Curtis Sliwa win the 2025 NYC mayoral election?,will-curtis-sliwa-win-the-2025-nyc-mayoral-election,https://polymarket-upload.s3.us-east-2.amazonaws.com/will-curtis-sliwa-win-the-2025-nyc-mayoral-election-2j1MODhPMJeg.jpg,new-york-city-mayoral-election,No,1,cigarettes,Attentive-Crewman,broken grid,,,0xddd5e1a239e90fe7cb5a53684e3a71b3f167a5fb58160ce6ab2ba21ae37c1399,2025-11-05 00:00:25+00:00,11928.06,No,2025-11-05 06:13:17+00:00,6.214444444444444,0.999,0.0
0xd218e474776403a330142299f7796e8ba32eb5c9,BUY,42541673615301895829890290486226257940966769125829226067368474110048691276042,0xd7bd58d09efa1ff15be61cf30587e79444971ab125d55b2a88bf6ec04623a0d8,4709.22,0.999,1762300807,Will Curtis Sliwa win the 2025 NYC mayoral election?,will-curtis-sliwa-win-the-2025-nyc-mayoral-election,https://polymarket-upload.s3.us-east-2.amazonaws.com/will-curtis-sliwa-win-the-2025-nyc-mayoral-election-2j1MODhPMJeg.jpg,new-york-city-mayoral-election,No,1,cigarettes,Attentive-Crewman,broken grid,,,0x24ab9f08f878a367a4c1d2545b9951b6d35c2cca62f0ac9e981cd0641e5fec3b,2025-11-05 00:00:07+00:00,4704.5107800000005,No,2025-11-05 06:13:17+00:00,6.219444444444444,0.999,0.0
0xe8dd7741ccb12350957ec71e9ee332e0d1e6ec86,BUY,42541673615301895829890290486226257940966769125829226067368474110048691276042,0xd7bd58d09efa1ff15be61cf30587e79444971ab125d55b2a88bf6ec04623a0d8,2333.333,0.999,1762300807,Will Curtis Sliwa win the 2025 NYC mayoral election?,will-curtis-sliwa-win-the-2025-nyc-mayoral-election,https://polymarket-upload.s3.us-east-2.amazonaws.com/will-curtis-sliwa-win-the-2025-nyc-mayoral-election-2j1MODhPMJeg.jpg,new-york-city-mayoral-election,No,1,influenz.eth,Real-Veteran,,,,0x3749a134a9b99be7134d57a84026bce4a199df669b755c14ee37571b11cb5a3f,2025-11-05 00:00:07+00:00,2330.999667,No,2025-11-05 06:13:17+00:00,6.219444444444444,0.999,0.0
0x63d43bbb87f85af03b8f2f9e2fad7b54334fa2f1,BUY,42541673615301895829890290486226257940966769125829226067368474110048691276042,0xd7bd58d09efa1ff15be61cf30587e79444971ab125d55b2a88bf6ec04623a0d8,1327.31,0.999,1762300779,Will Curtis Sliwa win the 2025 NYC mayoral election?,will-curtis-sliwa-win-the-2025-nyc-mayoral-election,https://polymarket-upload.s3.us-east-2.amazonaws.com/will-curtis-sliwa-win-the-2025-nyc-mayoral-election-2j1MODhPMJeg.jpg,new-york-city-mayoral-election,No,1,wokerjoesleeper,Vivid-Macrofauna,,,,0x42c0ff0f6f060ebbd5f9b3637d000baa531521914eb42cd096bdb1493930acca,2025-11-04 23:59:39+00:00,1325.98269,No,2025-11-05 06:13:17+00:00,6.227222222222222,0.999,0.0
0x3f7aee8f1fafcd873343105b24f83f3f98a9248e,BUY,42541673615301895829890290486226257940966769125829226067368474110048691276042,0xd7bd58d09efa1ff15be61cf30587e79444971ab125d55b2a88bf6ec04623a0d8,1065.0,0.999,1762300763,Will Curtis Sliwa win the 2025 NYC mayoral election?,will-curtis-sliwa-win-the-2025-nyc-mayoral-election,https://polymarket-upload.s3.us-east-2.amazonaws.com/will-curtis-sliwa-win-the-2025-nyc-mayoral-election-2j1MODhPMJeg.jpg,new-york-city-mayoral-election,No,1,costcostaff01,Cool-Spread,,,,0xb10c7f1c5553198035b64cafc1f28143c98dd57b1396eb11798213b7478a361f,2025-11-04 23:59:23+00:00,1063.935,No,2025-11-05 06:13:17+00:00,6.2316666666666665,0.999,0.0
0x63d43bbb87f85af03b8f2f9e2fad7b54334fa2f1,BUY,42541673615301895829890290486226257940966769125829226067368474110048691276042,0xd7bd58d09efa1ff15be61cf30587e79444971ab125d55b2a88bf6ec04623a0d8,1085.96,0.999,1762300549,Will Curtis Sliwa win the 2025 NYC mayoral election?,will-curtis-sliwa-win-the-2025-nyc-mayoral-election,https://polymarket-upload.s3.us-east-2.amazonaws.com/will-curtis-sliwa-win-the-2025-nyc-mayoral-election-2j1MODhPMJeg.jpg,new-york-city-mayoral-election,No,1,wokerjoesleeper,Vivid-Macrofauna,,,,0xbb5779e571d18fa066e04f8ba66b73bd38014a241c3890bdd01490a08a00056a,2025-11-04 23:55:49+00:00,1084.87404,No,2025-11-05 06:13:17+00:00,6.291111111111111,0.999,0.0
0xd218e474776403a330142299f7796e8ba32eb5c9,BUY,42541673615301895829890290486226257940966769125829226067368474110048691276042,0xd7bd58d09efa1ff15be61cf30587e79444971ab125d55b2a88bf6ec04623a0d8,1080.0,0.999,1762300549,Will Curtis Sliwa win the 2025 NYC mayoral election?,will-curtis-sliwa-win-the-2025-nyc-mayoral-election,https://polymarket-upload.s3.us-east-2.amazonaws.com/will-curtis-sliwa-win-the-2025-nyc-mayoral-election-2j1MODhPMJeg.jpg,new-york-city-mayoral-election,No,1,cigarettes,Attentive-Crewman,broken grid,,,0xe340a811b2e237d48834416ca48f9d8a340ed264e1f6659946c1ab20f0d4f226,2025-11-04 23:55:49+00:00,1078.92,No,2025-11-05 06:13:17+00:00,6.291111111111111,0.999,0.0
0x63d43bbb87f85af03b8f2f9e2fad7b54334fa2f1,BUY,42541673615301895829890290486226257940966769125829226067368474110048691276042,0xd7bd58d09efa1ff15be61cf30587e79444971ab125d55b2a88bf6ec04623a0d8,1340.23,0.999,1762300525,Will Curtis Sliwa win the 2025 NYC mayoral election?,will-curtis-sliwa-win-the-2025-nyc-mayoral-election,https://polymarket-upload.s3.us-east-2.amazonaws.com/will-curtis-sliwa-win-the-2025-nyc-mayoral-election-2j1MODhPMJeg.jpg,new-york-city-mayoral-election,No,1,wokerjoesleeper,Vivid-Macrofauna,,,,0xc58b15ed3734b7d11155615b1d4f997cf1048f468f5fb7b3b46283a8fa063baa,2025-11-04 23:55:25+00:00,1338.88977,No,2025-11-05 06:13:17+00:00,6.297777777777778,0.999,0.0
0xe8dd7741ccb12350957ec71e9ee332e0d1e6ec86,BUY,42541673615301895829890290486226257940966769125829226067368474110048691276042,0xd7bd58d09efa1ff15be61cf30587e79444971ab125d55b2a88bf6ec04623a0d8,2333.333,0.999,1762300525,Will Curtis Sliwa win the 2025 NYC mayoral election?,will-curtis-sliwa-win-the-2025-nyc-mayoral-election,https://polymarket-upload.s3.us-east-2.amazonaws.com/will-curtis-sliwa-win-the-2025-nyc-mayoral-election-2j1MODhPMJeg.jpg,new-york-city-mayoral-election,No,1,influenz.eth,Real-Veteran,,,,0x8d04b7a9da4b10c4031ffa7ce10ba34e9c6930f6f2e4491537c78554ebf9a793,2025-11-04 23:55:25+00:00,2330.999667,No,2025-11-05 06:13:17+00:00,6.297777777777778,0.999,0.0
0x3f7aee8f1fafcd873343105b24f83f3f98a9248e,BUY,42541673615301895829890290486226257940966769125829226067368474110048691276042,0xd7bd58d09efa1ff15be61cf30587e79444971ab125d55b2a88bf6ec04623a0d8,2238.0,0.999,1762300511,Will Curtis Sliwa win the 2025 NYC mayoral election?,will-curtis-sliwa-win-the-2025-nyc-mayoral-election,https://polymarket-upload.s3.us-east-2.amazonaws.com/will-curtis-sliwa-win-the-2025-nyc-mayoral-election-2j1MODhPMJeg.jpg,new-york-city-mayoral-election,No,1,costcostaff01,Cool-Spread,,,,0x8df682bc278a1dff3ce19a4e9956fe3e9c8e97c0477ff7de90859946bd6be293,2025-11-04 23:55:11+00:00,2235.762,No,2025-11-05 06:13:17+00:00,6.301666666666667,0.999,0.0
0x63d43bbb87f85af03b8f2f9e2fad7b54334fa2f1,BUY,42541673615301895829890290486226257940966769125829226067368474110048691276042,0xd7bd58d09efa1ff15be61cf30587e79444971ab125d55b2a88bf6ec04623a0d8,4250.0,0.999,1762300473,Will Curtis Sliwa win the 2025 NYC mayoral election?,will-curtis-sliwa-win-the-2025-nyc-mayoral-election,https://polymarket-upload.s3.us-east-2.amazonaws.com/will-curtis-sliwa-win-the-2025-nyc-mayoral-election-2j1MODhPMJeg.jpg,new-york-city-mayoral-election,No,1,wokerjoesleeper,Vivid-Macrofauna,,,,0x2a8112a73feced947f5a2a58a99b43b495f1eb54edf0fff2e6e5102cf7adbdbb,2025-11-04 23:54:33+00:00,4245.75,No,2025-11-05 06:13:17+00:00,6.312222222222222,0.999,0.0
0xe8dd7741ccb12350957ec71e9ee332e0d1e6ec86,BUY,42541673615301895829890290486226257940966769125829226067368474110048691276042,0xd7bd58d09efa1ff15be61cf30587e79444971ab125d55b2a88bf6ec04623a0d8,2308.338,0.999,1762300473,Will Curtis Sliwa win the 2025 NYC mayoral election?,will-curtis-sliwa-win-the-2025-nyc-mayoral-election,https://polymarket-upload.s3.us-east-2.amazonaws.com/will-curtis-sliwa-win-the-2025-nyc-mayoral-election-2j1MODhPMJeg.jpg,new-york-city-mayoral-election,No,1,influenz.eth,Real-Veteran,,,,0x99a6e06c2d384b4efd9d6d2723af787da2c6daba1968e00b61e9acea7a69ecab,2025-11-04 23:54:33+00:00,2306.0296620000004,No,2025-11-05 06:13:17+00:00,6.312222222222222,0.999,0.0
0x3f7aee8f1fafcd873343105b24f83f3f98a9248e,BUY,42541673615301895829890290486226257940966769125829226067368474110048691276042,0xd7bd58d09efa1ff15be61cf30587e79444971ab125d55b2a88bf6ec04623a0d8,1166.0,0.999,1762292021,Will Curtis Sliwa win the 2025 NYC mayoral election?,will-curtis-sliwa-win-the-2025-nyc-mayoral-election,https://polymarket-upload.s3.us-east-2.amazonaws.com/will-curtis-sliwa-win-the-2025-nyc-mayoral-election-2j1MODhPMJeg.jpg,new-york-city-mayoral-election,No,1,costcostaff01,Cool-Spread,,,,0x1e82b8480568710f2a8130b1e5c6949fe61c1bc07eb21ea591de64e8fdbeddd9,2025-11-04 21:33:41+00:00,1164.834,No,2025-11-05 06:13:17+00:00,8.66,0.999,0.0
0xb48b9192dc52eed724fa58c66fa8926d06a3648e,BUY,42541673615301895829890290486226257940966769125829226067368474110048691276042,0xd7bd58d09efa1ff15be61cf30587e79444971ab125d55b2a88bf6ec04623a0d8,5052.67,0.999,1762292015,Will Curtis Sliwa win the 2025 NYC mayoral election?,will-curtis-sliwa-win-the-2025-nyc-mayoral-election,https://polymarket-upload.s3.us-east-2.amazonaws.com/will-curtis-sliwa-win-the-2025-nyc-mayoral-election-2j1MODhPMJeg.jpg,new-york-city-mayoral-election,No,1,Cookedtan,Icky-Tide,6650,https://polymarket-upload.s3.us-east-2.amazonaws.com/profile-image-2799922-15b860f4-0011-4c70-8833-f11d9f457b01.jpeg,,0x073acc2fbfbb364e9cf3db58a60fef28418837d6bc4280b9fe01d8d1020df15d,2025-11-04 21:33:35+00:00,5047.61733,No,2025-11-05 06:13:17+00:00,8.661666666666667,0.999,0.0
0x3f7aee8f1fafcd873343105b24f83f3f98a9248e,BUY,42541673615301895829890290486226257940966769125829226067368474110048691276042,0xd7bd58d09efa1ff15be61cf30587e79444971ab125d55b2a88bf6ec04623a0d8,3357.0,0.999,1762292015,Will Curtis Sliwa win the 2025 NYC mayoral election?,will-curtis-sliwa-win-the-2025-nyc-mayoral-election,https://polymarket-upload.s3.us-east-2.amazonaws.com/will-curtis-sliwa-win-the-2025-nyc-mayoral-election-2j1MODhPMJeg.jpg,new-york-city-mayoral-election,No,1,costcostaff01,Cool-Spread,,,,0x005ca36963e60d7d5ec784437d64bbc4741a8f3b830134b74d3ca222830349c8,2025-11-04 21:33:35+00:00,3353.643,No,2025-11-05 06:13:17+00:00,8.661666666666667,0.999,0.0
0x63d43bbb87f85af03b8f2f9e2fad7b54334fa2f1,BUY,42541673615301895829890290486226257940966769125829226067368474110048691276042,0xd7bd58d09efa1ff15be61cf30587e79444971ab125d55b2a88bf6ec04623a0d8,1995.78,0.999,1762291941,Will Curtis Sliwa win the 2025 NYC mayoral election?,will-curtis-sliwa-win-the-2025-nyc-mayoral-election,https://polymarket-upload.s3.us-east-2.amazonaws.com/will-curtis-sliwa-win-the-2025-nyc-mayoral-election-2j1MODhPMJeg.jpg,new-york-city-mayoral-election,No,1,wokerjoesleeper,Vivid-Macrofauna,,,,0xe3225ec5ae286531efdad5920373a71284097f35032cfbe00f6776a735170a72,2025-11-04 21:32:21+00:00,1993.78422,No,2025-11-05 06:13:17+00:00,8.682222222222222,0.999,0.0
0x3f7aee8f1fafcd873343105b24f83f3f98a9248e,BUY,42541673615301895829890290486226257940966769125829226067368474110048691276042,0xd7bd58d09efa1ff15be61cf30587e79444971ab125d55b2a88bf6ec04623a0d8,1118.0,0.999,1762291937,Will Curtis Sliwa win the 2025 NYC mayoral election?,will-curtis-sliwa-win-the-2025-nyc-mayoral-election,https://polymarket-upload.s3.us-east-2.amazonaws.com/will-curtis-sliwa-win-the-2025-nyc-mayoral-election-2j1MODhPMJeg.jpg,new-york-city-mayoral-election,No,1,costcostaff01,Cool-Spread,,,,0x42df0ce1211a66a9f8abcaf744e36370a33a841e5f076232e488f2e2da6dc280,2025-11-04 21:32:17+00:00,1116.882,No,2025-11-05 06:13:17+00:00,8.683333333333334,0.999,0.0
0x63d43bbb87f85af03b8f2f9e2fad7b54334fa2f1,BUY,42541673615301895829890290486226257940966769125829226067368474110048691276042,0xd7bd58d09efa1ff15be61cf30587e79444971ab125d55b2a88bf6ec04623a0d8,1214.66,0.999,1762291847,Will Curtis Sliwa win the 2025 NYC mayoral election?,will-curtis-sliwa-win-the-2025-nyc-mayoral-election,https://polymarket-upload.s3.us-east-2.amazonaws.com/will-curtis-sliwa-win-the-2025-nyc-mayoral-election-2j1MODhPMJeg.jpg,new-york-city-mayoral-election,No,1,wokerjoesleeper,Vivid-Macrofauna,,,,0xa75850b4225bc860bfca65ec29b0a18e94a3a9e7e2d17d8ea76aaa7d4058a5f4,2025-11-04 21:30:47+00:00,1213.44534,No,2025-11-05 06:13:17+00:00,8.708333333333334,0.999,0.0
0x63d43bbb87f85af03b8f2f9e2fad7b54334fa2f1,BUY,42541673615301895829890290486226257940966769125829226067368474110048691276042,0xd7bd58d09efa1ff15be61cf30587e79444971ab125d55b2a88bf6ec04623a0d8,1096.72,0.999,1762291841,Will Curtis Sliwa win the 2025 NYC mayoral election?,will-curtis-sliwa-win-the-2025-nyc-mayoral-election,https://polymarket-upload.s3.us-east-2.amazonaws.com/will-curtis-sliwa-win-the-2025-nyc-mayoral-election-2j1MODhPMJeg.jpg,new-york-city-mayoral-election,No,1,wokerjoesleeper,Vivid-Macrofauna,,,,0x3ea696fde0315fc84bfd026dd6f2fc8d0c5899cd7ed04580021b4e375b25e80f,2025-11-04 21:30:41+00:00,1095.62328,No,2025-11-05 06:13:17+00:00,8.71,0.999,0.0
0x3f7aee8f1fafcd873343105b24f83f3f98a9248e,BUY,42541673615301895829890290486226257940966769125829226067368474110048691276042,0xd7bd58d09efa1ff15be61cf30587e79444971ab125d55b2a88bf6ec04623a0d8,1856.0,0.999,1762291821,Will Curtis Sliwa win the 2025 NYC mayoral election?,will-curtis-sliwa-win-the-2025-nyc-mayoral-election,https://polymarket-upload.s3.us-east-2.amazonaws.com/will-curtis-sliwa-win-the-2025-nyc-mayoral-election-2j1MODhPMJeg.jpg,new-york-city-mayoral-election,No,1,costcostaff01,Cool-Spread,,,,0x0e05286a7b7b9a9f1102099e073f750f2d469fb9a7a55ca122813a95de3000a8,2025-11-04 21:30:21+00:00,1854.144,No,2025-11-05 06:13:17+00:00,8.715555555555556,0.999,0.0
0x3f7aee8f1fafcd873343105b24f83f3f98a9248e,BUY,42541673615301895829890290486226257940966769125829226067368474110048691276042,0xd7bd58d09efa1ff15be61cf30587e79444971ab125d55b2a88bf6ec04623a0d8,1856.0,0.999,1762291815,Will Curtis Sliwa win the 2025 NYC mayoral election?,will-curtis-sliwa-win-the-2025-nyc-mayoral-election,https://polymarket-upload.s3.us-east-2.amazonaws.com/will-curtis-sliwa-win-the-2025-nyc-mayoral-election-2j1MODhPMJeg.jpg,new-york-city-mayoral-election,No,1,costcostaff01,Cool-Spread,,,,0xdc4b6e0988f43a9465fdec6b5759129ab0a5ed52f61de63ed5ecb6aedd62368a,2025-11-04 21:30:15+00:00,1854.144,No,2025-11-05 06:13:17+00:00,8.717222222222222,0.999,0.0
0x3f7aee8f1fafcd873343105b24f83f3f98a9248e,BUY,42541673615301895829890290486226257940966769125829226067368474110048691276042,0xd7bd58d09efa1ff15be61cf30587e79444971ab125d55b2a88bf6ec04623a0d8,2134.0,0.999,1762291759,Will Curtis Sliwa win the 2025 NYC mayoral election?,will-curtis-sliwa-win-the-2025-nyc-mayoral-election,https://polymarket-upload.s3.us-east-2.amazonaws.com/will-curtis-sliwa-win-the-2025-nyc-mayoral-election-2j1MODhPMJeg.jpg,new-york-city-mayoral-election,No,1,costcostaff01,Cool-Spread,,,,0xe9d93422d30775d780e2b5eddc3613d919f025c3bd4e891b215d36ed9fd61624,2025-11-04 21:29:19+00:00,2131.866,No,2025-11-05 06:13:17+00:00,8.732777777777779,0.999,0.0
0x3f7aee8f1fafcd873343105b24f83f3f98a9248e,BUY,42541673615301895829890290486226257940966769125829226067368474110048691276042,0xd7bd58d09efa1ff15be61cf30587e79444971ab125d55b2a88bf6ec04623a0d8,3065.0,0.999,1762291753,Will Curtis Sliwa win the 2025 NYC mayoral election?,will-curtis-sliwa-win-the-2025-nyc-mayoral-election,https://polymarket-upload.s3.us-east-2.amazonaws.com/will-curtis-sliwa-win-the-2025-nyc-mayoral-election-2j1MODhPMJeg.jpg,new-york-city-mayoral-election,No,1,costcostaff01,Cool-Spread,,,,0x05b0077380fc5b05934454c42cb7d3dc7a019dd289269e29dc77a3398710c4c7,2025-11-04 21:29:13+00:00,3061.935,No,2025-11-05 06:13:17+00:00,8.734444444444444,0.999,0.0
0x63d43bbb87f85af03b8f2f9e2fad7b54334fa2f1,BUY,42541673615301895829890290486226257940966769125829226067368474110048691276042,0xd7bd58d09efa1ff15be61cf30587e79444971ab125d55b2a88bf6ec04623a0d8,2000.0,0.999,1762291741,Will Curtis Sliwa win the 2025 NYC mayoral election?,will-curtis-sliwa-win-the-2025-nyc-mayoral-election,https://polymarket-upload.s3.us-east-2.amazonaws.com/will-curtis-sliwa-win-the-2025-nyc-mayoral-election-2j1MODhPMJeg.jpg,new-york-city-mayoral-election,No,1,wokerjoesleeper,Vivid-Macrofauna,,,,0x95892092bc94e34fed05e8e9153f114f526206783315b5ee7578d181d4ce1b7b,2025-11-04 21:29:01+00:00,1998.0,No,2025-11-05 06:13:17+00:00,8.737777777777778,0.999,0.0
0x63d43bbb87f85af03b8f2f9e2fad7b54334fa2f1,BUY,42541673615301895829890290486226257940966769125829226067368474110048691276042,0xd7bd58d09efa1ff15be61cf30587e79444971ab125d55b2a88bf6ec04623a0d8,2000.0,0.999,1762291409,Will Curtis Sliwa win the 2025 NYC mayoral election?,will-curtis-sliwa-win-the-2025-nyc-mayoral-election,https://polymarket-upload.s3.us-east-2.amazonaws.com/will-curtis-sliwa-win-the-2025-nyc-mayoral-election-2j1MODhPMJeg.jpg,new-york-city-mayoral-election,No,1,wokerjoesleeper,Vivid-Macrofauna,,,,0xabba2d7cb6869c224295e8b190abca16681966297a19d3a3cba4c4e9cecde4d4,2025-11-04 21:23:29+00:00,1998.0,No,2025-11-05 06:13:17+00:00,8.83,0.999,0.0
0xe8dd7741ccb12350957ec71e9ee332e0d1e6ec86,BUY,42541673615301895829890290486226257940966769125829226067368474110048691276042,0xd7bd58d09efa1ff15be61cf30587e79444971ab125d55b2a88bf6ec04623a0d8,1204.094093,0.9989999992,1762245709,Will Curtis Sliwa win the 2025 NYC mayoral election?,will-curtis-sliwa-win-the-2025-nyc-mayoral-election,https://polymarket-upload.s3.us-east-2.amazonaws.com/will-curtis-sliwa-win-the-2025-nyc-mayoral-election-2j1MODhPMJeg.jpg,new-york-city-mayoral-election,No,1,influenz.eth,Real-Veteran,,,,0x1e096c19c3dafa19dac573ea6cad9bbb3ed06c0fae2214f03e43715fd35ec7a0,2025-11-04 08:41:49+00:00,1202.8899979437247,No,2025-11-05 06:13:17+00:00,21.524444444444445,0.999,7.999999551699943e-10
0xe8dd7741ccb12350957ec71e9ee332e0d1e6ec86,BUY,42541673615301895829890290486226257940966769125829226067368474110048691276042,0xd7bd58d09efa1ff15be61cf30587e79444971ab125d55b2a88bf6ec04623a0d8,2245.325,0.999,1762245379,Will Curtis Sliwa win the 2025 NYC mayoral election?,will-curtis-sliwa-win-the-2025-nyc-mayoral-election,https://polymarket-upload.s3.us-east-2.amazonaws.com/will-curtis-sliwa-win-the-2025-nyc-mayoral-election-2j1MODhPMJeg.jpg,new-york-city-mayoral-election,No,1,influenz.eth,Real-Veteran,,,,0x7bb3163d63f6503061475a75b1075e3034bb1129589272087631f3681a61be3a,2025-11-04 08:36:19+00:00,2243.079675,No,2025-11-05 06:13:17+00:00,21.61611111111111,0.999,0.0
0xb48b9192dc52eed724fa58c66fa8926d06a3648e,BUY,42541673615301895829890290486226257940966769125829226067368474110048691276042,0xd7bd58d09efa1ff15be61cf30587e79444971ab125d55b2a88bf6ec04623a0d8,2145.17,0.999,1762245379,Will Curtis Sliwa win the 2025 NYC mayoral election?,will-curtis-sliwa-win-the-2025-nyc-mayoral-election,https://polymarket-upload.s3.us-east-2.amazonaws.com/will-curtis-sliwa-win-the-2025-nyc-mayoral-election-2j1MODhPMJeg.jpg,new-york-city-mayoral-election,No,1,Cookedtan,Icky-Tide,6650,https://polymarket-upload.s3.us-east-2.amazonaws.com/profile-image-2799922-15b860f4-0011-4c70-8833-f11d9f457b01.jpeg,,0x44221f9691017cb842db4c2afadf66b7e662dd76e084e01e0983d3ea6aec8329,2025-11-04 08:36:19+00:00,2143.0248300000003,No,2025-11-05 06:13:17+00:00,21.61611111111111,0.999,0.0
0xe8dd7741ccb12350957ec71e9ee332e0d1e6ec86,BUY,42541673615301895829890290486226257940966769125829226067368474110048691276042,0xd7bd58d09efa1ff15be61cf30587e79444971ab125d55b2a88bf6ec04623a0d8,2326.166165,0.9989999996,1762242495,Will Curtis Sliwa win the 2025 NYC mayoral election?,will-curtis-sliwa-win-the-2025-nyc-mayoral-election,https://polymarket-upload.s3.us-east-2.amazonaws.com/will-curtis-sliwa-win-the-2025-nyc-mayoral-election-2j1MODhPMJeg.jpg,new-york-city-mayoral-election,No,1,influenz.eth,Real-Veteran,,,,0xb1a91892b8bdb953d0545b7beae9f6bd360415db7f8b7be2bfeb2e49895c8982,2025-11-04 07:48:15+00:00,2323.8399979045334,No,2025-11-05 06:13:17+00:00,22.41722222222222,0.999,4.000000330961484e-10
0xd218e474776403a330142299f7796e8ba32eb5c9,BUY,42541673615301895829890290486226257940966769125829226067368474110048691276042,0xd7bd58d09efa1ff15be61cf30587e79444971ab125d55b2a88bf6ec04623a0d8,5267.02,0.999,1762242493,Will Curtis Sliwa win the 2025 NYC mayoral election?,will-curtis-sliwa-win-the-2025-nyc-mayoral-election,https://polymarket-upload.s3.us-east-2.amazonaws.com/will-curtis-sliwa-win-the-2025-nyc-mayoral-election-2j1MODhPMJeg.jpg,new-york-city-mayoral-election,No,1,cigarettes,Attentive-Crewman,broken grid,,,0xd40094605bab4ff12c01569ec8a83353a49b47de11f1d631d68153bfdecc11b9,2025-11-04 07:48:13+00:00,5261.75298,No,2025-11-05 06:13:17+00:00,22.41777777777778,0.999,0.0
0x3f7aee8f1fafcd873343105b24f83f3f98a9248e,BUY,42541673615301895829890290486226257940966769125829226067368474110048691276042,0xd7bd58d09efa1ff15be61cf30587e79444971ab125d55b2a88bf6ec04623a0d8,1396.0,0.999,1762214993,Will Curtis Sliwa win the 2025 NYC mayoral election?,will-curtis-sliwa-win-the-2025-nyc-mayoral-election,https://polymarket-upload.s3.us-east-2.amazonaws.com/will-curtis-sliwa-win-the-2025-nyc-mayoral-election-2j1MODhPMJeg.jpg,new-york-city-mayoral-election,No,1,costcostaff01,Cool-Spread,,,,0x37d480dea9497fdb3d7826fb5788a355b89ff1772bace1004eb014164a44db10,2025-11-04 00:09:53+00:00,1394.604,No,2025-11-05 06:13:17+00:00,30.05666666666667,0.999,0.0
0x3f7aee8f1fafcd873343105b24f83f3f98a9248e,BUY,42541673615301895829890290486226257940966769125829226067368474110048691276042,0xd7bd58d09efa1ff15be61cf30587e79444971ab125d55b2a88bf6ec04623a0d8,2540.0,0.999,1762214987,Will Curtis Sliwa win the 2025 NYC mayoral election?,will-curtis-sliwa-win-the-2025-nyc-mayoral-election,https://polymarket-upload.s3.us-east-2.amazonaws.com/will-curtis-sliwa-win-the-2025-nyc-mayoral-election-2j1MODhPMJeg.jpg,new-york-city-mayoral-election,No,1,costcostaff01,Cool-Spread,,,,0x692057a8b527eab4822733c6aab1f7a9b9e1e5f45ec2d6895fb77ff6d9a878a1,2025-11-04 00:09:47+00:00,2537.46,No,2025-11-05 06:13:17+00:00,30.058333333333334,0.999,0.0
0x63d43bbb87f85af03b8f2f9e2fad7b54334fa2f1,BUY,42541673615301895829890290486226257940966769125829226067368474110048691276042,0xd7bd58d09efa1ff15be61cf30587e79444971ab125d55b2a88bf6ec04623a0d8,1533.23,0.999,1762214981,Will Curtis Sliwa win the 2025 NYC mayoral election?,will-curtis-sliwa-win-the-2025-nyc-mayoral-election,https://polymarket-upload.s3.us-east-2.amazonaws.com/will-curtis-sliwa-win-the-2025-nyc-mayoral-election-2j1MODhPMJeg.jpg,new-york-city-mayoral-election,No,1,wokerjoesleeper,Vivid-Macrofauna,,,,0x6671efe8eda80bed4d2983c7ae1dfa04eaa3d2b89588a8d63c1e6a3b7f6e04d7,2025-11-04 00:09:41+00:00,1531.69677,No,2025-11-05 06:13:17+00:00,30.06,0.999,0.0
0x63d43bbb87f85af03b8f2f9e2fad7b54334fa2f1,BUY,42541673615301895829890290486226257940966769125829226067368474110048691276042,0xd7bd58d09efa1ff15be61cf30587e79444971ab125d55b2a88bf6ec04623a0d8,1530.0,0.999,1762214981,Will Curtis Sliwa win the 2025 NYC mayoral election?,will-curtis-sliwa-win-the-2025-nyc-mayoral-election,https://polymarket-upload.s3.us-east-2.amazonaws.com/will-curtis-sliwa-win-the-2025-nyc-mayoral-election-2j1MODhPMJeg.jpg,new-york-city-mayoral-election,No,1,wokerjoesleeper,Vivid-Macrofauna,,,,0xfa9fe3ee50dbf3a10cb0c5b9c563c1752f7967f5e591d5efb130c39deca9042f,2025-11-04 00:09:41+00:00,1528.47,No,2025-11-05 06:13:17+00:00,30.06,0.999,0.0
0x63d43bbb87f85af03b8f2f9e2fad7b54334fa2f1,BUY,42541673615301895829890290486226257940966769125829226067368474110048691276042,0xd7bd58d09efa1ff15be61cf30587e79444971ab125d55b2a88bf6ec04623a0d8,2000.0,0.999,1762214827,Will Curtis Sliwa win the 2025 NYC mayoral election?,will-curtis-sliwa-win-the-2025-nyc-mayoral-election,https://polymarket-upload.s3.us-east-2.amazonaws.com/will-curtis-sliwa-win-the-2025-nyc-mayoral-election-2j1MODhPMJeg.jpg,new-york-city-mayoral-election,No,1,wokerjoesleeper,Vivid-Macrofauna,,,,0x519fa2d7d96c22bf36c9c296e0c83db9697821742dcfb386b7b9e794dea3c374,2025-11-04 00:07:07+00:00,1998.0,No,2025-11-05 06:13:17+00:00,30.102777777777778,0.999,0.0
0x3f7aee8f1fafcd873343105b24f83f3f98a9248e,BUY,42541673615301895829890290486226257940966769125829226067368474110048691276042,0xd7bd58d09efa1ff15be61cf30587e79444971ab125d55b2a88bf6ec04623a0d8,2276.0,0.999,1762214815,Will Curtis Sliwa win the 2025 NYC mayoral election?,will-curtis-sliwa-win-the-2025-nyc-mayoral-election,https://polymarket-upload.s3.us-east-2.amazonaws.com/will-curtis-sliwa-win-the-2025-nyc-mayoral-election-2j1MODhPMJeg.jpg,new-york-city-mayoral-election,No,1,costcostaff01,Cool-Spread,,,,0x60f2db090a49f0ab74d35d631f1901f65db65e326142a63f137b1dd6bf99b2ea,2025-11-04 00:06:55+00:00,2273.724,No,2025-11-05 06:13:17+00:00,30.10611111111111,0.999,0.0
0x3f7aee8f1fafcd873343105b24f83f3f98a9248e,BUY,42541673615301895829890290486226257940966769125829226067368474110048691276042,0xd7bd58d09efa1ff15be61cf30587e79444971ab125d55b2a88bf6ec04623a0d8,3252.0,0.999,1762214809,Will Curtis Sliwa win the 2025 NYC mayoral election?,will-curtis-sliwa-win-the-2025-nyc-mayoral-election,https://polymarket-upload.s3.us-east-2.amazonaws.com/will-curtis-sliwa-win-the-2025-nyc-mayoral-election-2j1MODhPMJeg.jpg,new-york-city-mayoral-election,No,1,costcostaff01,Cool-Spread,,,,0xbf3268c3c2ff3ff98c7391733d6f0d991b3c180fe6db7ee368d98b3c5f586669,2025-11-04 00:06:49+00:00,3248.748,No,2025-11-05 06:13:17+00:00,30.107777777777777,0.999,0.0
0x63d43bbb87f85af03b8f2f9e2fad7b54334fa2f1,BUY,42541673615301895829890290486226257940966769125829226067368474110048691276042,0xd7bd58d09efa1ff15be61cf30587e79444971ab125d55b2a88bf6ec04623a0d8,2000.0,0.999,1762214767,Will Curtis Sliwa win the 2025 NYC mayoral election?,will-curtis-sliwa-win-the-2025-nyc-mayoral-election,https://polymarket-upload.s3.us-east-2.amazonaws.com/will-curtis-sliwa-win-the-2025-nyc-mayoral-election-2j1MODhPMJeg.jpg,new-york-city-mayoral-election,No,1,wokerjoesleeper,Vivid-Macrofauna,,,,0x4768d5f8dd8110b4e75459f928d8fea6ddf9bd1b1fa232cff3ebc7548d214052,2025-11-04 00:06:07+00:00,1998.0,No,2025-11-05 06:13:17+00:00,30.119444444444444,0.999,0.0
0x3f7aee8f1fafcd873343105b24f83f3f98a9248e,BUY,42541673615301895829890290486226257940966769125829226067368474110048691276042,0xd7bd58d09efa1ff15be61cf30587e79444971ab125d55b2a88bf6ec04623a0d8,1270.0,0.999,1762214711,Will Curtis Sliwa win the 2025 NYC mayoral election?,will-curtis-sliwa-win-the-2025-nyc-mayoral-election,https://polymarket-upload.s3.us-east-2.amazonaws.com/will-curtis-sliwa-win-the-2025-nyc-mayoral-election-2j1MODhPMJeg.jpg,new-york-city-mayoral-election,No,1,costcostaff01,Cool-Spread,,,,0xa5bceca0d4d5e00cf54a41fa9cb93af53ae1a703f1a96226d0176c790b1f3a8e,2025-11-04 00:05:11+00:00,1268.73,No,2025-11-05 06:13:17+00:00,30.135,0.999,0.0
0xe8dd7741ccb12350957ec71e9ee332e0d1e6ec86,BUY,42541673615301895829890290486226257940966769125829226067368474110048691276042,0xd7bd58d09efa1ff15be61cf30587e79444971ab125d55b2a88bf6ec04623a0d8,1200.0,0.999,1762214645,Will Curtis Sliwa win the 2025 NYC mayoral election?,will-curtis-sliwa-win-the-2025-nyc-mayoral-election,https://polymarket-upload.s3.us-east-2.amazonaws.com/will-curtis-sliwa-win-the-2025-nyc-mayoral-election-2j1MODhPMJeg.jpg,new-york-city-mayoral-election,No,1,influenz.eth,Real-Veteran,,,,0x72b519f94443666fc488ed296b6f4a246d0350ace666f6f9a8e5b43de1a11e21,2025-11-04 00:04:05+00:00,1198.8,No,2025-11-05 06:13:17+00:00,30.153333333333332,0.999,0.0
0x63d43bbb87f85af03b8f2f9e2fad7b54334fa2f1,BUY,42541673615301895829890290486226257940966769125829226067368474110048691276042,0xd7bd58d09efa1ff15be61cf30587e79444971ab125d55b2a88bf6ec04623a0d8,2000.0,0.999,1762214569,Will Curtis Sliwa win the 2025 NYC mayoral election?,will-curtis-sliwa-win-the-2025-nyc-mayoral-election,https://polymarket-upload.s3.us-east-2.amazonaws.com/will-curtis-sliwa-win-the-2025-nyc-mayoral-election-2j1MODhPMJeg.jpg,new-york-city-mayoral-election,No,1,wokerjoesleeper,Vivid-Macrofauna,,,,0x2775a7ffabe49625d7a1b834887ed3254ba69217846e3cf0b09a39fcb1af63c3,2025-11-04 00:02:49+00:00,1998.0,No,2025-11-05 06:13:17+00:00,30.174444444444443,0.999,0.0
0xe8dd7741ccb12350957ec71e9ee332e0d1e6ec86,BUY,42541673615301895829890290486226257940966769125829226067368474110048691276042,0xd7bd58d09efa1ff15be61cf30587e79444971ab125d55b2a88bf6ec04623a0d8,2333.333,0.999,1762214569,Will Curtis Sliwa win the 2025 NYC mayoral election?,will-curtis-sliwa-win-the-2025-nyc-mayoral-election,https://polymarket-upload.s3.us-east-2.amazonaws.com/will-curtis-sliwa-win-the-2025-nyc-mayoral-election-2j1MODhPMJeg.jpg,new-york-city-mayoral-election,No,1,influenz.eth,Real-Veteran,,,,0x2c91b19741b53798edc34bb39ca627edd8ddb6bb146e9cd22f4fed651ac882a3,2025-11-04 00:02:49+00:00,2330.999667,No,2025-11-05 06:13:17+00:00,30.174444444444443,0.999,0.0
0xe8dd7741ccb12350957ec71e9ee332e0d1e6ec86,BUY,42541673615301895829890290486226257940966769125829226067368474110048691276042,0xd7bd58d09efa1ff15be61cf30587e79444971ab125d55b2a88bf6ec04623a0d8,1658.818,0.999,1762214395,Will Curtis Sliwa win the 2025 NYC mayoral election?,will-curtis-sliwa-win-the-2025-nyc-mayoral-election,https://polymarket-upload.s3.us-east-2.amazonaws.com/will-curtis-sliwa-win-the-2025-nyc-mayoral-election-2j1MODhPMJeg.jpg,new-york-city-mayoral-election,No,1,influenz.eth,Real-Veteran,,,,0xa2fb9869b02f71a5b150bee4e7823240faa96e85b093ddd0ad81ea7bb480930f,2025-11-03 23:59:55+00:00,1657.1591819999999,No,2025-11-05 06:13:17+00:00,30.22277777777778,0.999,0.0
0x63d43bbb87f85af03b8f2f9e2fad7b54334fa2f1,BUY,42541673615301895829890290486226257940966769125829226067368474110048691276042,0xd7bd58d09efa1ff15be61cf30587e79444971ab125d55b2a88bf6ec04623a0d8,2000.0,0.999,1762214393,Will Curtis Sliwa win the 2025 NYC mayoral election?,will-curtis-sliwa-win-the-2025-nyc-mayoral-election,https://polymarket-upload.s3.us-east-2.amazonaws.com/will-curtis-sliwa-win-the-2025-nyc-mayoral-election-2j1MODhPMJeg.jpg,new-york-city-mayoral-election,No,1,wokerjoesleeper,Vivid-Macrofauna,,,,0x9a449fa46308b19b9359a4ce713e7f63a3f983a51b6432191f608e2180d882f2,2025-11-03 23:59:53+00:00,1998.0,No,2025-11-05 06:13:17+00:00,30.223333333333333,0.999,0.0
0x3f7aee8f1fafcd873343105b24f83f3f98a9248e,BUY,42541673615301895829890290486226257940966769125829226067368474110048691276042,0xd7bd58d09efa1ff15be61cf30587e79444971ab125d55b2a88bf6ec04623a0d8,1011.0,0.999,1762214169,Will Curtis Sliwa win the 2025 NYC mayoral election?,will-curtis-sliwa-win-the-2025-nyc-mayoral-election,https://polymarket-upload.s3.us-east-2.amazonaws.com/will-curtis-sliwa-win-the-2025-nyc-mayoral-election-2j1MODhPMJeg.jpg,new-york-city-mayoral-election,No,1,costcostaff01,Cool-Spread,,,,0x9c2b09daff06d670ee5b442aba023e910eab87c8c50cff72cf2322cbc20ec947,2025-11-03 23:56:09+00:00,1009.989,No,2025-11-05 06:13:17+00:00,30.285555555555554,0.999,0.0
0x3f7aee8f1fafcd873343105b24f83f3f98a9248e,BUY,42541673615301895829890290486226257940966769125829226067368474110048691276042,0xd7bd58d09efa1ff15be61cf30587e79444971ab125d55b2a88bf6ec04623a0d8,1444.0,0.999,1762214163,Will Curtis Sliwa win the 2025 NYC mayoral election?,will-curtis-sliwa-win-the-2025-nyc-mayoral-election,https://polymarket-upload.s3.us-east-2.amazonaws.com/will-curtis-sliwa-win-the-2025-nyc-mayoral-election-2j1MODhPMJeg.jpg,new-york-city-mayoral-election,No,1,costcostaff01,Cool-Spread,,,,0xbd9515ed8a35d545a968e4856e33ce330bd7ff6edc3b7504161529a88bfe145d,2025-11-03 23:56:03+00:00,1442.556,No,2025-11-05 06:13:17+00:00,30.287222222222223,0.999,0.0
0x3f7aee8f1fafcd873343105b24f83f3f98a9248e,BUY,42541673615301895829890290486226257940966769125829226067368474110048691276042,0xd7bd58d09efa1ff15be61cf30587e79444971ab125d55b2a88bf6ec04623a0d8,1069.0,0.999,1762214127,Will Curtis Sliwa win the 2025 NYC mayoral election?,will-curtis-sliwa-win-the-2025-nyc-mayoral-election,https://polymarket-upload.s3.us-east-2.amazonaws.com/will-curtis-sliwa-win-the-2025-nyc-mayoral-election-2j1MODhPMJeg.jpg,new-york-city-mayoral-election,No,1,costcostaff01,Cool-Spread,,,,0x11c81322af7de4f329ec359e365f6e8c6c8c8a4705a88e1b4cf09623e3a2cdba,2025-11-03 23:55:27+00:00,1067.931,No,2025-11-05 06:13:17+00:00,30.29722222222222,0.999,0.0
0x3f7aee8f1fafcd873343105b24f83f3f98a9248e,BUY,42541673615301895829890290486226257940966769125829226067368474110048691276042,0xd7bd58d09efa1ff15be61cf30587e79444971ab125d55b2a88bf6ec04623a0d8,1527.0,0.999,1762214121,Will Curtis Sliwa win the 2025 NYC mayoral election?,will-curtis-sliwa-win-the-2025-nyc-mayoral-election,https://polymarket-upload.s3.us-east-2.amazonaws.com/will-curtis-sliwa-win-the-2025-nyc-mayoral-election-2j1MODhPMJeg.jpg,new-york-city-mayoral-election,No,1,costcostaff01,Cool-Spread,,,,0x21d086d2c07b02cb40e70eef747935719955f82935815a1fcdcda0f89742cca0,2025-11-03 23:55:21+00:00,1525.473,No,2025-11-05 06:13:17+00:00,30.29888888888889,0.999,0.0
0xe8dd7741ccb12350957ec71e9ee332e0d1e6ec86,BUY,42541673615301895829890290486226257940966769125829226067368474110048691276042,0xd7bd58d09efa1ff15be61cf30587e79444971ab125d55b2a88bf6ec04623a0d8,1439.659,0.999,1762214021,Will Curtis Sliwa win the 2025 NYC mayoral election?,will-curtis-sliwa-win-the-2025-nyc-mayoral-election,https://polymarket-upload.s3.us-east-2.amazonaws.com/will-curtis-sliwa-win-the-2025-nyc-mayoral-election-2j1MODhPMJeg.jpg,new-york-city-mayoral-election,No,1,influenz.eth,Real-Veteran,,,,0x0279f90fed5904eebb5a326df7479ad1539215172a3e549d7545d7fc22c1fcd6,2025-11-03 23:53:41+00:00,1438.2193410000002,No,2025-11-05 06:13:17+00:00,30.326666666666668,0.999,0.0
0x63d43bbb87f85af03b8f2f9e2fad7b54334fa2f1,BUY,42541673615301895829890290486226257940966769125829226067368474110048691276042,0xd7bd58d09efa1ff15be61cf30587e79444971ab125d55b2a88bf6ec04623a0d8,2000.0,0.999,1762214021,Will Curtis Sliwa win the 2025 NYC mayoral election?,will-curtis-sliwa-win-the-2025-nyc-mayoral-election,https://polymarket-upload.s3.us-east-2.amazonaws.com/will-curtis-sliwa-win-the-2025-nyc-mayoral-election-2j1MODhPMJeg.jpg,new-york-city-mayoral-election,No,1,wokerjoesleeper,Vivid-Macrofauna,,,,0x6f43df78182d6d97810b7924a7f5cd47e709178251563b85343d3ba9c1392b50,2025-11-03 23:53:41+00:00,1998.0,No,2025-11-05 06:13:17+00:00,30.326666666666668,0.999,0.0
0xe8dd7741ccb12350957ec71e9ee332e0d1e6ec86,BUY,42541673615301895829890290486226257940966769125829226067368474110048691276042,0xd7bd58d09efa1ff15be61cf30587e79444971ab125d55b2a88bf6ec04623a0d8,2333.333,0.999,1762213973,Will Curtis Sliwa win the 2025 NYC mayoral election?,will-curtis-sliwa-win-the-2025-nyc-mayoral-election,https://polymarket-upload.s3.us-east-2.amazonaws.com/will-curtis-sliwa-win-the-2025-nyc-mayoral-election-2j1MODhPMJeg.jpg,new-york-city-mayoral-election,No,1,influenz.eth,Real-Veteran,,,,0x7245a8be5c116563d0845509f5908fe72bfd1d298daf5cebb93e2c21eec9cf30,2025-11-03 23:52:53+00:00,2330.999667,No,2025-11-05 06:13:17+00:00,30.34,0.999,0.0
0x63d43bbb87f85af03b8f2f9e2fad7b54334fa2f1,BUY,42541673615301895829890290486226257940966769125829226067368474110048691276042,0xd7bd58d09efa1ff15be61cf30587e79444971ab125d55b2a88bf6ec04623a0d8,1863.25,0.999,1762213973,Will Curtis Sliwa win the 2025 NYC mayoral election?,will-curtis-sliwa-win-the-2025-nyc-mayoral-election,https://polymarket-upload.s3.us-east-2.amazonaws.com/will-curtis-sliwa-win-the-2025-nyc-mayoral-election-2j1MODhPMJeg.jpg,new-york-city-mayoral-election,No,1,wokerjoesleeper,Vivid-Macrofauna,,,,0x29cfc80f28d88892092e834bd0c7f0988c009ed0976a6a46bbc013e427ede9b4,2025-11-03 23:52:53+00:00,1861.38675,No,2025-11-05 06:13:17+00:00,30.34,0.999,0.0
0xd218e474776403a330142299f7796e8ba32eb5c9,BUY,42541673615301895829890290486226257940966769125829226067368474110048691276042,0xd7bd58d09efa1ff15be61cf30587e79444971ab125d55b2a88bf6ec04623a0d8,3540.0,0.999,1762201497,Will Curtis Sliwa win the 2025 NYC mayoral election?,will-curtis-sliwa-win-the-2025-nyc-mayoral-election,https://polymarket-upload.s3.us-east-2.amazonaws.com/will-curtis-sliwa-win-the-2025-nyc-mayoral-election-2j1MODhPMJeg.jpg,new-york-city-mayoral-election,No,1,cigarettes,Attentive-Crewman,broken grid,,,0x76186521e80c3efc3995eb734c84bcfda466f19ff45d49825d5569f5631ece80,2025-11-03 20:24:57+00:00,3536.46,No,2025-11-05 06:13:17+00:00,33.80555555555556,0.999,0.0
0xd218e474776403a330142299f7796e8ba32eb5c9,BUY,42541673615301895829890290486226257940966769125829226067368474110048691276042,0xd7bd58d09efa1ff15be61cf30587e79444971ab125d55b2a88bf6ec04623a0d8,1500.0,0.999,1762201471,Will Curtis Sliwa win the 2025 NYC mayoral election?,will-curtis-sliwa-win-the-2025-nyc-mayoral-election,https://polymarket-upload.s3.us-east-2.amazonaws.com/will-curtis-sliwa-win-the-2025-nyc-mayoral-election-2j1MODhPMJeg.jpg,new-york-city-mayoral-election,No,1,cigarettes,Attentive-Crewman,broken grid,,,0x4c7ece566b85d5e8e8bf48e8b69c81464211f4a287d3429d7aa9720af131e946,2025-11-03 20:24:31+00:00,1498.5,No,2025-11-05 06:13:17+00:00,33.812777777777775,0.999,0.0
0x63d43bbb87f85af03b8f2f9e2fad7b54334fa2f1,BUY,42541673615301895829890290486226257940966769125829226067368474110048691276042,0xd7bd58d09efa1ff15be61cf30587e79444971ab125d55b2a88bf6ec04623a0d8,1246.59,0.999,1762201425,Will Curtis Sliwa win the 2025 NYC mayoral election?,will-curtis-sliwa-win-the-2025-nyc-mayoral-election,https://polymarket-upload.s3.us-east-2.amazonaws.com/will-curtis-sliwa-win-the-2025-nyc-mayoral-election-2j1MODhPMJeg.jpg,new-york-city-mayoral-election,No,1,wokerjoesleeper,Vivid-Macrofauna,,,,0xc8b6be614ea498c2637442b2bd42fe3e6e6a275e33845b73d756eae16f702a1b,2025-11-03 20:23:45+00:00,1245.34341,No,2025-11-05 06:13:17+00:00,33.82555555555555,0.999,0.0
0xd218e474776403a330142299f7796e8ba32eb5c9,BUY,42541673615301895829890290486226257940966769125829226067368474110048691276042,0xd7bd58d09efa1ff15be61cf30587e79444971ab125d55b2a88bf6ec04623a0d8,1889.27,0.999,1762201415,Will Curtis Sliwa win the 2025 NYC mayoral election?,will-curtis-sliwa-win-the-2025-nyc-mayoral-election,https://polymarket-upload.s3.us-east-2.amazonaws.com/will-curtis-sliwa-win-the-2025-nyc-mayoral-election-2j1MODhPMJeg.jpg,new-york-city-mayoral-election,No,1,cigarettes,Attentive-Crewman,broken grid,,,0xe67275e4390258ce219f894e21d51341ef0e1b677f29d9363c4391b914844428,2025-11-03 20:23:35+00:00,1887.38073,No,2025-11-05 06:13:17+00:00,33.82833333333333,0.999,0.0
0x3f7aee8f1fafcd873343105b24f83f3f98a9248e,BUY,42541673615301895829890290486226257940966769125829226067368474110048691276042,0xd7bd58d09efa1ff15be61cf30587e79444971ab125d55b2a88bf6ec04623a0d8,2415.0,0.999,1762201411,Will Curtis Sliwa win the 2025 NYC mayoral election?,will-curtis-sliwa-win-the-2025-nyc-mayoral-election,https://polymarket-upload.s3.us-east-2.amazonaws.com/will-curtis-sliwa-win-the-2025-nyc-mayoral-election-2j1MODhPMJeg.jpg,new-york-city-mayoral-election,No,1,costcostaff01,Cool-Spread,,,,0xfdc0356952428a6bf5b7c5d79ad43ec0fd22f935b8caf94271b1300328feb847,2025-11-03 20:23:31+00:00,2412.585,No,2025-11-05 06:13:17+00:00,33.82944444444445,0.999,0.0
0xd218e474776403a330142299f7796e8ba32eb5c9,BUY,42541673615301895829890290486226257940966769125829226067368474110048691276042,0xd7bd58d09efa1ff15be61cf30587e79444971ab125d55b2a88bf6ec04623a0d8,1204.82,0.999,1762201409,Will Curtis Sliwa win the 2025 NYC mayoral election?,will-curtis-sliwa-win-the-2025-nyc-mayoral-election,https://polymarket-upload.s3.us-east-2.amazonaws.com/will-curtis-sliwa-win-the-2025-nyc-mayoral-election-2j1MODhPMJeg.jpg,new-york-city-mayoral-election,No,1,cigarettes,Attentive-Crewman,broken grid,,,0x21635008d402df88aa4512831fb547ed20d823e6dbfd1e69288e9bed759762a2,2025-11-03 20:23:29+00:00,1203.61518,No,2025-11-05 06:13:17+00:00,33.83,0.999,0.0
0xd218e474776403a330142299f7796e8ba32eb5c9,BUY,42541673615301895829890290486226257940966769125829226067368474110048691276042,0xd7bd58d09efa1ff15be61cf30587e79444971ab125d55b2a88bf6ec04623a0d8,3012.05,0.999,1762201387,Will Curtis Sliwa win the 2025 NYC mayoral election?,will-curtis-sliwa-win-the-2025-nyc-mayoral-election,https://polymarket-upload.s3.us-east-2.amazonaws.com/will-curtis-sliwa-win-the-2025-nyc-mayoral-election-2j1MODhPMJeg.jpg,new-york-city-mayoral-election,No,1,cigarettes,Attentive-Crewman,broken grid,,,0x4cbbd470db1ced3e5f9d279d1cf0b005b8c28241f25fdbc1b87781d3a2e17f2f,2025-11-03 20:23:07+00:00,3009.0379500000004,No,2025-11-05 06:13:17+00:00,33.83611111111111,0.999,0.0
0xe8dd7741ccb12350957ec71e9ee332e0d1e6ec86,BUY,42541673615301895829890290486226257940966769125829226067368474110048691276042,0xd7bd58d09efa1ff15be61cf30587e79444971ab125d55b2a88bf6ec04623a0d8,1167.517,0.999,1762201269,Will Curtis Sliwa win the 2025 NYC mayoral election?,will-curtis-sliwa-win-the-2025-nyc-mayoral-election,https://polymarket-upload.s3.us-east-2.amazonaws.com/will-curtis-sliwa-win-the-2025-nyc-mayoral-election-2j1MODhPMJeg.jpg,new-york-city-mayoral-election,No,1,influenz.eth,Real-Veteran,,,,0xe8d66706277e20c73b95607c31f40ef146a7ec236b2aa8f796adf1551a0fce0c,2025-11-03 20:21:09+00:00,1166.349483,No,2025-11-05 06:13:17+00:00,33.86888888888889,0.999,0.0
0x63d43bbb87f85af03b8f2f9e2fad7b54334fa2f1,BUY,42541673615301895829890290486226257940966769125829226067368474110048691276042,0xd7bd58d09efa1ff15be61cf30587e79444971ab125d55b2a88bf6ec04623a0d8,2000.0,0.999,1762201255,Will Curtis Sliwa win the 2025 NYC mayoral election?,will-curtis-sliwa-win-the-2025-nyc-mayoral-election,https://polymarket-upload.s3.us-east-2.amazonaws.com/will-curtis-sliwa-win-the-2025-nyc-mayoral-election-2j1MODhPMJeg.jpg,new-york-city-mayoral-election,No,1,wokerjoesleeper,Vivid-Macrofauna,,,,0x8277d7186ebdfb1aa55e408f03c1823fb258efc8632d6992404bd2a6c0b6ddf4,2025-11-03 20:20:55+00:00,1998.0,No,2025-11-05 06:13:17+00:00,33.87277777777778,0.999,0.0
0xd218e474776403a330142299f7796e8ba32eb5c9,BUY,42541673615301895829890290486226257940966769125829226067368474110048691276042,0xd7bd58d09efa1ff15be61cf30587e79444971ab125d55b2a88bf6ec04623a0d8,2240.0,0.999,1762201253,Will Curtis Sliwa win the 2025 NYC mayoral election?,will-curtis-sliwa-win-the-2025-nyc-mayoral-election,https://polymarket-upload.s3.us-east-2.amazonaws.com/will-curtis-sliwa-win-the-2025-nyc-mayoral-election-2j1MODhPMJeg.jpg,new-york-city-mayoral-election,No,1,cigarettes,Attentive-Crewman,broken grid,,,0x36ca8981bea2f2846c43300ab6dbe4cec7ca8a17f7f8edfba0124ddde89b410f,2025-11-03 20:20:53+00:00,2237.76,No,2025-11-05 06:13:17+00:00,33.873333333333335,0.999,0.0
0x63d43bbb87f85af03b8f2f9e2fad7b54334fa2f1,BUY,42541673615301895829890290486226257940966769125829226067368474110048691276042,0xd7bd58d09efa1ff15be61cf30587e79444971ab125d55b2a88bf6ec04623a0d8,2000.0,0.999,1762201105,Will Curtis Sliwa win the 2025 NYC mayoral election?,will-curtis-sliwa-win-the-2025-nyc-mayoral-election,https://polymarket-upload.s3.us-east-2.amazonaws.com/will-curtis-sliwa-win-the-2025-nyc-mayoral-election-2j1MODhPMJeg.jpg,new-york-city-mayoral-election,No,1,wokerjoesleeper,Vivid-Macrofauna,,,,0x1568658703939635ee8ecb25bb44eeb9a0b7631c88aa7fa92bd903291d52c501,2025-11-03 20:18:25+00:00,1998.0,No,2025-11-05 06:13:17+00:00,33.91444444444444,0.999,0.0
0x63d43bbb87f85af03b8f2f9e2fad7b54334fa2f1,BUY,42541673615301895829890290486226257940966769125829226067368474110048691276042,0xd7bd58d09efa1ff15be61cf30587e79444971ab125d55b2a88bf6ec04623a0d8,1433.0,0.999,1762201073,Will Curtis Sliwa win the 2025 NYC mayoral election?,will-curtis-sliwa-win-the-2025-nyc-mayoral-election,https://polymarket-upload.s3.us-east-2.amazonaws.com/will-curtis-sliwa-win-the-2025-nyc-mayoral-election-2j1MODhPMJeg.jpg,new-york-city-mayoral-election,No,1,wokerjoesleeper,Vivid-Macrofauna,,,,0x81c7e459a13f7e237b8523e68fb26b500ee01b9ef93fca4ce4dc593bece2b630,2025-11-03 20:17:53+00:00,1431.567,No,2025-11-05 06:13:17+00:00,33.92333333333333,0.999,0.0
0x63d43bbb87f85af03b8f2f9e2fad7b54334fa2f1,BUY,42541673615301895829890290486226257940966769125829226067368474110048691276042,0xd7bd58d09efa1ff15be61cf30587e79444971ab125d55b2a88bf6ec04623a0d8,2000.0,0.999,1762200941,Will Curtis Sliwa win the 2025 NYC mayoral election?,will-curtis-sliwa-win-the-2025-nyc-mayoral-election,https://polymarket-upload.s3.us-east-2.amazonaws.com/will-curtis-sliwa-win-the-2025-nyc-mayoral-election-2j1MODhPMJeg.jpg,new-york-city-mayoral-election,No,1,wokerjoesleeper,Vivid-Macrofauna,,,,0x8a1db5e095ed70a62d50a265c6d1c297575501dd6e8172c7e70fd455a8f21bdf,2025-11-03 20:15:41+00:00,1998.0,No,2025-11-05 06:13:17+00:00,33.96,0.999,0.0
0xd218e474776403a330142299f7796e8ba32eb5c9,BUY,42541673615301895829890290486226257940966769125829226067368474110048691276042,0xd7bd58d09efa1ff15be61cf30587e79444971ab125d55b2a88bf6ec04623a0d8,4520.0,0.999,1762200941,Will Curtis Sliwa win the 2025 NYC mayoral election?,will-curtis-sliwa-win-the-2025-nyc-mayoral-election,https://polymarket-upload.s3.us-east-2.amazonaws.com/will-curtis-sliwa-win-the-2025-nyc-mayoral-election-2j1MODhPMJeg.jpg,new-york-city-mayoral-election,No,1,cigarettes,Attentive-Crewman,broken grid,,,0x1f67cbef7c79cb5dd605408204cebcac6f4f070260ea32928bf5b8c5786bf073,2025-11-03 20:15:41+00:00,4515.48,No,2025-11-05 06:13:17+00:00,33.96,0.999,0.0
0xe8dd7741ccb12350957ec71e9ee332e0d1e6ec86,BUY,42541673615301895829890290486226257940966769125829226067368474110048691276042,0xd7bd58d09efa1ff15be61cf30587e79444971ab125d55b2a88bf6ec04623a0d8,2333.333,0.999,1762200941,Will Curtis Sliwa win the 2025 NYC mayoral election?,will-curtis-sliwa-win-the-2025-nyc-mayoral-election,https://polymarket-upload.s3.us-east-2.amazonaws.com/will-curtis-sliwa-win-the-2025-nyc-mayoral-election-2j1MODhPMJeg.jpg,new-york-city-mayoral-election,No,1,influenz.eth,Real-Veteran,,,,0xf8585b3e74f42517fe9c1546d2eb5d22d8182321ee89ac45567bd1c9146b429d,2025-11-03 20:15:41+00:00,2330.999667,No,2025-11-05 06:13:17+00:00,33.96,0.999,0.0
0xe8dd7741ccb12350957ec71e9ee332e0d1e6ec86,BUY,42541673615301895829890290486226257940966769125829226067368474110048691276042,0xd7bd58d09efa1ff15be61cf30587e79444971ab125d55b2a88bf6ec04623a0d8,2243.333,0.999,1762200923,Will Curtis Sliwa win the 2025 NYC mayoral election?,will-curtis-sliwa-win-the-2025-nyc-mayoral-election,https://polymarket-upload.s3.us-east-2.amazonaws.com/will-curtis-sliwa-win-the-2025-nyc-mayoral-election-2j1MODhPMJeg.jpg,new-york-city-mayoral-election,No,1,influenz.eth,Real-Veteran,,,,0x943e14b8d8a32d39f9fac738578191861186efec5ba71774ca4259a83c95e376,2025-11-03 20:15:23+00:00,2241.089667,No,2025-11-05 06:13:17+00:00,33.965,0.999,0.0
0xd218e474776403a330142299f7796e8ba32eb5c9,BUY,42541673615301895829890290486226257940966769125829226067368474110048691276042,0xd7bd58d09efa1ff15be61cf30587e79444971ab125d55b2a88bf6ec04623a0d8,5500.0,0.999,1762200881,Will Curtis Sliwa win the 2025 NYC mayoral election?,will-curtis-sliwa-win-the-2025-nyc-mayoral-election,https://polymarket-upload.s3.us-east-2.amazonaws.com/will-curtis-sliwa-win-the-2025-nyc-mayoral-election-2j1MODhPMJeg.jpg,new-york-city-mayoral-election,No,1,cigarettes,Attentive-Crewman,broken grid,,,0x0ad5e8e666f0acd39298272788c151d8e3b3d4801b1b23733fb2abd7a8074371,2025-11-03 20:14:41+00:00,5494.5,No,2025-11-05 06:13:17+00:00,33.97666666666667,0.999,0.0
0xd218e474776403a330142299f7796e8ba32eb5c9,BUY,42541673615301895829890290486226257940966769125829226067368474110048691276042,0xd7bd58d09efa1ff15be61cf30587e79444971ab125d55b2a88bf6ec04623a0d8,2720.0,0.999,1762200857,Will Curtis Sliwa win the 2025 NYC mayoral election?,will-curtis-sliwa-win-the-2025-nyc-mayoral-election,https://polymarket-upload.s3.us-east-2.amazonaws.com/will-curtis-sliwa-win-the-2025-nyc-mayoral-election-2j1MODhPMJeg.jpg,new-york-city-mayoral-election,No,1,cigarettes,Attentive-Crewman,broken grid,,,0xeeeebf408e8b7a34ce17b2ca371e0871b2e6b332beac7e5d7c512f09fb3f715d,2025-11-03 20:14:17+00:00,2717.28,No,2025-11-05 06:13:17+00:00,33.983333333333334,0.999,0.0
0x63d43bbb87f85af03b8f2f9e2fad7b54334fa2f1,BUY,42541673615301895829890290486226257940966769125829226067368474110048691276042,0xd7bd58d09efa1ff15be61cf30587e79444971ab125d55b2a88bf6ec04623a0d8,1240.48,0.999,1762200841,Will Curtis Sliwa win the 2025 NYC mayoral election?,will-curtis-sliwa-win-the-2025-nyc-mayoral-election,https://polymarket-upload.s3.us-east-2.amazonaws.com/will-curtis-sliwa-win-the-2025-nyc-mayoral-election-2j1MODhPMJeg.jpg,new-york-city-mayoral-election,No,1,wokerjoesleeper,Vivid-Macrofauna,,,,0x93aa20524a3557e5deb0c3e71a8d886e6afa4a971ec635d7173c2c725856dd28,2025-11-03 20:14:01+00:00,1239.23952,No,2025-11-05 06:13:17+00:00,33.98777777777778,0.999,0.0
0xd218e474776403a330142299f7796e8ba32eb5c9,BUY,42541673615301895829890290486226257940966769125829226067368474110048691276042,0xd7bd58d09efa1ff15be61cf30587e79444971ab125d55b2a88bf6ec04623a0d8,1240.0,0.999,1762200841,Will Curtis Sliwa win the 2025 NYC mayoral election?,will-curtis-sliwa-win-the-2025-nyc-mayoral-election,https://polymarket-upload.s3.us-east-2.amazonaws.com/will-curtis-sliwa-win-the-2025-nyc-mayoral-election-2j1MODhPMJeg.jpg,new-york-city-mayoral-election,No,1,cigarettes,Attentive-Crewman,broken grid,,,0x68766f771ac5feacb11307431a1452d754666031d696dfda23905bd3ce1fdcc8,2025-11-03 20:14:01+00:00,1238.76,No,2025-11-05 06:13:17+00:00,33.98777777777778,0.999,0.0
0x63d43bbb87f85af03b8f2f9e2fad7b54334fa2f1,BUY,42541673615301895829890290486226257940966769125829226067368474110048691276042,0xd7bd58d09efa1ff15be61cf30587e79444971ab125d55b2a88bf6ec04623a0d8,1040.0,0.999,1762200619,Will Curtis Sliwa win the 2025 NYC mayoral election?,will-curtis-sliwa-win-the-2025-nyc-mayoral-election,https://polymarket-upload.s3.us-east-2.amazonaws.com/will-curtis-sliwa-win-the-2025-nyc-mayoral-election-2j1MODhPMJeg.jpg,new-york-city-mayoral-election,No,1,wokerjoesleeper,Vivid-Macrofauna,,,,0xb59a2dbc37bd67c83adca1d82876274db6d079aa9da962682897d25f6a50b9de,2025-11-03 20:10:19+00:00,1038.96,No,2025-11-05 06:13:17+00:00,34.04944444444445,0.999,0.0
0x3f7aee8f1fafcd873343105b24f83f3f98a9248e,BUY,42541673615301895829890290486226257940966769125829226067368474110048691276042,0xd7bd58d09efa1ff15be61cf30587e79444971ab125d55b2a88bf6ec04623a0d8,1125.0,0.999,1762200463,Will Curtis Sliwa win the 2025 NYC mayoral election?,will-curtis-sliwa-win-the-2025-nyc-mayoral-election,https://polymarket-upload.s3.us-east-2.amazonaws.com/will-curtis-sliwa-win-the-2025-nyc-mayoral-election-2j1MODhPMJeg.jpg,new-york-city-mayoral-election,No,1,costcostaff01,Cool-Spread,,,,0x9a0e5038c37c099f711eec19f161543b434515acea422ba4200760df426202fd,2025-11-03 20:07:43+00:00,1123.875,No,2025-11-05 06:13:17+00:00,34.092777777777776,0.999,0.0
0x3f7aee8f1fafcd873343105b24f83f3f98a9248e,BUY,42541673615301895829890290486226257940966769125829226067368474110048691276042,0xd7bd58d09efa1ff15be61cf30587e79444971ab125d55b2a88bf6ec04623a0d8,1607.0,0.999,1762200457,Will Curtis Sliwa win the 2025 NYC mayoral election?,will-curtis-sliwa-win-the-2025-nyc-mayoral-election,https://polymarket-upload.s3.us-east-2.amazonaws.com/will-curtis-sliwa-win-the-2025-nyc-mayoral-election-2j1MODhPMJeg.jpg,new-york-city-mayoral-election,No,1,costcostaff01,Cool-Spread,,,,0xccbc5cd15c6c938781516708b09b3627a84895ae167e2dcb1023cdf98cd962c5,2025-11-03 20:07:37+00:00,1605.393,No,2025-11-05 06:13:17+00:00,34.09444444444444,0.999,0.0
0x3f7aee8f1fafcd873343105b24f83f3f98a9248e,BUY,42541673615301895829890290486226257940966769125829226067368474110048691276042,0xd7bd58d09efa1ff15be61cf30587e79444971ab125d55b2a88bf6ec04623a0d8,3000.0,0.999,1762200451,Will Curtis Sliwa win the 2025 NYC mayoral election?,will-curtis-sliwa-win-the-2025-nyc-mayoral-election,https://polymarket-upload.s3.us-east-2.amazonaws.com/will-curtis-sliwa-win-the-2025-nyc-mayoral-election-2j1MODhPMJeg.jpg,new-york-city-mayoral-election,No,1,costcostaff01,Cool-Spread,,,,0x68654b496d7f63a9356a8b1a0d3ac0939e1b78c24ba115f4f1440acfcc81dbb4,2025-11-03 20:07:31+00:00,2997.0,No,2025-11-05 06:13:17+00:00,34.096111111111114,0.999,0.0
0x63d43bbb87f85af03b8f2f9e2fad7b54334fa2f1,BUY,42541673615301895829890290486226257940966769125829226067368474110048691276042,0xd7bd58d09efa1ff15be61cf30587e79444971ab125d55b2a88bf6ec04623a0d8,1641.13,0.999,1762200449,Will Curtis Sliwa win the 2025 NYC mayoral election?,will-curtis-sliwa-win-the-2025-nyc-mayoral-election,https://polymarket-upload.s3.us-east-2.amazonaws.com/will-curtis-sliwa-win-the-2025-nyc-mayoral-election-2j1MODhPMJeg.jpg,new-york-city-mayoral-election,No,1,wokerjoesleeper,Vivid-Macrofauna,,,,0xa15ee848d0eaf96e31cb1f273cd9dd5933ab58c725d54d44ac73bde3564b9ab0,2025-11-03 20:07:29+00:00,1639.4888700000001,No,2025-11-05 06:13:17+00:00,34.096666666666664,0.999,0.0
0xd218e474776403a330142299f7796e8ba32eb5c9,BUY,42541673615301895829890290486226257940966769125829226067368474110048691276042,0xd7bd58d09efa1ff15be61cf30587e79444971ab125d55b2a88bf6ec04623a0d8,1432.69,0.999,1762200307,Will Curtis Sliwa win the 2025 NYC mayoral election?,will-curtis-sliwa-win-the-2025-nyc-mayoral-election,https://polymarket-upload.s3.us-east-2.amazonaws.com/will-curtis-sliwa-win-the-2025-nyc-mayoral-election-2j1MODhPMJeg.jpg,new-york-city-mayoral-election,No,1,cigarettes,Attentive-Crewman,broken grid,,,0x6582801bb2723191c2b35b9ffe9cc1c1c47bf4a6384364a052cd9e48ae16a9d8,2025-11-03 20:05:07+00:00,1431.25731,No,2025-11-05 06:13:17+00:00,34.13611111111111,0.999,0.0
0xd218e474776403a330142299f7796e8ba32eb5c9,BUY,42541673615301895829890290486226257940966769125829226067368474110048691276042,0xd7bd58d09efa1ff15be61cf30587e79444971ab125d55b2a88bf6ec04623a0d8,2820.0,0.999,1762200201,Will Curtis Sliwa win the 2025 NYC mayoral election?,will-curtis-sliwa-win-the-2025-nyc-mayoral-election,https://polymarket-upload.s3.us-east-2.amazonaws.com/will-curtis-sliwa-win-the-2025-nyc-mayoral-election-2j1MODhPMJeg.jpg,new-york-city-mayoral-election,No,1,cigarettes,Attentive-Crewman,broken grid,,,0xe9a03a1d803cefa42e5117b89b1d939ecc1861185a4b98002e90638c4f7bddfd,2025-11-03 20:03:21+00:00,2817.18,No,2025-11-05 06:13:17+00:00,34.16555555555556,0.999,0.0
0xd218e474776403a330142299f7796e8ba32eb5c9,BUY,42541673615301895829890290486226257940966769125829226067368474110048691276042,0xd7bd58d09efa1ff15be61cf30587e79444971ab125d55b2a88bf6ec04623a0d8,1508.57,0.999,1762200179,Will Curtis Sliwa win the 2025 NYC mayoral election?,will-curtis-sliwa-win-the-2025-nyc-mayoral-election,https://polymarket-upload.s3.us-east-2.amazonaws.com/will-curtis-sliwa-win-the-2025-nyc-mayoral-election-2j1MODhPMJeg.jpg,new-york-city-mayoral-election,No,1,cigarettes,Attentive-Crewman,broken grid,,,0x103054104a70b8fd445b763bd714d5ad3e085f55600073aaa4bc9b99064d9017,2025-11-03 20:02:59+00:00,1507.06143,No,2025-11-05 06:13:17+00:00,34.17166666666667,0.999,0.0
0xe8dd7741ccb12350957ec71e9ee332e0d1e6ec86,BUY,42541673615301895829890290486226257940966769125829226067368474110048691276042,0xd7bd58d09efa1ff15be61cf30587e79444971ab125d55b2a88bf6ec04623a0d8,2000.0,0.999,1762200179,Will Curtis Sliwa win the 2025 NYC mayoral election?,will-curtis-sliwa-win-the-2025-nyc-mayoral-election,https://polymarket-upload.s3.us-east-2.amazonaws.com/will-curtis-sliwa-win-the-2025-nyc-mayoral-election-2j1MODhPMJeg.jpg,new-york-city-mayoral-election,No,1,influenz.eth,Real-Veteran,,,,0xb29e164ac75da1382c64f353bcf24e50e7603e85ecbd3ef117906a8897c3ca56,2025-11-03 20:02:59+00:00,1998.0,No,2025-11-05 06:13:17+00:00,34.17166666666667,0.999,0.0
0xe8dd7741ccb12350957ec71e9ee332e0d1e6ec86,BUY,42541673615301895829890290486226257940966769125829226067368474110048691276042,0xd7bd58d09efa1ff15be61cf30587e79444971ab125d55b2a88bf6ec04623a0d8,2333.333,0.999,1762200087,Will Curtis Sliwa win the 2025 NYC mayoral election?,will-curtis-sliwa-win-the-2025-nyc-mayoral-election,https://polymarket-upload.s3.us-east-2.amazonaws.com/will-curtis-sliwa-win-the-2025-nyc-mayoral-election-2j1MODhPMJeg.jpg,new-york-city-mayoral-election,No,1,influenz.eth,Real-Veteran,,,,0x330e67844578018b82a1c61a60f375df53c6380a4425188c2a6780a255cc4d2c,2025-11-03 20:01:27+00:00,2330.999667,No,2025-11-05 06:13:17+00:00,34.19722222222222,0.999,0.0
0x3f7aee8f1fafcd873343105b24f83f3f98a9248e,BUY,42541673615301895829890290486226257940966769125829226067368474110048691276042,0xd7bd58d09efa1ff15be61cf30587e79444971ab125d55b2a88bf6ec04623a0d8,2063.0,0.999,1762200065,Will Curtis Sliwa win the 2025 NYC mayoral election?,will-curtis-sliwa-win-the-2025-nyc-mayoral-election,https://polymarket-upload.s3.us-east-2.amazonaws.com/will-curtis-sliwa-win-the-2025-nyc-mayoral-election-2j1MODhPMJeg.jpg,new-york-city-mayoral-election,No,1,costcostaff01,Cool-Spread,,,,0x5ecb74df06421eaf30221da3a22e4261a7cfd179830e49311cfeffa9510d939e,2025-11-03 20:01:05+00:00,2060.937,No,2025-11-05 06:13:17+00:00,34.20333333333333,0.999,0.0
0x3f7aee8f1fafcd873343105b24f83f3f98a9248e,BUY,42541673615301895829890290486226257940966769125829226067368474110048691276042,0xd7bd58d09efa1ff15be61cf30587e79444971ab125d55b2a88bf6ec04623a0d8,3020.0,0.999,1762200059,Will Curtis Sliwa win the 2025 NYC mayoral election?,will-curtis-sliwa-win-the-2025-nyc-mayoral-election,https://polymarket-upload.s3.us-east-2.amazonaws.com/will-curtis-sliwa-win-the-2025-nyc-mayoral-election-2j1MODhPMJeg.jpg,new-york-city-mayoral-election,No,1,costcostaff01,Cool-Spread,,,,0xb8a07eb6a4a7991bdfa1bfe38204dd4722c2f138334f7f0e5ab8e074d0375a63,2025-11-03 20:00:59+00:00,3016.98,No,2025-11-05 06:13:17+00:00,34.205,0.999,0.0
0xd218e474776403a330142299f7796e8ba32eb5c9,BUY,42541673615301895829890290486226257940966769125829226067368474110048691276042,0xd7bd58d09efa1ff15be61cf30587e79444971ab125d55b2a88bf6ec04623a0d8,9000.0,0.999,1762199857,Will Curtis Sliwa win the 2025 NYC mayoral election?,will-curtis-sliwa-win-the-2025-nyc-mayoral-election,https://polymarket-upload.s3.us-east-2.amazonaws.com/will-curtis-sliwa-win-the-2025-nyc-mayoral-election-2j1MODhPMJeg.jpg,new-york-city-mayoral-election,No,1,cigarettes,Attentive-Crewman,broken grid,,,0x6ea258cc5cdede7293081f9765fa0ed241834ab8355e6d7525dc9fdcc0ceb07c,2025-11-03 19:57:37+00:00,8991.0,No,2025-11-05 06:13:17+00:00,34.26111111111111,0.999,0.0
0x63d43bbb87f85af03b8f2f9e2fad7b54334fa2f1,BUY,42541673615301895829890290486226257940966769125829226067368474110048691276042,0xd7bd58d09efa1ff15be61cf30587e79444971ab125d55b2a88bf6ec04623a0d8,1938.29,0.999,1762199857,Will Curtis Sliwa win the 2025 NYC mayoral election?,will-curtis-sliwa-win-the-2025-nyc-mayoral-election,https://polymarket-upload.s3.us-east-2.amazonaws.com/will-curtis-sliwa-win-the-2025-nyc-mayoral-election-2j1MODhPMJeg.jpg,new-york-city-mayoral-election,No,1,wokerjoesleeper,Vivid-Macrofauna,,,,0x6260e9b2652bb49f51ace1babf2ceb5c260e669cb6be976c7d835a365e508ddb,2025-11-03 19:57:37+00:00,1936.35171,No,2025-11-05 06:13:17+00:00,34.26111111111111,0.999,0.0
0xe8dd7741ccb12350957ec71e9ee332e0d1e6ec86,BUY,42541673615301895829890290486226257940966769125829226067368474110048691276042,0xd7bd58d09efa1ff15be61cf30587e79444971ab125d55b2a88bf6ec04623a0d8,2333.333,0.999,1762199857,Will Curtis Sliwa win the 2025 NYC mayoral election?,will-curtis-sliwa-win-the-2025-nyc-mayoral-election,https://polymarket-upload.s3.us-east-2.amazonaws.com/will-curtis-sliwa-win-the-2025-nyc-mayoral-election-2j1MODhPMJeg.jpg,new-york-city-mayoral-election,No,1,influenz.eth,Real-Veteran,,,,0x068a2c1cab85afd8b27b98a4ccfcaac31af51f7b61f9f41d4e29ce9c1263b65b,2025-11-03 19:57:37+00:00,2330.999667,No,2025-11-05 06:13:17+00:00,34.26111111111111,0.999,0.0
0xd218e474776403a330142299f7796e8ba32eb5c9,BUY,42541673615301895829890290486226257940966769125829226067368474110048691276042,0xd7bd58d09efa1ff15be61cf30587e79444971ab125d55b2a88bf6ec04623a0d8,9000.0,0.999,1762199649,Will Curtis Sliwa win the 2025 NYC mayoral election?,will-curtis-sliwa-win-the-2025-nyc-mayoral-election,https://polymarket-upload.s3.us-east-2.amazonaws.com/will-curtis-sliwa-win-the-2025-nyc-mayoral-election-2j1MODhPMJeg.jpg,new-york-city-mayoral-election,No,1,cigarettes,Attentive-Crewman,broken grid,,,0xdef63cd4c161838ff1667d3208d9e08542e72ab171014ee842e55e93b939436f,2025-11-03 19:54:09+00:00,8991.0,No,2025-11-05 06:13:17+00:00,34.318888888888885,0.999,0.0
0xd218e474776403a330142299f7796e8ba32eb5c9,BUY,42541673615301895829890290486226257940966769125829226067368474110048691276042,0xd7bd58d09efa1ff15be61cf30587e79444971ab125d55b2a88bf6ec04623a0d8,1088.6,0.999,1762199617,Will Curtis Sliwa win the 2025 NYC mayoral election?,will-curtis-sliwa-win-the-2025-nyc-mayoral-election,https://polymarket-upload.s3.us-east-2.amazonaws.com/will-curtis-sliwa-win-the-2025-nyc-mayoral-election-2j1MODhPMJeg.jpg,new-york-city-mayoral-election,No,1,cigarettes,Attentive-Crewman,broken grid,,,0x4b90ba570aee5dccc4d1cd8f58d46d1789129e7f7edddfc83128cbaf4ce31eda,2025-11-03 19:53:37+00:00,1087.5113999999999,No,2025-11-05 06:13:17+00:00,34.327777777777776,0.999,0.0
0xe8dd7741ccb12350957ec71e9ee332e0d1e6ec86,BUY,42541673615301895829890290486226257940966769125829226067368474110048691276042,0xd7bd58d09efa1ff15be61cf30587e79444971ab125d55b2a88bf6ec04623a0d8,2127.867,0.999,1762199615,Will Curtis Sliwa win the 2025 NYC mayoral election?,will-curtis-sliwa-win-the-2025-nyc-mayoral-election,https://polymarket-upload.s3.us-east-2.amazonaws.com/will-curtis-sliwa-win-the-2025-nyc-mayoral-election-2j1MODhPMJeg.jpg,new-york-city-mayoral-election,No,1,influenz.eth,Real-Veteran,,,,0xf8d95e0f39db53f2e03bafdb02600b5e8a4fff93ab695e1d8be6eff1d4c2761c,2025-11-03 19:53:35+00:00,2125.739133,No,2025-11-05 06:13:17+00:00,34.32833333333333,0.999,0.0
0xd218e474776403a330142299f7796e8ba32eb5c9,BUY,42541673615301895829890290486226257940966769125829226067368474110048691276042,0xd7bd58d09efa1ff15be61cf30587e79444971ab125d55b2a88bf6ec04623a0d8,1527.71,0.999,1762199543,Will Curtis Sliwa win the 2025 NYC mayoral election?,will-curtis-sliwa-win-the-2025-nyc-mayoral-election,https://polymarket-upload.s3.us-east-2.amazonaws.com/will-curtis-sliwa-win-the-2025-nyc-mayoral-election-2j1MODhPMJeg.jpg,new-york-city-mayoral-election,No,1,cigarettes,Attentive-Crewman,broken grid,,,0x7520dd1c7662dfae168af1fd2e3a91014f96098392b65a3b32eed66c947f2914,2025-11-03 19:52:23+00:00,1526.18229,No,2025-11-05 06:13:17+00:00,34.348333333333336,0.999,0.0
0xe8dd7741ccb12350957ec71e9ee332e0d1e6ec86,BUY,42541673615301895829890290486226257940966769125829226067368474110048691276042,0xd7bd58d09efa1ff15be61cf30587e79444971ab125d55b2a88bf6ec04623a0d8,2333.333,0.999,1762199509,Will Curtis Sliwa win the 2025 NYC mayoral election?,will-curtis-sliwa-win-the-2025-nyc-mayoral-election,https://polymarket-upload.s3.us-east-2.amazonaws.com/will-curtis-sliwa-win-the-2025-nyc-mayoral-election-2j1MODhPMJeg.jpg,new-york-city-mayoral-election,No,1,influenz.eth,Real-Veteran,,,,0xb6343338ea336c5899b7f9acd9f222c52374444fc6d0d970640c7d3904505095,2025-11-03 19:51:49+00:00,2330.999667,No,2025-11-05 06:13:17+00:00,34.35777777777778,0.999,0.0
0xd218e474776403a330142299f7796e8ba32eb5c9,BUY,42541673615301895829890290486226257940966769125829226067368474110048691276042,0xd7bd58d09efa1ff15be61cf30587e79444971ab125d55b2a88bf6ec04623a0d8,5123.42,0.999,1762199509,Will Curtis Sliwa win the 2025 NYC mayoral election?,will-curtis-sliwa-win-the-2025-nyc-mayoral-election,https://polymarket-upload.s3.us-east-2.amazonaws.com/will-curtis-sliwa-win-the-2025-nyc-mayoral-election-2j1MODhPMJeg.jpg,new-york-city-mayoral-election,No,1,cigarettes,Attentive-Crewman,broken grid,,,0xbf0d541c57feacb41ca5326c1cea72d98566252794790d4c8b27308c2bfff47b,2025-11-03 19:51:49+00:00,5118.29658,No,2025-11-05 06:13:17+00:00,34.35777777777778,0.999,0.0
0xd218e474776403a330142299f7796e8ba32eb5c9,BUY,42541673615301895829890290486226257940966769125829226067368474110048691276042,0xd7bd58d09efa1ff15be61cf30587e79444971ab125d55b2a88bf6ec04623a0d8,8625.25,0.999,1762199251,Will Curtis Sliwa win the 2025 NYC mayoral election?,will-curtis-sliwa-win-the-2025-nyc-mayoral-election,https://polymarket-upload.s3.us-east-2.amazonaws.com/will-curtis-sliwa-win-the-2025-nyc-mayoral-election-2j1MODhPMJeg.jpg,new-york-city-mayoral-election,No,1,cigarettes,Attentive-Crewman,broken grid,,,0xf39bf717ebdb81d690af252cbe76eeccaaea75e7854e4be82145da8a5e7ad515,2025-11-03 19:47:31+00:00,8616.62475,No,2025-11-05 06:13:17+00:00,34.42944444444444,0.999,0.0
0xe8dd7741ccb12350957ec71e9ee332e0d1e6ec86,BUY,42541673615301895829890290486226257940966769125829226067368474110048691276042,0xd7bd58d09efa1ff15be61cf30587e79444971ab125d55b2a88bf6ec04623a0d8,2333.333,0.999,1762199251,Will Curtis Sliwa win the 2025 NYC mayoral election?,will-curtis-sliwa-win-the-2025-nyc-mayoral-election,https://polymarket-upload.s3.us-east-2.amazonaws.com/will-curtis-sliwa-win-the-2025-nyc-mayoral-election-2j1MODhPMJeg.jpg,new-york-city-mayoral-election,No,1,influenz.eth,Real-Veteran,,,,0x1484bb1ca40cf472797bcad8aea5f3494ae0c65ad3529bc34887fb45782f734a,2025-11-03 19:47:31+00:00,2330.999667,No,2025-11-05 06:13:17+00:00,34.42944444444444,0.999,0.0
0xca8e9533bf61136f39c31e76e36b2087c3dca742,BUY,42541673615301895829890290486226257940966769125829226067368474110048691276042,0xd7bd58d09efa1ff15be61cf30587e79444971ab125d55b2a88bf6ec04623a0d8,9270.0,0.999,1762199159,Will Curtis Sliwa win the 2025 NYC mayoral election?,will-curtis-sliwa-win-the-2025-nyc-mayoral-election,https://polymarket-upload.s3.us-east-2.amazonaws.com/will-curtis-sliwa-win-the-2025-nyc-mayoral-election-2j1MODhPMJeg.jpg,new-york-city-mayoral-election,No,1,medal,Defenseless-Gauntlet,,,,0x4c274dcb23e829416f4e30938ef3a05ef67604dc3b24fa6c3eedcdf0585adf96,2025-11-03 19:45:59+00:00,9260.73,No,2025-11-05 06:13:17+00:00,34.455,0.999,0.0
0xb48b9192dc52eed724fa58c66fa8926d06a3648e,BUY,42541673615301895829890290486226257940966769125829226067368474110048691276042,0xd7bd58d09efa1ff15be61cf30587e79444971ab125d55b2a88bf6ec04623a0d8,3872.9,0.999,1762198771,Will Curtis Sliwa win the 2025 NYC mayoral election?,will-curtis-sliwa-win-the-2025-nyc-mayoral-election,https://polymarket-upload.s3.us-east-2.amazonaws.com/will-curtis-sliwa-win-the-2025-nyc-mayoral-election-2j1MODhPMJeg.jpg,new-york-city-mayoral-election,No,1,Cookedtan,Icky-Tide,6650,https://polymarket-upload.s3.us-east-2.amazonaws.com/profile-image-2799922-15b860f4-0011-4c70-8833-f11d9f457b01.jpeg,,0xb53a4c635aa6e76a1154a54bbea40e13e896348e4be3bda597ff3c384331bc52,2025-11-03 19:39:31+00:00,3869.0271000000002,No,2025-11-05 06:13:17+00:00,34.562777777777775,0.999,0.0
0xe8dd7741ccb12350957ec71e9ee332e0d1e6ec86,BUY,42541673615301895829890290486226257940966769125829226067368474110048691276042,0xd7bd58d09efa1ff15be61cf30587e79444971ab125d55b2a88bf6ec04623a0d8,2333.333,0.999,1762198591,Will Curtis Sliwa win the 2025 NYC mayoral election?,will-curtis-sliwa-win-the-2025-nyc-mayoral-election,https://polymarket-upload.s3.us-east-2.amazonaws.com/will-curtis-sliwa-win-the-2025-nyc-mayoral-election-2j1MODhPMJeg.jpg,new-york-city-mayoral-election,No,1,influenz.eth,Real-Veteran,,,,0x1738b6f31a2814a0d0efcf10bcf1f69b0b6e87eb59cbd02bb2ab34c9ceb58a55,2025-11-03 19:36:31+00:00,2330.999667,No,2025-11-05 06:13:17+00:00,34.61277777777778,0.999,0.0
0xd218e474776403a330142299f7796e8ba32eb5c9,BUY,42541673615301895829890290486226257940966769125829226067368474110048691276042,0xd7bd58d09efa1ff15be61cf30587e79444971ab125d55b2a88bf6ec04623a0d8,1695.67,0.999,1762198591,Will Curtis Sliwa win the 2025 NYC mayoral election?,will-curtis-sliwa-win-the-2025-nyc-mayoral-election,https://polymarket-upload.s3.us-east-2.amazonaws.com/will-curtis-sliwa-win-the-2025-nyc-mayoral-election-2j1MODhPMJeg.jpg,new-york-city-mayoral-election,No,1,cigarettes,Attentive-Crewman,broken grid,,,0xb6d72625d1b12782491376e846bfe6f5cfaa1f509345ea0e8dea2f5d9f43cb32,2025-11-03 19:36:31+00:00,1693.97433,No,2025-11-05 06:13:17+00:00,34.61277777777778,0.999,0.0
0xd218e474776403a330142299f7796e8ba32eb5c9,BUY,42541673615301895829890290486226257940966769125829226067368474110048691276042,0xd7bd58d09efa1ff15be61cf30587e79444971ab125d55b2a88bf6ec04623a0d8,3720.0,0.999,1762198391,Will Curtis Sliwa win the 2025 NYC mayoral election?,will-curtis-sliwa-win-the-2025-nyc-mayoral-election,https://polymarket-upload.s3.us-east-2.amazonaws.com/will-curtis-sliwa-win-the-2025-nyc-mayoral-election-2j1MODhPMJeg.jpg,new-york-city-mayoral-election,No,1,cigarettes,Attentive-Crewman,broken grid,,,0x2f80353a06fad37199d86b81144e685b49fe833c95b4cb9b1fb59ccf8072388e,2025-11-03 19:33:11+00:00,3716.28,No,2025-11-05 06:13:17+00:00,34.66833333333334,0.999,0.0
0xe8dd7741ccb12350957ec71e9ee332e0d1e6ec86,BUY,42541673615301895829890290486226257940966769125829226067368474110048691276042,0xd7bd58d09efa1ff15be61cf30587e79444971ab125d55b2a88bf6ec04623a0d8,2333.333,0.999,1762198345,Will Curtis Sliwa win the 2025 NYC mayoral election?,will-curtis-sliwa-win-the-2025-nyc-mayoral-election,https://polymarket-upload.s3.us-east-2.amazonaws.com/will-curtis-sliwa-win-the-2025-nyc-mayoral-election-2j1MODhPMJeg.jpg,new-york-city-mayoral-election,No,1,influenz.eth,Real-Veteran,,,,0x7afb46e4b6362048487f4eb6e20edfaaa133378bd214a4c527f95a2c0b7047a9,2025-11-03 19:32:25+00:00,2330.999667,No,2025-11-05 06:13:17+00:00,34.681111111111115,0.999,0.0
0xd218e474776403a330142299f7796e8ba32eb5c9,BUY,42541673615301895829890290486226257940966769125829226067368474110048691276042,0xd7bd58d09efa1ff15be61cf30587e79444971ab125d55b2a88bf6ec04623a0d8,2676.4,0.999,1762198343,Will Curtis Sliwa win the 2025 NYC mayoral election?,will-curtis-sliwa-win-the-2025-nyc-mayoral-election,https://polymarket-upload.s3.us-east-2.amazonaws.com/will-curtis-sliwa-win-the-2025-nyc-mayoral-election-2j1MODhPMJeg.jpg,new-york-city-mayoral-election,No,1,cigarettes,Attentive-Crewman,broken grid,,,0x8cc980fe2d77ee4859e935a0f6f52aeaca37567fa202ef62e7843c07ccf6d637,2025-11-03 19:32:23+00:00,2673.7236000000003,No,2025-11-05 06:13:17+00:00,34.681666666666665,0.999,0.0
0xd218e474776403a330142299f7796e8ba32eb5c9,BUY,42541673615301895829890290486226257940966769125829226067368474110048691276042,0xd7bd58d09efa1ff15be61cf30587e79444971ab125d55b2a88bf6ec04623a0d8,2500.0,0.999,1762198265,Will Curtis Sliwa win the 2025 NYC mayoral election?,will-curtis-sliwa-win-the-2025-nyc-mayoral-election,https://polymarket-upload.s3.us-east-2.amazonaws.com/will-curtis-sliwa-win-the-2025-nyc-mayoral-election-2j1MODhPMJeg.jpg,new-york-city-mayoral-election,No,1,cigarettes,Attentive-Crewman,broken grid,,,0xebf7475cc0d37b34c1590a23e30799de1c4c8f52af164455bd72972bb9854e8c,2025-11-03 19:31:05+00:00,2497.5,No,2025-11-05 06:13:17+00:00,34.70333333333333,0.999,0.0
0xd218e474776403a330142299f7796e8ba32eb5c9,BUY,42541673615301895829890290486226257940966769125829226067368474110048691276042,0xd7bd58d09efa1ff15be61cf30587e79444971ab125d55b2a88bf6ec04623a0d8,1845.15,0.999,1762198189,Will Curtis Sliwa win the 2025 NYC mayoral election?,will-curtis-sliwa-win-the-2025-nyc-mayoral-election,https://polymarket-upload.s3.us-east-2.amazonaws.com/will-curtis-sliwa-win-the-2025-nyc-mayoral-election-2j1MODhPMJeg.jpg,new-york-city-mayoral-election,No,1,cigarettes,Attentive-Crewman,broken grid,,,0x9cebf228a5092f01dde5f7d768294fd2cbec86c014aa76d236ee9e8e4de00930,2025-11-03 19:29:49+00:00,1843.30485,No,2025-11-05 06:13:17+00:00,34.724444444444444,0.999,0.0
0x3f7aee8f1fafcd873343105b24f83f3f98a9248e,BUY,42541673615301895829890290486226257940966769125829226067368474110048691276042,0xd7bd58d09efa1ff15be61cf30587e79444971ab125d55b2a88bf6ec04623a0d8,1275.0,0.999,1762198039,Will Curtis Sliwa win the 2025 NYC mayoral election?,will-curtis-sliwa-win-the-2025-nyc-mayoral-election,https://polymarket-upload.s3.us-east-2.amazonaws.com/will-curtis-sliwa-win-the-2025-nyc-mayoral-election-2j1MODhPMJeg.jpg,new-york-city-mayoral-election,No,1,costcostaff01,Cool-Spread,,,,0x90b0e0afd92c34797b65a4ecdcb91262e572ca3bf47f1baab4adbcec605bd537,2025-11-03 19:27:19+00:00,1273.725,No,2025-11-05 06:13:17+00:00,34.76611111111111,0.999,0.0
0xb48b9192dc52eed724fa58c66fa8926d06a3648e,BUY,42541673615301895829890290486226257940966769125829226067368474110048691276042,0xd7bd58d09efa1ff15be61cf30587e79444971ab125d55b2a88bf6ec04623a0d8,9348.73,0.999,1762197583,Will Curtis Sliwa win the 2025 NYC mayoral election?,will-curtis-sliwa-win-the-2025-nyc-mayoral-election,https://polymarket-upload.s3.us-east-2.amazonaws.com/will-curtis-sliwa-win-the-2025-nyc-mayoral-election-2j1MODhPMJeg.jpg,new-york-city-mayoral-election,No,1,Cookedtan,Icky-Tide,6650,https://polymarket-upload.s3.us-east-2.amazonaws.com/profile-image-2799922-15b860f4-0011-4c70-8833-f11d9f457b01.jpeg,,0x2fefebe7537d8c510c6aa854885afd607e9360b858c37f4990515500e9590254,2025-11-03 19:19:43+00:00,9339.38127,No,2025-11-05 06:13:17+00:00,34.89277777777778,0.999,0.0
0xe8dd7741ccb12350957ec71e9ee332e0d1e6ec86,BUY,42541673615301895829890290486226257940966769125829226067368474110048691276042,0xd7bd58d09efa1ff15be61cf30587e79444971ab125d55b2a88bf6ec04623a0d8,2333.333,0.999,1762197581,Will Curtis Sliwa win the 2025 NYC mayoral election?,will-curtis-sliwa-win-the-2025-nyc-mayoral-election,https://polymarket-upload.s3.us-east-2.amazonaws.com/will-curtis-sliwa-win-the-2025-nyc-mayoral-election-2j1MODhPMJeg.jpg,new-york-city-mayoral-election,No,1,influenz.eth,Real-Veteran,,,,0x9979b3285af4ff5e99c5e2a845a60796097706adc41158249ad2de9920991084,2025-11-03 19:19:41+00:00,2330.999667,No,2025-11-05 06:13:17+00:00,34.89333333333333,0.999,0.0
0xe8dd7741ccb12350957ec71e9ee332e0d1e6ec86,BUY,42541673615301895829890290486226257940966769125829226067368474110048691276042,0xd7bd58d09efa1ff15be61cf30587e79444971ab125d55b2a88bf6ec04623a0d8,1917.387,0.999,1762197531,Will Curtis Sliwa win the 2025 NYC mayoral election?,will-curtis-sliwa-win-the-2025-nyc-mayoral-election,https://polymarket-upload.s3.us-east-2.amazonaws.com/will-curtis-sliwa-win-the-2025-nyc-mayoral-election-2j1MODhPMJeg.jpg,new-york-city-mayoral-election,No,1,influenz.eth,Real-Veteran,,,,0x8ca0856fd3c1b2c7bdf859dde0e24e66e4a93c3220954c1552cfd24452844b69,2025-11-03 19:18:51+00:00,1915.469613,No,2025-11-05 06:13:17+00:00,34.907222222222224,0.999,0.0
0x63d43bbb87f85af03b8f2f9e2fad7b54334fa2f1,BUY,42541673615301895829890290486226257940966769125829226067368474110048691276042,0xd7bd58d09efa1ff15be61cf30587e79444971ab125d55b2a88bf6ec04623a0d8,1968.41,0.999,1762197487,Will Curtis Sliwa win the 2025 NYC mayoral election?,will-curtis-sliwa-win-the-2025-nyc-mayoral-election,https://polymarket-upload.s3.us-east-2.amazonaws.com/will-curtis-sliwa-win-the-2025-nyc-mayoral-election-2j1MODhPMJeg.jpg,new-york-city-mayoral-election,No,1,wokerjoesleeper,Vivid-Macrofauna,,,,0x191533224a2e446582b7f034bdff1b076fae9b2cae98cec9f90c7b56e29c2a9b,2025-11-03 19:18:07+00:00,1966.4415900000001,No,2025-11-05 06:13:17+00:00,34.919444444444444,0.999,0.0
0x63d43bbb87f85af03b8f2f9e2fad7b54334fa2f1,BUY,42541673615301895829890290486226257940966769125829226067368474110048691276042,0xd7bd58d09efa1ff15be61cf30587e79444971ab125d55b2a88bf6ec04623a0d8,1118.32,0.999,1762197367,Will Curtis Sliwa win the 2025 NYC mayoral election?,will-curtis-sliwa-win-the-2025-nyc-mayoral-election,https://polymarket-upload.s3.us-east-2.amazonaws.com/will-curtis-sliwa-win-the-2025-nyc-mayoral-election-2j1MODhPMJeg.jpg,new-york-city-mayoral-election,No,1,wokerjoesleeper,Vivid-Macrofauna,,,,0xde48c862dc2c03e25e7a4195d6e849572b8ff3e8e1da2836e7fde386e506713d,2025-11-03 19:16:07+00:00,1117.20168,No,2025-11-05 06:13:17+00:00,34.952777777777776,0.999,0.0
0xe8dd7741ccb12350957ec71e9ee332e0d1e6ec86,BUY,42541673615301895829890290486226257940966769125829226067368474110048691276042,0xd7bd58d09efa1ff15be61cf30587e79444971ab125d55b2a88bf6ec04623a0d8,1586.096,0.999,1762196865,Will Curtis Sliwa win the 2025 NYC mayoral election?,will-curtis-sliwa-win-the-2025-nyc-mayoral-election,https://polymarket-upload.s3.us-east-2.amazonaws.com/will-curtis-sliwa-win-the-2025-nyc-mayoral-election-2j1MODhPMJeg.jpg,new-york-city-mayoral-election,No,1,influenz.eth,Real-Veteran,,,,0xffebc772f0579b399b5a561295b7c28bad7e77838a3fd8af21728c3048db376c,2025-11-03 19:07:45+00:00,1584.509904,No,2025-11-05 06:13:17+00:00,35.09222222222222,0.999,0.0
0xe8dd7741ccb12350957ec71e9ee332e0d1e6ec86,BUY,42541673615301895829890290486226257940966769125829226067368474110048691276042,0xd7bd58d09efa1ff15be61cf30587e79444971ab125d55b2a88bf6ec04623a0d8,1108.218,0.999,1762196847,Will Curtis Sliwa win the 2025 NYC mayoral election?,will-curtis-sliwa-win-the-2025-nyc-mayoral-election,https://polymarket-upload.s3.us-east-2.amazonaws.com/will-curtis-sliwa-win-the-2025-nyc-mayoral-election-2j1MODhPMJeg.jpg,new-york-city-mayoral-election,No,1,influenz.eth,Real-Veteran,,,,0x5a0c50f9cc3777c2503d8d8d1e6a140ad5539bbf0b1cc54d9fd0808efcb88e2d,2025-11-03 19:07:27+00:00,1107.109782,No,2025-11-05 06:13:17+00:00,35.09722222222222,0.999,0.0
0xb48b9192dc52eed724fa58c66fa8926d06a3648e,BUY,42541673615301895829890290486226257940966769125829226067368474110048691276042,0xd7bd58d09efa1ff15be61cf30587e79444971ab125d55b2a88bf6ec04623a0d8,8098.44,0.999,1762196847,Will Curtis Sliwa win the 2025 NYC mayoral election?,will-curtis-sliwa-win-the-2025-nyc-mayoral-election,https://polymarket-upload.s3.us-east-2.amazonaws.com/will-curtis-sliwa-win-the-2025-nyc-mayoral-election-2j1MODhPMJeg.jpg,new-york-city-mayoral-election,No,1,Cookedtan,Icky-Tide,6650,https://polymarket-upload.s3.us-east-2.amazonaws.com/profile-image-2799922-15b860f4-0011-4c70-8833-f11d9f457b01.jpeg,,0x643db042ef9baf5ff7a8b667206b5c5ebe8d7f728150388ab7b9489e1b518021,2025-11-03 19:07:27+00:00,8090.34156,No,2025-11-05 06:13:17+00:00,35.09722222222222,0.999,0.0
0x3f7aee8f1fafcd873343105b24f83f3f98a9248e,BUY,42541673615301895829890290486226257940966769125829226067368474110048691276042,0xd7bd58d09efa1ff15be61cf30587e79444971ab125d55b2a88bf6ec04623a0d8,1171.0,0.999,1762196715,Will Curtis Sliwa win the 2025 NYC mayoral election?,will-curtis-sliwa-win-the-2025-nyc-mayoral-election,https://polymarket-upload.s3.us-east-2.amazonaws.com/will-curtis-sliwa-win-the-2025-nyc-mayoral-election-2j1MODhPMJeg.jpg,new-york-city-mayoral-election,No,1,costcostaff01,Cool-Spread,,,,0x5d21ace0ccd471514149b18bccdff6a33ea73d5cfd049fbe92a8e04b8ba6f30b,2025-11-03 19:05:15+00:00,1169.829,No,2025-11-05 06:13:17+00:00,35.13388888888889,0.999,0.0
0x3f7aee8f1fafcd873343105b24f83f3f98a9248e,BUY,42541673615301895829890290486226257940966769125829226067368474110048691276042,0xd7bd58d09efa1ff15be61cf30587e79444971ab125d55b2a88bf6ec04623a0d8,1740.0,0.999,1762196707,Will Curtis Sliwa win the 2025 NYC mayoral election?,will-curtis-sliwa-win-the-2025-nyc-mayoral-election,https://polymarket-upload.s3.us-east-2.amazonaws.com/will-curtis-sliwa-win-the-2025-nyc-mayoral-election-2j1MODhPMJeg.jpg,new-york-city-mayoral-election,No,1,costcostaff01,Cool-Spread,,,,0xcda5a63788e2393c42d02ea8c1bf803c2d2b506e918324d6e589df80b6b15076,2025-11-03 19:05:07+00:00,1738.26,No,2025-11-05 06:13:17+00:00,35.13611111111111,0.999,0.0
0x63d43bbb87f85af03b8f2f9e2fad7b54334fa2f1,BUY,42541673615301895829890290486226257940966769125829226067368474110048691276042,0xd7bd58d09efa1ff15be61cf30587e79444971ab125d55b2a88bf6ec04623a0d8,2000.0,0.999,1762196633,Will Curtis Sliwa win the 2025 NYC mayoral election?,will-curtis-sliwa-win-the-2025-nyc-mayoral-election,https://polymarket-upload.s3.us-east-2.amazonaws.com/will-curtis-sliwa-win-the-2025-nyc-mayoral-election-2j1MODhPMJeg.jpg,new-york-city-mayoral-election,No,1,wokerjoesleeper,Vivid-Macrofauna,,,,0xd54a2d74d9a96dfe816d492ac8390afabb822a716725816290b219d3bbda4236,2025-11-03 19:03:53+00:00,1998.0,No,2025-11-05 06:13:17+00:00,35.156666666666666,0.999,0.0
0xe8dd7741ccb12350957ec71e9ee332e0d1e6ec86,BUY,42541673615301895829890290486226257940966769125829226067368474110048691276042,0xd7bd58d09efa1ff15be61cf30587e79444971ab125d55b2a88bf6ec04623a0d8,2333.333,0.999,1762196633,Will Curtis Sliwa win the 2025 NYC mayoral election?,will-curtis-sliwa-win-the-2025-nyc-mayoral-election,https://polymarket-upload.s3.us-east-2.amazonaws.com/will-curtis-sliwa-win-the-2025-nyc-mayoral-election-2j1MODhPMJeg.jpg,new-york-city-mayoral-election,No,1,influenz.eth,Real-Veteran,,,,0xddd66a6b22d6be2000ca41842e2c597f0b20653a516c05b36622906d149ba775,2025-11-03 19:03:53+00:00,2330.999667,No,2025-11-05 06:13:17+00:00,35.156666666666666,0.999,0.0
0xe8dd7741ccb12350957ec71e9ee332e0d1e6ec86,BUY,42541673615301895829890290486226257940966769125829226067368474110048691276042,0xd7bd58d09efa1ff15be61cf30587e79444971ab125d55b2a88bf6ec04623a0d8,2333.333,0.999,1762196533,Will Curtis Sliwa win the 2025 NYC mayoral election?,will-curtis-sliwa-win-the-2025-nyc-mayoral-election,https://polymarket-upload.s3.us-east-2.amazonaws.com/will-curtis-sliwa-win-the-2025-nyc-mayoral-election-2j1MODhPMJeg.jpg,new-york-city-mayoral-election,No,1,influenz.eth,Real-Veteran,,,,0x235c0140bcc14e6ad0f2c3676475c7f5e398714a6148e101fb814f8f9da816de,2025-11-03 19:02:13+00:00,2330.999667,No,2025-11-05 06:13:17+00:00,35.184444444444445,0.999,0.0
0x63d43bbb87f85af03b8f2f9e2fad7b54334fa2f1,BUY,42541673615301895829890290486226257940966769125829226067368474110048691276042,0xd7bd58d09efa1ff15be61cf30587e79444971ab125d55b2a88bf6ec04623a0d8,2000.0,0.999,1762196461,Will Curtis Sliwa win the 2025 NYC mayoral election?,will-curtis-sliwa-win-the-2025-nyc-mayoral-election,https://polymarket-upload.s3.us-east-2.amazonaws.com/will-curtis-sliwa-win-the-2025-nyc-mayoral-election-2j1MODhPMJeg.jpg,new-york-city-mayoral-election,No,1,wokerjoesleeper,Vivid-Macrofauna,,,,0xf09b39cbf5dc411b953005aac613bede78c1629fbd0b8bb98b2293dbc3fd8374,2025-11-03 19:01:01+00:00,1998.0,No,2025-11-05 06:13:17+00:00,35.20444444444445,0.999,0.0
0xe8dd7741ccb12350957ec71e9ee332e0d1e6ec86,BUY,42541673615301895829890290486226257940966769125829226067368474110048691276042,0xd7bd58d09efa1ff15be61cf30587e79444971ab125d55b2a88bf6ec04623a0d8,2333.333,0.999,1762196461,Will Curtis Sliwa win the 2025 NYC mayoral election?,will-curtis-sliwa-win-the-2025-nyc-mayoral-election,https://polymarket-upload.s3.us-east-2.amazonaws.com/will-curtis-sliwa-win-the-2025-nyc-mayoral-election-2j1MODhPMJeg.jpg,new-york-city-mayoral-election,No,1,influenz.eth,Real-Veteran,,,,0x79b83ac4f253cbca0eddd25bdc83d0371dd2a8289fc96173f3d638b2a6ec82a3,2025-11-03 19:01:01+00:00,2330.999667,No,2025-11-05 06:13:17+00:00,35.20444444444445,0.999,0.0
0x63d43bbb87f85af03b8f2f9e2fad7b54334fa2f1,BUY,42541673615301895829890290486226257940966769125829226067368474110048691276042,0xd7bd58d09efa1ff15be61cf30587e79444971ab125d55b2a88bf6ec04623a0d8,2000.0,0.999,1762196335,Will Curtis Sliwa win the 2025 NYC mayoral election?,will-curtis-sliwa-win-the-2025-nyc-mayoral-election,https://polymarket-upload.s3.us-east-2.amazonaws.com/will-curtis-sliwa-win-the-2025-nyc-mayoral-election-2j1MODhPMJeg.jpg,new-york-city-mayoral-election,No,1,wokerjoesleeper,Vivid-Macrofauna,,,,0xe0b5e2a696406b7c3b52b91b39d68c5383e441926716ef5305a77a32a73ef41f,2025-11-03 18:58:55+00:00,1998.0,No,2025-11-05 06:13:17+00:00,35.239444444444445,0.999,0.0
0xe8dd7741ccb12350957ec71e9ee332e0d1e6ec86,BUY,42541673615301895829890290486226257940966769125829226067368474110048691276042,0xd7bd58d09efa1ff15be61cf30587e79444971ab125d55b2a88bf6ec04623a0d8,1790.68,0.999,1762196335,Will Curtis Sliwa win the 2025 NYC mayoral election?,will-curtis-sliwa-win-the-2025-nyc-mayoral-election,https://polymarket-upload.s3.us-east-2.amazonaws.com/will-curtis-sliwa-win-the-2025-nyc-mayoral-election-2j1MODhPMJeg.jpg,new-york-city-mayoral-election,No,1,influenz.eth,Real-Veteran,,,,0x7f1a63e8d871bc51b40d233d7e0ddf8844e2efdadb3138ec148da066f9e4ae86,2025-11-03 18:58:55+00:00,1788.88932,No,2025-11-05 06:13:17+00:00,35.239444444444445,0.999,0.0
0x63d43bbb87f85af03b8f2f9e2fad7b54334fa2f1,BUY,42541673615301895829890290486226257940966769125829226067368474110048691276042,0xd7bd58d09efa1ff15be61cf30587e79444971ab125d55b2a88bf6ec04623a0d8,1495.42,0.999,1762196237,Will Curtis Sliwa win the 2025 NYC mayoral election?,will-curtis-sliwa-win-the-2025-nyc-mayoral-election,https://polymarket-upload.s3.us-east-2.amazonaws.com/will-curtis-sliwa-win-the-2025-nyc-mayoral-election-2j1MODhPMJeg.jpg,new-york-city-mayoral-election,No,1,wokerjoesleeper,Vivid-Macrofauna,,,,0xcac7e306605cddf0dab7fbb7705171828bb6d3f9518a03c8a3459ef4eba5be2a,2025-11-03 18:57:17+00:00,1493.92458,No,2025-11-05 06:13:17+00:00,35.266666666666666,0.999,0.0
0x63d43bbb87f85af03b8f2f9e2fad7b54334fa2f1,BUY,42541673615301895829890290486226257940966769125829226067368474110048691276042,0xd7bd58d09efa1ff15be61cf30587e79444971ab125d55b2a88bf6ec04623a0d8,2000.0,0.999,1762196119,Will Curtis Sliwa win the 2025 NYC mayoral election?,will-curtis-sliwa-win-the-2025-nyc-mayoral-election,https://polymarket-upload.s3.us-east-2.amazonaws.com/will-curtis-sliwa-win-the-2025-nyc-mayoral-election-2j1MODhPMJeg.jpg,new-york-city-mayoral-election,No,1,wokerjoesleeper,Vivid-Macrofauna,,,,0x0ce56135e5bbf3b57170b4e2930a9432fd576254745ecf6cd6e043150e9f5fbb,2025-11-03 18:55:19+00:00,1998.0,No,2025-11-05 06:13:17+00:00,35.29944444444445,0.999,0.0
0xe8dd7741ccb12350957ec71e9ee332e0d1e6ec86,BUY,42541673615301895829890290486226257940966769125829226067368474110048691276042,0xd7bd58d09efa1ff15be61cf30587e79444971ab125d55b2a88bf6ec04623a0d8,2333.333,0.999,1762196119,Will Curtis Sliwa win the 2025 NYC mayoral election?,will-curtis-sliwa-win-the-2025-nyc-mayoral-election,https://polymarket-upload.s3.us-east-2.amazonaws.com/will-curtis-sliwa-win-the-2025-nyc-mayoral-election-2j1MODhPMJeg.jpg,new-york-city-mayoral-election,No,1,influenz.eth,Real-Veteran,,,,0x848dab2542201e19bc25c73a30731ab0504b646c1ad3b2b0e76dd4c8a57805f5,2025-11-03 18:55:19+00:00,2330.999667,No,2025-11-05 06:13:17+00:00,35.29944444444445,0.999,0.0
0x3f7aee8f1fafcd873343105b24f83f3f98a9248e,BUY,42541673615301895829890290486226257940966769125829226067368474110048691276042,0xd7bd58d09efa1ff15be61cf30587e79444971ab125d55b2a88bf6ec04623a0d8,1114.0,0.999,1762195809,Will Curtis Sliwa win the 2025 NYC mayoral election?,will-curtis-sliwa-win-the-2025-nyc-mayoral-election,https://polymarket-upload.s3.us-east-2.amazonaws.com/will-curtis-sliwa-win-the-2025-nyc-mayoral-election-2j1MODhPMJeg.jpg,new-york-city-mayoral-election,No,1,costcostaff01,Cool-Spread,,,,0x3f33ad4bbc90bd3e8a37ff5b93f34da8301493885a945f39bb2db515de58f0c3,2025-11-03 18:50:09+00:00,1112.886,No,2025-11-05 06:13:17+00:00,35.385555555555555,0.999,0.0
0x3f7aee8f1fafcd873343105b24f83f3f98a9248e,BUY,42541673615301895829890290486226257940966769125829226067368474110048691276042,0xd7bd58d09efa1ff15be61cf30587e79444971ab125d55b2a88bf6ec04623a0d8,1049.0,0.999,1762195797,Will Curtis Sliwa win the 2025 NYC mayoral election?,will-curtis-sliwa-win-the-2025-nyc-mayoral-election,https://polymarket-upload.s3.us-east-2.amazonaws.com/will-curtis-sliwa-win-the-2025-nyc-mayoral-election-2j1MODhPMJeg.jpg,new-york-city-mayoral-election,No,1,costcostaff01,Cool-Spread,,,,0xa134db22a270a709d86b71229c7397dc3deaf3fa9f20d886bcea1eec74900f26,2025-11-03 18:49:57+00:00,1047.951,No,2025-11-05 06:13:17+00:00,35.388888888888886,0.999,0.0
0x3f7aee8f1fafcd873343105b24f83f3f98a9248e,BUY,42541673615301895829890290486226257940966769125829226067368474110048691276042,0xd7bd58d09efa1ff15be61cf30587e79444971ab125d55b2a88bf6ec04623a0d8,1498.0,0.999,1762195791,Will Curtis Sliwa win the 2025 NYC mayoral election?,will-curtis-sliwa-win-the-2025-nyc-mayoral-election,https://polymarket-upload.s3.us-east-2.amazonaws.com/will-curtis-sliwa-win-the-2025-nyc-mayoral-election-2j1MODhPMJeg.jpg,new-york-city-mayoral-election,No,1,costcostaff01,Cool-Spread,,,,0xf1a7aae4e9970d917c13b2b7d44a0a04f06624f93047f1c84268c3a7d65562ee,2025-11-03 18:49:51+00:00,1496.502,No,2025-11-05 06:13:17+00:00,35.39055555555556,0.999,0.0
0x63d43bbb87f85af03b8f2f9e2fad7b54334fa2f1,BUY,42541673615301895829890290486226257940966769125829226067368474110048691276042,0xd7bd58d09efa1ff15be61cf30587e79444971ab125d55b2a88bf6ec04623a0d8,1391.32,0.999,1762195691,Will Curtis Sliwa win the 2025 NYC mayoral election?,will-curtis-sliwa-win-the-2025-nyc-mayoral-election,https://polymarket-upload.s3.us-east-2.amazonaws.com/will-curtis-sliwa-win-the-2025-nyc-mayoral-election-2j1MODhPMJeg.jpg,new-york-city-mayoral-election,No,1,wokerjoesleeper,Vivid-Macrofauna,,,,0x7f868f160bbf038cab16b57bfecb45f0bb5f2d577d43136b89978923c9c2a26f,2025-11-03 18:48:11+00:00,1389.92868,No,2025-11-05 06:13:17+00:00,35.41833333333334,0.999,0.0
0xe8dd7741ccb12350957ec71e9ee332e0d1e6ec86,BUY,42541673615301895829890290486226257940966769125829226067368474110048691276042,0xd7bd58d09efa1ff15be61cf30587e79444971ab125d55b2a88bf6ec04623a0d8,1608.688,0.999,1762195689,Will Curtis Sliwa win the 2025 NYC mayoral election?,will-curtis-sliwa-win-the-2025-nyc-mayoral-election,https://polymarket-upload.s3.us-east-2.amazonaws.com/will-curtis-sliwa-win-the-2025-nyc-mayoral-election-2j1MODhPMJeg.jpg,new-york-city-mayoral-election,No,1,influenz.eth,Real-Veteran,,,,0xf7a7f5870f968233b83e9f55b4104610db103539440a3892f48274a3347dbad0,2025-11-03 18:48:09+00:00,1607.079312,No,2025-11-05 06:13:17+00:00,35.41888888888889,0.999,0.0
0x63d43bbb87f85af03b8f2f9e2fad7b54334fa2f1,BUY,42541673615301895829890290486226257940966769125829226067368474110048691276042,0xd7bd58d09efa1ff15be61cf30587e79444971ab125d55b2a88bf6ec04623a0d8,1575.26,0.999,1762195521,Will Curtis Sliwa win the 2025 NYC mayoral election?,will-curtis-sliwa-win-the-2025-nyc-mayoral-election,https://polymarket-upload.s3.us-east-2.amazonaws.com/will-curtis-sliwa-win-the-2025-nyc-mayoral-election-2j1MODhPMJeg.jpg,new-york-city-mayoral-election,No,1,wokerjoesleeper,Vivid-Macrofauna,,,,0xa96382f5bc76bb8f13797b78e0cad8d7a68e625838b1c11f330d85674f5b8a34,2025-11-03 18:45:21+00:00,1573.68474,No,2025-11-05 06:13:17+00:00,35.465555555555554,0.999,0.0
0x63d43bbb87f85af03b8f2f9e2fad7b54334fa2f1,BUY,42541673615301895829890290486226257940966769125829226067368474110048691276042,0xd7bd58d09efa1ff15be61cf30587e79444971ab125d55b2a88bf6ec04623a0d8,1075.25,0.999,1762195517,Will Curtis Sliwa win the 2025 NYC mayoral election?,will-curtis-sliwa-win-the-2025-nyc-mayoral-election,https://polymarket-upload.s3.us-east-2.amazonaws.com/will-curtis-sliwa-win-the-2025-nyc-mayoral-election-2j1MODhPMJeg.jpg,new-york-city-mayoral-election,No,1,wokerjoesleeper,Vivid-Macrofauna,,,,0x995858c208094809fc8bfc96e20dbf87416794ee07f5ff8457b97de31e571bd0,2025-11-03 18:45:17+00:00,1074.17475,No,2025-11-05 06:13:17+00:00,35.46666666666667,0.999,0.0
0xe8dd7741ccb12350957ec71e9ee332e0d1e6ec86,BUY,42541673615301895829890290486226257940966769125829226067368474110048691276042,0xd7bd58d09efa1ff15be61cf30587e79444971ab125d55b2a88bf6ec04623a0d8,2333.333,0.999,1762195517,Will Curtis Sliwa win the 2025 NYC mayoral election?,will-curtis-sliwa-win-the-2025-nyc-mayoral-election,https://polymarket-upload.s3.us-east-2.amazonaws.com/will-curtis-sliwa-win-the-2025-nyc-mayoral-election-2j1MODhPMJeg.jpg,new-york-city-mayoral-election,No,1,influenz.eth,Real-Veteran,,,,0x4bcadae2e73382d39fb92985f599267f28a3c02acb9da6a46848cd062137014f,2025-11-03 18:45:17+00:00,2330.999667,No,2025-11-05 06:13:17+00:00,35.46666666666667,0.999,0.0
0xca8e9533bf61136f39c31e76e36b2087c3dca742,BUY,42541673615301895829890290486226257940966769125829226067368474110048691276042,0xd7bd58d09efa1ff15be61cf30587e79444971ab125d55b2a88bf6ec04623a0d8,9222.0,0.999,1762195461,Will Curtis Sliwa win the 2025 NYC mayoral election?,will-curtis-sliwa-win-the-2025-nyc-mayoral-election,https://polymarket-upload.s3.us-east-2.amazonaws.com/will-curtis-sliwa-win-the-2025-nyc-mayoral-election-2j1MODhPMJeg.jpg,new-york-city-mayoral-election,No,1,medal,Defenseless-Gauntlet,,,,0xae7fbf2a500e0bfc7fdd5146cc0ca5b99af93103a6a97260fe150d844e4b506d,2025-11-03 18:44:21+00:00,9212.778,No,2025-11-05 06:13:17+00:00,35.48222222222222,0.999,0.0
0xe8dd7741ccb12350957ec71e9ee332e0d1e6ec86,BUY,42541673615301895829890290486226257940966769125829226067368474110048691276042,0xd7bd58d09efa1ff15be61cf30587e79444971ab125d55b2a88bf6ec04623a0d8,1732.112,0.999,1762195005,Will Curtis Sliwa win the 2025 NYC mayoral election?,will-curtis-sliwa-win-the-2025-nyc-mayoral-election,https://polymarket-upload.s3.us-east-2.amazonaws.com/will-curtis-sliwa-win-the-2025-nyc-mayoral-election-2j1MODhPMJeg.jpg,new-york-city-mayoral-election,No,1,influenz.eth,Real-Veteran,,,,0xb1a61617088d605f1f88c7794abbc53fb12ded2aad1cf484a04b4a6e3f0a8f72,2025-11-03 18:36:45+00:00,1730.3798880000002,No,2025-11-05 06:13:17+00:00,35.60888888888889,0.999,0.0
0xe8dd7741ccb12350957ec71e9ee332e0d1e6ec86,BUY,42541673615301895829890290486226257940966769125829226067368474110048691276042,0xd7bd58d09efa1ff15be61cf30587e79444971ab125d55b2a88bf6ec04623a0d8,1190.37,0.999,1762194813,Will Curtis Sliwa win the 2025 NYC mayoral election?,will-curtis-sliwa-win-the-2025-nyc-mayoral-election,https://polymarket-upload.s3.us-east-2.amazonaws.com/will-curtis-sliwa-win-the-2025-nyc-mayoral-election-2j1MODhPMJeg.jpg,new-york-city-mayoral-election,No,1,influenz.eth,Real-Veteran,,,,0x3ad5d835a973a790da6febee130d72a73b4e4abdf917501850f8b0abdad4fd53,2025-11-03 18:33:33+00:00,1189.1796299999999,No,2025-11-05 06:13:17+00:00,35.66222222222222,0.999,0.0
0xe8dd7741ccb12350957ec71e9ee332e0d1e6ec86,BUY,42541673615301895829890290486226257940966769125829226067368474110048691276042,0xd7bd58d09efa1ff15be61cf30587e79444971ab125d55b2a88bf6ec04623a0d8,1108.268,0.999,1762194791,Will Curtis Sliwa win the 2025 NYC mayoral election?,will-curtis-sliwa-win-the-2025-nyc-mayoral-election,https://polymarket-upload.s3.us-east-2.amazonaws.com/will-curtis-sliwa-win-the-2025-nyc-mayoral-election-2j1MODhPMJeg.jpg,new-york-city-mayoral-election,No,1,influenz.eth,Real-Veteran,,,,0x7c0c4d364bc091b84d806506205be37526f4b1ffff513d64948b6ce7f417faf2,2025-11-03 18:33:11+00:00,1107.159732,No,2025-11-05 06:13:17+00:00,35.66833333333334,0.999,0.0
0xe8dd7741ccb12350957ec71e9ee332e0d1e6ec86,BUY,42541673615301895829890290486226257940966769125829226067368474110048691276042,0xd7bd58d09efa1ff15be61cf30587e79444971ab125d55b2a88bf6ec04623a0d8,1642.262,0.999,1762194695,Will Curtis Sliwa win the 2025 NYC mayoral election?,will-curtis-sliwa-win-the-2025-nyc-mayoral-election,https://polymarket-upload.s3.us-east-2.amazonaws.com/will-curtis-sliwa-win-the-2025-nyc-mayoral-election-2j1MODhPMJeg.jpg,new-york-city-mayoral-election,No,1,influenz.eth,Real-Veteran,,,,0xdd836f3d6765d67776216f9e68bcfb1e982bcee10f2a7e0e9afa4710dac51464,2025-11-03 18:31:35+00:00,1640.6197379999999,No,2025-11-05 06:13:17+00:00,35.695,0.999,0.0
0x63d43bbb87f85af03b8f2f9e2fad7b54334fa2f1,BUY,42541673615301895829890290486226257940966769125829226067368474110048691276042,0xd7bd58d09efa1ff15be61cf30587e79444971ab125d55b2a88bf6ec04623a0d8,1777.1,0.999,1762194629,Will Curtis Sliwa win the 2025 NYC mayoral election?,will-curtis-sliwa-win-the-2025-nyc-mayoral-election,https://polymarket-upload.s3.us-east-2.amazonaws.com/will-curtis-sliwa-win-the-2025-nyc-mayoral-election-2j1MODhPMJeg.jpg,new-york-city-mayoral-election,No,1,wokerjoesleeper,Vivid-Macrofauna,,,,0x9565aa670dde506e524dd967a7033bc8e5ecea7656e42f0fb2b6ba1fc51f81e3,2025-11-03 18:30:29+00:00,1775.3229,No,2025-11-05 06:13:17+00:00,35.71333333333333,0.999,0.0
0xe8dd7741ccb12350957ec71e9ee332e0d1e6ec86,BUY,42541673615301895829890290486226257940966769125829226067368474110048691276042,0xd7bd58d09efa1ff15be61cf30587e79444971ab125d55b2a88bf6ec04623a0d8,2142.862,0.999,1762194627,Will Curtis Sliwa win the 2025 NYC mayoral election?,will-curtis-sliwa-win-the-2025-nyc-mayoral-election,https://polymarket-upload.s3.us-east-2.amazonaws.com/will-curtis-sliwa-win-the-2025-nyc-mayoral-election-2j1MODhPMJeg.jpg,new-york-city-mayoral-election,No,1,influenz.eth,Real-Veteran,,,,0x239c1640784ccd64e5e3123e28d361a33e3666cc0a57a7c1b2b91433d09484f7,2025-11-03 18:30:27+00:00,2140.719138,No,2025-11-05 06:13:17+00:00,35.71388888888889,0.999,0.0
0x63d43bbb87f85af03b8f2f9e2fad7b54334fa2f1,BUY,42541673615301895829890290486226257940966769125829226067368474110048691276042,0xd7bd58d09efa1ff15be61cf30587e79444971ab125d55b2a88bf6ec04623a0d8,2000.0,0.999,1762194617,Will Curtis Sliwa win the 2025 NYC mayoral election?,will-curtis-sliwa-win-the-2025-nyc-mayoral-election,https://polymarket-upload.s3.us-east-2.amazonaws.com/will-curtis-sliwa-win-the-2025-nyc-mayoral-election-2j1MODhPMJeg.jpg,new-york-city-mayoral-election,No,1,wokerjoesleeper,Vivid-Macrofauna,,,,0x9afce2618735f50aa13a604dcc1d40968c2ceca5d25d3d66f21065c047bb413b,2025-11-03 18:30:17+00:00,1998.0,No,2025-11-05 06:13:17+00:00,35.71666666666667,0.999,0.0
0xe8dd7741ccb12350957ec71e9ee332e0d1e6ec86,BUY,42541673615301895829890290486226257940966769125829226067368474110048691276042,0xd7bd58d09efa1ff15be61cf30587e79444971ab125d55b2a88bf6ec04623a0d8,1148.598,0.999,1762194595,Will Curtis Sliwa win the 2025 NYC mayoral election?,will-curtis-sliwa-win-the-2025-nyc-mayoral-election,https://polymarket-upload.s3.us-east-2.amazonaws.com/will-curtis-sliwa-win-the-2025-nyc-mayoral-election-2j1MODhPMJeg.jpg,new-york-city-mayoral-election,No,1,influenz.eth,Real-Veteran,,,,0xf7e1d010190f304ce23bb0cebb1a9f406fd52d7239049ee6f3e8fd4767040ed3,2025-11-03 18:29:55+00:00,1147.449402,No,2025-11-05 06:13:17+00:00,35.72277777777778,0.999,0.0
0xe8dd7741ccb12350957ec71e9ee332e0d1e6ec86,BUY,42541673615301895829890290486226257940966769125829226067368474110048691276042,0xd7bd58d09efa1ff15be61cf30587e79444971ab125d55b2a88bf6ec04623a0d8,1184.734,0.999,1762194593,Will Curtis Sliwa win the 2025 NYC mayoral election?,will-curtis-sliwa-win-the-2025-nyc-mayoral-election,https://polymarket-upload.s3.us-east-2.amazonaws.com/will-curtis-sliwa-win-the-2025-nyc-mayoral-election-2j1MODhPMJeg.jpg,new-york-city-mayoral-election,No,1,influenz.eth,Real-Veteran,,,,0x560f5cee253283c39f22e6f2f584efd2d9fa1dc6246d2b2fad901dbaf7152b39,2025-11-03 18:29:53+00:00,1183.549266,No,2025-11-05 06:13:17+00:00,35.723333333333336,0.999,0.0
0x63d43bbb87f85af03b8f2f9e2fad7b54334fa2f1,BUY,42541673615301895829890290486226257940966769125829226067368474110048691276042,0xd7bd58d09efa1ff15be61cf30587e79444971ab125d55b2a88bf6ec04623a0d8,1428.57,0.999,1762194591,Will Curtis Sliwa win the 2025 NYC mayoral election?,will-curtis-sliwa-win-the-2025-nyc-mayoral-election,https://polymarket-upload.s3.us-east-2.amazonaws.com/will-curtis-sliwa-win-the-2025-nyc-mayoral-election-2j1MODhPMJeg.jpg,new-york-city-mayoral-election,No,1,wokerjoesleeper,Vivid-Macrofauna,,,,0xebfe182aa4cf9b99f4e5e62004f03d9c1a3157f0fbe1fe3b1ffa8a6cde6fb895,2025-11-03 18:29:51+00:00,1427.14143,No,2025-11-05 06:13:17+00:00,35.72388888888889,0.999,0.0
0xca8e9533bf61136f39c31e76e36b2087c3dca742,BUY,42541673615301895829890290486226257940966769125829226067368474110048691276042,0xd7bd58d09efa1ff15be61cf30587e79444971ab125d55b2a88bf6ec04623a0d8,9250.0,0.999,1762194571,Will Curtis Sliwa win the 2025 NYC mayoral election?,will-curtis-sliwa-win-the-2025-nyc-mayoral-election,https://polymarket-upload.s3.us-east-2.amazonaws.com/will-curtis-sliwa-win-the-2025-nyc-mayoral-election-2j1MODhPMJeg.jpg,new-york-city-mayoral-election,No,1,medal,Defenseless-Gauntlet,,,,0xc3c18d82e7377fbfda0fa80f350a0989202503e2370943862cf94c4e2fb49a87,2025-11-03 18:29:31+00:00,9240.75,No,2025-11-05 06:13:17+00:00,35.72944444444445,0.999,0.0
0xe8dd7741ccb12350957ec71e9ee332e0d1e6ec86,BUY,42541673615301895829890290486226257940966769125829226067368474110048691276042,0xd7bd58d09efa1ff15be61cf30587e79444971ab125d55b2a88bf6ec04623a0d8,2333.333,0.999,1762194313,Will Curtis Sliwa win the 2025 NYC mayoral election?,will-curtis-sliwa-win-the-2025-nyc-mayoral-election,https://polymarket-upload.s3.us-east-2.amazonaws.com/will-curtis-sliwa-win-the-2025-nyc-mayoral-election-2j1MODhPMJeg.jpg,new-york-city-mayoral-election,No,1,influenz.eth,Real-Veteran,,,,0x98d1c39684e0cd62e74635aec3e5cf97ddd809200002f9631a94faa52f716618,2025-11-03 18:25:13+00:00,2330.999667,No,2025-11-05 06:13:17+00:00,35.80111111111111,0.999,0.0
0x63d43bbb87f85af03b8f2f9e2fad7b54334fa2f1,BUY,42541673615301895829890290486226257940966769125829226067368474110048691276042,0xd7bd58d09efa1ff15be61cf30587e79444971ab125d55b2a88bf6ec04623a0d8,2000.0,0.999,1762194313,Will Curtis Sliwa win the 2025 NYC mayoral election?,will-curtis-sliwa-win-the-2025-nyc-mayoral-election,https://polymarket-upload.s3.us-east-2.amazonaws.com/will-curtis-sliwa-win-the-2025-nyc-mayoral-election-2j1MODhPMJeg.jpg,new-york-city-mayoral-election,No,1,wokerjoesleeper,Vivid-Macrofauna,,,,0xe6128b668f84c3dfc7c7f9c07dcc479f088cea867d3ee77d3a8d3560d00176f6,2025-11-03 18:25:13+00:00,1998.0,No,2025-11-05 06:13:17+00:00,35.80111111111111,0.999,0.0
0x63d43bbb87f85af03b8f2f9e2fad7b54334fa2f1,BUY,42541673615301895829890290486226257940966769125829226067368474110048691276042,0xd7bd58d09efa1ff15be61cf30587e79444971ab125d55b2a88bf6ec04623a0d8,2000.0,0.999,1762194273,Will Curtis Sliwa win the 2025 NYC mayoral election?,will-curtis-sliwa-win-the-2025-nyc-mayoral-election,https://polymarket-upload.s3.us-east-2.amazonaws.com/will-curtis-sliwa-win-the-2025-nyc-mayoral-election-2j1MODhPMJeg.jpg,new-york-city-mayoral-election,No,1,wokerjoesleeper,Vivid-Macrofauna,,,,0xb85627c8ed319a3b6583dd3dbf5fdcabf360b634d164d125d739c8e3f1bfdd67,2025-11-03 18:24:33+00:00,1998.0,No,2025-11-05 06:13:17+00:00,35.812222222222225,0.999,0.0
0xe8dd7741ccb12350957ec71e9ee332e0d1e6ec86,BUY,42541673615301895829890290486226257940966769125829226067368474110048691276042,0xd7bd58d09efa1ff15be61cf30587e79444971ab125d55b2a88bf6ec04623a0d8,2333.333,0.999,1762194273,Will Curtis Sliwa win the 2025 NYC mayoral election?,will-curtis-sliwa-win-the-2025-nyc-mayoral-election,https://polymarket-upload.s3.us-east-2.amazonaws.com/will-curtis-sliwa-win-the-2025-nyc-mayoral-election-2j1MODhPMJeg.jpg,new-york-city-mayoral-election,No,1,influenz.eth,Real-Veteran,,,,0x0509237935d55015669c23cb579a7cc6c77b2f7335d8f118b9b3e8595296ec9d,2025-11-03 18:24:33+00:00,2330.999667,No,2025-11-05 06:13:17+00:00,35.812222222222225,0.999,0.0
0x3f7aee8f1fafcd873343105b24f83f3f98a9248e,BUY,42541673615301895829890290486226257940966769125829226067368474110048691276042,0xd7bd58d09efa1ff15be61cf30587e79444971ab125d55b2a88bf6ec04623a0d8,1038.0,0.999,1762192765,Will Curtis Sliwa win the 2025 NYC mayoral election?,will-curtis-sliwa-win-the-2025-nyc-mayoral-election,https://polymarket-upload.s3.us-east-2.amazonaws.com/will-curtis-sliwa-win-the-2025-nyc-mayoral-election-2j1MODhPMJeg.jpg,new-york-city-mayoral-election,No,1,costcostaff01,Cool-Spread,,,,0x170e4e3dde3ce434f2a4ae729bd1ca9857bd83e7c690a0358e4217ca4ec621d9,2025-11-03 17:59:25+00:00,1036.962,No,2025-11-05 06:13:17+00:00,36.23111111111111,0.999,0.0
0x3f7aee8f1fafcd873343105b24f83f3f98a9248e,BUY,42541673615301895829890290486226257940966769125829226067368474110048691276042,0xd7bd58d09efa1ff15be61cf30587e79444971ab125d55b2a88bf6ec04623a0d8,1482.0,0.999,1762192759,Will Curtis Sliwa win the 2025 NYC mayoral election?,will-curtis-sliwa-win-the-2025-nyc-mayoral-election,https://polymarket-upload.s3.us-east-2.amazonaws.com/will-curtis-sliwa-win-the-2025-nyc-mayoral-election-2j1MODhPMJeg.jpg,new-york-city-mayoral-election,No,1,costcostaff01,Cool-Spread,,,,0xb160a00fdc85c4507997de826ac4f0ecec9d643b5ed7c1533bd0a994c6b2018b,2025-11-03 17:59:19+00:00,1480.518,No,2025-11-05 06:13:17+00:00,36.23277777777778,0.999,0.0
0x3f7aee8f1fafcd873343105b24f83f3f98a9248e,BUY,42541673615301895829890290486226257940966769125829226067368474110048691276042,0xd7bd58d09efa1ff15be61cf30587e79444971ab125d55b2a88bf6ec04623a0d8,1335.0,0.999,1762192057,Will Curtis Sliwa win the 2025 NYC mayoral election?,will-curtis-sliwa-win-the-2025-nyc-mayoral-election,https://polymarket-upload.s3.us-east-2.amazonaws.com/will-curtis-sliwa-win-the-2025-nyc-mayoral-election-2j1MODhPMJeg.jpg,new-york-city-mayoral-election,No,1,costcostaff01,Cool-Spread,,,,0xcd8398f1f26d114bf9cd5abddb6f5149c94ac256a10266d7e9cd76d7ca3cfd19,2025-11-03 17:47:37+00:00,1333.665,No,2025-11-05 06:13:17+00:00,36.42777777777778,0.999,0.0
0x3f7aee8f1fafcd873343105b24f83f3f98a9248e,BUY,42541673615301895829890290486226257940966769125829226067368474110048691276042,0xd7bd58d09efa1ff15be61cf30587e79444971ab125d55b2a88bf6ec04623a0d8,1694.0,0.999,1762192053,Will Curtis Sliwa win the 2025 NYC mayoral election?,will-curtis-sliwa-win-the-2025-nyc-mayoral-election,https://polymarket-upload.s3.us-east-2.amazonaws.com/will-curtis-sliwa-win-the-2025-nyc-mayoral-election-2j1MODhPMJeg.jpg,new-york-city-mayoral-election,No,1,costcostaff01,Cool-Spread,,,,0x2ad1d9c360d64cebb169774a097d9a352333f1ac2b6fdc6f67d0e895a61c54f1,2025-11-03 17:47:33+00:00,1692.306,No,2025-11-05 06:13:17+00:00,36.42888888888889,0.999,0.0
0x3f7aee8f1fafcd873343105b24f83f3f98a9248e,BUY,42541673615301895829890290486226257940966769125829226067368474110048691276042,0xd7bd58d09efa1ff15be61cf30587e79444971ab125d55b2a88bf6ec04623a0d8,2420.0,0.999,1762192045,Will Curtis Sliwa win the 2025 NYC mayoral election?,will-curtis-sliwa-win-the-2025-nyc-mayoral-election,https://polymarket-upload.s3.us-east-2.amazonaws.com/will-curtis-sliwa-win-the-2025-nyc-mayoral-election-2j1MODhPMJeg.jpg,new-york-city-mayoral-election,No,1,costcostaff01,Cool-Spread,,,,0x3a0496ffa236e20b2afb19a102077c183b1ba2312fe09f81356c5692a25188ef,2025-11-03 17:47:25+00:00,2417.58,No,2025-11-05 06:13:17+00:00,36.431111111111115,0.999,0.0
0xe8dd7741ccb12350957ec71e9ee332e0d1e6ec86,BUY,42541673615301895829890290486226257940966769125829226067368474110048691276042,0xd7bd58d09efa1ff15be61cf30587e79444971ab125d55b2a88bf6ec04623a0d8,1688.488,0.999,1762191985,Will Curtis Sliwa win the 2025 NYC mayoral election?,will-curtis-sliwa-win-the-2025-nyc-mayoral-election,https://polymarket-upload.s3.us-east-2.amazonaws.com/will-curtis-sliwa-win-the-2025-nyc-mayoral-election-2j1MODhPMJeg.jpg,new-york-city-mayoral-election,No,1,influenz.eth,Real-Veteran,,,,0x7ab0baf309184978e535fab6fd770cd9c2898ac6c21b74a55538989c91fe52b9,2025-11-03 17:46:25+00:00,1686.799512,No,2025-11-05 06:13:17+00:00,36.44777777777778,0.999,0.0
0xca8e9533bf61136f39c31e76e36b2087c3dca742,BUY,42541673615301895829890290486226257940966769125829226067368474110048691276042,0xd7bd58d09efa1ff15be61cf30587e79444971ab125d55b2a88bf6ec04623a0d8,9300.0,0.999,1762191893,Will Curtis Sliwa win the 2025 NYC mayoral election?,will-curtis-sliwa-win-the-2025-nyc-mayoral-election,https://polymarket-upload.s3.us-east-2.amazonaws.com/will-curtis-sliwa-win-the-2025-nyc-mayoral-election-2j1MODhPMJeg.jpg,new-york-city-mayoral-election,No,1,medal,Defenseless-Gauntlet,,,,0xf1bb7e38e83fb4e98f75b64209508954732975dc30c0c98729f6f6fc239cde63,2025-11-03 17:44:53+00:00,9290.7,No,2025-11-05 06:13:17+00:00,36.473333333333336,0.999,0.0
0xe8dd7741ccb12350957ec71e9ee332e0d1e6ec86,BUY,42541673615301895829890290486226257940966769125829226067368474110048691276042,0xd7bd58d09efa1ff15be61cf30587e79444971ab125d55b2a88bf6ec04623a0d8,2333.333,0.999,1762191207,Will Curtis Sliwa win the 2025 NYC mayoral election?,will-curtis-sliwa-win-the-2025-nyc-mayoral-election,https://polymarket-upload.s3.us-east-2.amazonaws.com/will-curtis-sliwa-win-the-2025-nyc-mayoral-election-2j1MODhPMJeg.jpg,new-york-city-mayoral-election,No,1,influenz.eth,Real-Veteran,,,,0x07ecef4fb69c5dc07d7507b8edb7b5e98e098f0c4ce1f21c5bd4a19997bccd1a,2025-11-03 17:33:27+00:00,2330.999667,No,2025-11-05 06:13:17+00:00,36.66388888888889,0.999,0.0
0xe8dd7741ccb12350957ec71e9ee332e0d1e6ec86,BUY,42541673615301895829890290486226257940966769125829226067368474110048691276042,0xd7bd58d09efa1ff15be61cf30587e79444971ab125d55b2a88bf6ec04623a0d8,2072.072,0.999,1762191133,Will Curtis Sliwa win the 2025 NYC mayoral election?,will-curtis-sliwa-win-the-2025-nyc-mayoral-election,https://polymarket-upload.s3.us-east-2.amazonaws.com/will-curtis-sliwa-win-the-2025-nyc-mayoral-election-2j1MODhPMJeg.jpg,new-york-city-mayoral-election,No,1,influenz.eth,Real-Veteran,,,,0x2c77046825ea2e3ef180f44e55e527d10d4bf075b83e62da302d11ddebb0df7b,2025-11-03 17:32:13+00:00,2069.999928,No,2025-11-05 06:13:17+00:00,36.684444444444445,0.999,0.0
0x3f7aee8f1fafcd873343105b24f83f3f98a9248e,BUY,42541673615301895829890290486226257940966769125829226067368474110048691276042,0xd7bd58d09efa1ff15be61cf30587e79444971ab125d55b2a88bf6ec04623a0d8,1139.0,0.999,1762189907,Will Curtis Sliwa win the 2025 NYC mayoral election?,will-curtis-sliwa-win-the-2025-nyc-mayoral-election,https://polymarket-upload.s3.us-east-2.amazonaws.com/will-curtis-sliwa-win-the-2025-nyc-mayoral-election-2j1MODhPMJeg.jpg,new-york-city-mayoral-election,No,1,costcostaff01,Cool-Spread,,,,0x0c2583a08467b1c5bf9663f18256994f5f599b83405d524e138a01da3d201514,2025-11-03 17:11:47+00:00,1137.861,No,2025-11-05 06:13:17+00:00,37.025,0.999,0.0
0x3f7aee8f1fafcd873343105b24f83f3f98a9248e,BUY,42541673615301895829890290486226257940966769125829226067368474110048691276042,0xd7bd58d09efa1ff15be61cf30587e79444971ab125d55b2a88bf6ec04623a0d8,1645.0,0.999,1762189901,Will Curtis Sliwa win the 2025 NYC mayoral election?,will-curtis-sliwa-win-the-2025-nyc-mayoral-election,https://polymarket-upload.s3.us-east-2.amazonaws.com/will-curtis-sliwa-win-the-2025-nyc-mayoral-election-2j1MODhPMJeg.jpg,new-york-city-mayoral-election,No,1,costcostaff01,Cool-Spread,,,,0x1f8b528a259c41aee8b4dc3be13ff7115d6eba222bd32b7c86f7a0691b0248fc,2025-11-03 17:11:41+00:00,1643.355,No,2025-11-05 06:13:17+00:00,37.026666666666664,0.999,0.0
0x3f7aee8f1fafcd873343105b24f83f3f98a9248e,BUY,42541673615301895829890290486226257940966769125829226067368474110048691276042,0xd7bd58d09efa1ff15be61cf30587e79444971ab125d55b2a88bf6ec04623a0d8,2350.0,0.999,1762189895,Will Curtis Sliwa win the 2025 NYC mayoral election?,will-curtis-sliwa-win-the-2025-nyc-mayoral-election,https://polymarket-upload.s3.us-east-2.amazonaws.com/will-curtis-sliwa-win-the-2025-nyc-mayoral-election-2j1MODhPMJeg.jpg,new-york-city-mayoral-election,No,1,costcostaff01,Cool-Spread,,,,0x7222b748822bf7d4599f59c634a249850e0437cb305e71dbaeadbc4838b3ea1c,2025-11-03 17:11:35+00:00,2347.65,No,2025-11-05 06:13:17+00:00,37.028333333333336,0.999,0.0
0x3f7aee8f1fafcd873343105b24f83f3f98a9248e,BUY,42541673615301895829890290486226257940966769125829226067368474110048691276042,0xd7bd58d09efa1ff15be61cf30587e79444971ab125d55b2a88bf6ec04623a0d8,1856.0,0.999,1762189805,Will Curtis Sliwa win the 2025 NYC mayoral election?,will-curtis-sliwa-win-the-2025-nyc-mayoral-election,https://polymarket-upload.s3.us-east-2.amazonaws.com/will-curtis-sliwa-win-the-2025-nyc-mayoral-election-2j1MODhPMJeg.jpg,new-york-city-mayoral-election,No,1,costcostaff01,Cool-Spread,,,,0xfc289fdfb7e3b2e146ae6f877565e2ba7350eb7abbe11cda29c881934f4bc30f,2025-11-03 17:10:05+00:00,1854.144,No,2025-11-05 06:13:17+00:00,37.053333333333335,0.999,0.0
0xe8dd7741ccb12350957ec71e9ee332e0d1e6ec86,BUY,42541673615301895829890290486226257940966769125829226067368474110048691276042,0xd7bd58d09efa1ff15be61cf30587e79444971ab125d55b2a88bf6ec04623a0d8,1718.438,0.999,1762189803,Will Curtis Sliwa win the 2025 NYC mayoral election?,will-curtis-sliwa-win-the-2025-nyc-mayoral-election,https://polymarket-upload.s3.us-east-2.amazonaws.com/will-curtis-sliwa-win-the-2025-nyc-mayoral-election-2j1MODhPMJeg.jpg,new-york-city-mayoral-election,No,1,influenz.eth,Real-Veteran,,,,0x687ccd272c2dbe2eb1f73e4ac9cc6fa0dc34c074b2039a087449a6be40b4aabf,2025-11-03 17:10:03+00:00,1716.719562,No,2025-11-05 06:13:17+00:00,37.05388888888889,0.999,0.0
0x3f7aee8f1fafcd873343105b24f83f3f98a9248e,BUY,42541673615301895829890290486226257940966769125829226067368474110048691276042,0xd7bd58d09efa1ff15be61cf30587e79444971ab125d55b2a88bf6ec04623a0d8,1178.0,0.999,1762188895,Will Curtis Sliwa win the 2025 NYC mayoral election?,will-curtis-sliwa-win-the-2025-nyc-mayoral-election,https://polymarket-upload.s3.us-east-2.amazonaws.com/will-curtis-sliwa-win-the-2025-nyc-mayoral-election-2j1MODhPMJeg.jpg,new-york-city-mayoral-election,No,1,costcostaff01,Cool-Spread,,,,0x8d06f378c87544a3bb013320e27e0f62417ebb767d588cb2d8919cb4aef4e6ed,2025-11-03 16:54:55+00:00,1176.822,No,2025-11-05 06:13:17+00:00,37.306111111111115,0.999,0.0
0x3f7aee8f1fafcd873343105b24f83f3f98a9248e,BUY,42541673615301895829890290486226257940966769125829226067368474110048691276042,0xd7bd58d09efa1ff15be61cf30587e79444971ab125d55b2a88bf6ec04623a0d8,1683.0,0.999,1762188889,Will Curtis Sliwa win the 2025 NYC mayoral election?,will-curtis-sliwa-win-the-2025-nyc-mayoral-election,https://polymarket-upload.s3.us-east-2.amazonaws.com/will-curtis-sliwa-win-the-2025-nyc-mayoral-election-2j1MODhPMJeg.jpg,new-york-city-mayoral-election,No,1,costcostaff01,Cool-Spread,,,,0x4d3a2d8ccbe6a35778189338a1b2b03dfe4a1aa33373dbaf01db675e6196723c,2025-11-03 16:54:49+00:00,1681.317,No,2025-11-05 06:13:17+00:00,37.30777777777778,0.999,0.0
0x3f7aee8f1fafcd873343105b24f83f3f98a9248e,BUY,42541673615301895829890290486226257940966769125829226067368474110048691276042,0xd7bd58d09efa1ff15be61cf30587e79444971ab125d55b2a88bf6ec04623a0d8,2404.0,0.999,1762188883,Will Curtis Sliwa win the 2025 NYC mayoral election?,will-curtis-sliwa-win-the-2025-nyc-mayoral-election,https://polymarket-upload.s3.us-east-2.amazonaws.com/will-curtis-sliwa-win-the-2025-nyc-mayoral-election-2j1MODhPMJeg.jpg,new-york-city-mayoral-election,No,1,costcostaff01,Cool-Spread,,,,0x319268518ffb17635dfc9f7db58e464d7546909d8d91bcf25279f8e1daa5b9b9,2025-11-03 16:54:43+00:00,2401.596,No,2025-11-05 06:13:17+00:00,37.309444444444445,0.999,0.0
0xb48b9192dc52eed724fa58c66fa8926d06a3648e,BUY,42541673615301895829890290486226257940966769125829226067368474110048691276042,0xd7bd58d09efa1ff15be61cf30587e79444971ab125d55b2a88bf6ec04623a0d8,10000.0,0.999,1762188787,Will Curtis Sliwa win the 2025 NYC mayoral election?,will-curtis-sliwa-win-the-2025-nyc-mayoral-election,https://polymarket-upload.s3.us-east-2.amazonaws.com/will-curtis-sliwa-win-the-2025-nyc-mayoral-election-2j1MODhPMJeg.jpg,new-york-city-mayoral-election,No,1,Cookedtan,Icky-Tide,6650,https://polymarket-upload.s3.us-east-2.amazonaws.com/profile-image-2799922-15b860f4-0011-4c70-8833-f11d9f457b01.jpeg,,0x6fc78f6672b7f6a4ea87ab5b1602e5308857fa2cb0307f98e9770f7a28c3ed75,2025-11-03 16:53:07+00:00,9990.0,No,2025-11-05 06:13:17+00:00,37.33611111111111,0.999,0.0
0xb48b9192dc52eed724fa58c66fa8926d06a3648e,BUY,42541673615301895829890290486226257940966769125829226067368474110048691276042,0xd7bd58d09efa1ff15be61cf30587e79444971ab125d55b2a88bf6ec04623a0d8,6083.28,0.999,1762188769,Will Curtis Sliwa win the 2025 NYC mayoral election?,will-curtis-sliwa-win-the-2025-nyc-mayoral-election,https://polymarket-upload.s3.us-east-2.amazonaws.com/will-curtis-sliwa-win-the-2025-nyc-mayoral-election-2j1MODhPMJeg.jpg,new-york-city-mayoral-election,No,1,Cookedtan,Icky-Tide,6650,https://polymarket-upload.s3.us-east-2.amazonaws.com/profile-image-2799922-15b860f4-0011-4c70-8833-f11d9f457b01.jpeg,,0x4a1521b89f8814086e3a1f61b0ea860826bbb123965d62d9c82c80b3a7cf986d,2025-11-03 16:52:49+00:00,6077.19672,No,2025-11-05 06:13:17+00:00,37.34111111111111,0.999,0.0
0xe8dd7741ccb12350957ec71e9ee332e0d1e6ec86,BUY,42541673615301895829890290486226257940966769125829226067368474110048691276042,0xd7bd58d09efa1ff15be61cf30587e79444971ab125d55b2a88bf6ec04623a0d8,2333.333,0.999,1762188769,Will Curtis Sliwa win the 2025 NYC mayoral election?,will-curtis-sliwa-win-the-2025-nyc-mayoral-election,https://polymarket-upload.s3.us-east-2.amazonaws.com/will-curtis-sliwa-win-the-2025-nyc-mayoral-election-2j1MODhPMJeg.jpg,new-york-city-mayoral-election,No,1,influenz.eth,Real-Veteran,,,,0x4a3ceb6f38ad9d60275ad41e9d8e9c3b4f763482f0cacb8d98afd7262d7ae6aa,2025-11-03 16:52:49+00:00,2330.999667,No,2025-11-05 06:13:17+00:00,37.34111111111111,0.999,0.0
0xe8dd7741ccb12350957ec71e9ee332e0d1e6ec86,BUY,42541673615301895829890290486226257940966769125829226067368474110048691276042,0xd7bd58d09efa1ff15be61cf30587e79444971ab125d55b2a88bf6ec04623a0d8,1038.938,0.999,1762187565,Will Curtis Sliwa win the 2025 NYC mayoral election?,will-curtis-sliwa-win-the-2025-nyc-mayoral-election,https://polymarket-upload.s3.us-east-2.amazonaws.com/will-curtis-sliwa-win-the-2025-nyc-mayoral-election-2j1MODhPMJeg.jpg,new-york-city-mayoral-election,No,1,influenz.eth,Real-Veteran,,,,0xb099646fdc11f9987169a95b5c343685cb633c30b7a56c3c2c82003ff7b04c0d,2025-11-03 16:32:45+00:00,1037.8990620000002,No,2025-11-05 06:13:17+00:00,37.675555555555555,0.999,0.0
0xe8dd7741ccb12350957ec71e9ee332e0d1e6ec86,BUY,42541673615301895829890290486226257940966769125829226067368474110048691276042,0xd7bd58d09efa1ff15be61cf30587e79444971ab125d55b2a88bf6ec04623a0d8,1210.12,0.999,1762186969,Will Curtis Sliwa win the 2025 NYC mayoral election?,will-curtis-sliwa-win-the-2025-nyc-mayoral-election,https://polymarket-upload.s3.us-east-2.amazonaws.com/will-curtis-sliwa-win-the-2025-nyc-mayoral-election-2j1MODhPMJeg.jpg,new-york-city-mayoral-election,No,1,influenz.eth,Real-Veteran,,,,0x55a9f21da4f9b1a7e110e05e8fddf4a062fbf85579fe1be0465d33096ed25a40,2025-11-03 16:22:49+00:00,1208.90988,No,2025-11-05 06:13:17+00:00,37.84111111111111,0.999,0.0
0x3f7aee8f1fafcd873343105b24f83f3f98a9248e,BUY,42541673615301895829890290486226257940966769125829226067368474110048691276042,0xd7bd58d09efa1ff15be61cf30587e79444971ab125d55b2a88bf6ec04623a0d8,1322.0,0.999,1762186765,Will Curtis Sliwa win the 2025 NYC mayoral election?,will-curtis-sliwa-win-the-2025-nyc-mayoral-election,https://polymarket-upload.s3.us-east-2.amazonaws.com/will-curtis-sliwa-win-the-2025-nyc-mayoral-election-2j1MODhPMJeg.jpg,new-york-city-mayoral-election,No,1,costcostaff01,Cool-Spread,,,,0xecdd90dcd6d2a000699f3f809c4ccaad59bb022729ead742b221a933f45baeb1,2025-11-03 16:19:25+00:00,1320.678,No,2025-11-05 06:13:17+00:00,37.897777777777776,0.999,0.0
0x3f7aee8f1fafcd873343105b24f83f3f98a9248e,BUY,42541673615301895829890290486226257940966769125829226067368474110048691276042,0xd7bd58d09efa1ff15be61cf30587e79444971ab125d55b2a88bf6ec04623a0d8,1888.0,0.999,1762186759,Will Curtis Sliwa win the 2025 NYC mayoral election?,will-curtis-sliwa-win-the-2025-nyc-mayoral-election,https://polymarket-upload.s3.us-east-2.amazonaws.com/will-curtis-sliwa-win-the-2025-nyc-mayoral-election-2j1MODhPMJeg.jpg,new-york-city-mayoral-election,No,1,costcostaff01,Cool-Spread,,,,0xdadd1d285beb2960b2320e0198c24f2eba8e46194c69a24b2f055b6c6574acf5,2025-11-03 16:19:19+00:00,1886.112,No,2025-11-05 06:13:17+00:00,37.89944444444444,0.999,0.0
0x3f7aee8f1fafcd873343105b24f83f3f98a9248e,BUY,42541673615301895829890290486226257940966769125829226067368474110048691276042,0xd7bd58d09efa1ff15be61cf30587e79444971ab125d55b2a88bf6ec04623a0d8,2697.0,0.999,1762186753,Will Curtis Sliwa win the 2025 NYC mayoral election?,will-curtis-sliwa-win-the-2025-nyc-mayoral-election,https://polymarket-upload.s3.us-east-2.amazonaws.com/will-curtis-sliwa-win-the-2025-nyc-mayoral-election-2j1MODhPMJeg.jpg,new-york-city-mayoral-election,No,1,costcostaff01,Cool-Spread,,,,0x25c70fbdcc8aeda8ee1fadde8c97dd18cca8a0f752218bfde6f4092a2e570c08,2025-11-03 16:19:13+00:00,2694.303,No,2025-11-05 06:13:17+00:00,37.90111111111111,0.999,0.0
0x3f7aee8f1fafcd873343105b24f83f3f98a9248e,BUY,42541673615301895829890290486226257940966769125829226067368474110048691276042,0xd7bd58d09efa1ff15be61cf30587e79444971ab125d55b2a88bf6ec04623a0d8,3939.0,0.999,1762186745,Will Curtis Sliwa win the 2025 NYC mayoral election?,will-curtis-sliwa-win-the-2025-nyc-mayoral-election,https://polymarket-upload.s3.us-east-2.amazonaws.com/will-curtis-sliwa-win-the-2025-nyc-mayoral-election-2j1MODhPMJeg.jpg,new-york-city-mayoral-election,No,1,costcostaff01,Cool-Spread,,,,0xb74bb6ecdd91979a3295fe5b7f6784b1e4b79caa095462dee05208ec4a4a4a7c,2025-11-03 16:19:05+00:00,3935.061,No,2025-11-05 06:13:17+00:00,37.903333333333336,0.999,0.0
0x3f7aee8f1fafcd873343105b24f83f3f98a9248e,BUY,42541673615301895829890290486226257940966769125829226067368474110048691276042,0xd7bd58d09efa1ff15be61cf30587e79444971ab125d55b2a88bf6ec04623a0d8,5000.0,0.999,1762186741,Will Curtis Sliwa win the 2025 NYC mayoral election?,will-curtis-sliwa-win-the-2025-nyc-mayoral-election,https://polymarket-upload.s3.us-east-2.amazonaws.com/will-curtis-sliwa-win-the-2025-nyc-mayoral-election-2j1MODhPMJeg.jpg,new-york-city-mayoral-election,No,1,costcostaff01,Cool-Spread,,,,0xe8356dd33318a4dead9c1f76b1f5a39da88dbfc3a20fe801fe1debe58c4b6127,2025-11-03 16:19:01+00:00,4995.0,No,2025-11-05 06:13:17+00:00,37.904444444444444,0.999,0.0
0x3f7aee8f1fafcd873343105b24f83f3f98a9248e,BUY,42541673615301895829890290486226257940966769125829226067368474110048691276042,0xd7bd58d09efa1ff15be61cf30587e79444971ab125d55b2a88bf6ec04623a0d8,5000.0,0.999,1762186733,Will Curtis Sliwa win the 2025 NYC mayoral election?,will-curtis-sliwa-win-the-2025-nyc-mayoral-election,https://polymarket-upload.s3.us-east-2.amazonaws.com/will-curtis-sliwa-win-the-2025-nyc-mayoral-election-2j1MODhPMJeg.jpg,new-york-city-mayoral-election,No,1,costcostaff01,Cool-Spread,,,,0x3223d85d75cc21d7d8129f92ecedaf7e64b10fb5e9940567303c9c09f7289781,2025-11-03 16:18:53+00:00,4995.0,No,2025-11-05 06:13:17+00:00,37.906666666666666,0.999,0.0
0x3f7aee8f1fafcd873343105b24f83f3f98a9248e,BUY,42541673615301895829890290486226257940966769125829226067368474110048691276042,0xd7bd58d09efa1ff15be61cf30587e79444971ab125d55b2a88bf6ec04623a0d8,5000.0,0.999,1762186725,Will Curtis Sliwa win the 2025 NYC mayoral election?,will-curtis-sliwa-win-the-2025-nyc-mayoral-election,https://polymarket-upload.s3.us-east-2.amazonaws.com/will-curtis-sliwa-win-the-2025-nyc-mayoral-election-2j1MODhPMJeg.jpg,new-york-city-mayoral-election,No,1,costcostaff01,Cool-Spread,,,,0xe7f6a1bb3008b22d8ef815f583e61af0dc640e057c9b32cdec363a77b12f109e,2025-11-03 16:18:45+00:00,4995.0,No,2025-11-05 06:13:17+00:00,37.90888888888889,0.999,0.0
0x3f7aee8f1fafcd873343105b24f83f3f98a9248e,BUY,42541673615301895829890290486226257940966769125829226067368474110048691276042,0xd7bd58d09efa1ff15be61cf30587e79444971ab125d55b2a88bf6ec04623a0d8,2474.0,0.999,1762186719,Will Curtis Sliwa win the 2025 NYC mayoral election?,will-curtis-sliwa-win-the-2025-nyc-mayoral-election,https://polymarket-upload.s3.us-east-2.amazonaws.com/will-curtis-sliwa-win-the-2025-nyc-mayoral-election-2j1MODhPMJeg.jpg,new-york-city-mayoral-election,No,1,costcostaff01,Cool-Spread,,,,0x1a678a03793a25934ca71dbc00929f62a87aee8576baa2c1b10ac3fa6ca5f17a,2025-11-03 16:18:39+00:00,2471.526,No,2025-11-05 06:13:17+00:00,37.910555555555554,0.999,0.0
0x3f7aee8f1fafcd873343105b24f83f3f98a9248e,BUY,42541673615301895829890290486226257940966769125829226067368474110048691276042,0xd7bd58d09efa1ff15be61cf30587e79444971ab125d55b2a88bf6ec04623a0d8,3533.0,0.999,1762186713,Will Curtis Sliwa win the 2025 NYC mayoral election?,will-curtis-sliwa-win-the-2025-nyc-mayoral-election,https://polymarket-upload.s3.us-east-2.amazonaws.com/will-curtis-sliwa-win-the-2025-nyc-mayoral-election-2j1MODhPMJeg.jpg,new-york-city-mayoral-election,No,1,costcostaff01,Cool-Spread,,,,0x3b837d4712700b298b04e39f181a3cc9ebef292e6027696654d0a9c0aac34de0,2025-11-03 16:18:33+00:00,3529.467,No,2025-11-05 06:13:17+00:00,37.91222222222222,0.999,0.0
0x3f7aee8f1fafcd873343105b24f83f3f98a9248e,BUY,42541673615301895829890290486226257940966769125829226067368474110048691276042,0xd7bd58d09efa1ff15be61cf30587e79444971ab125d55b2a88bf6ec04623a0d8,5000.0,0.999,1762186705,Will Curtis Sliwa win the 2025 NYC mayoral election?,will-curtis-sliwa-win-the-2025-nyc-mayoral-election,https://polymarket-upload.s3.us-east-2.amazonaws.com/will-curtis-sliwa-win-the-2025-nyc-mayoral-election-2j1MODhPMJeg.jpg,new-york-city-mayoral-election,No,1,costcostaff01,Cool-Spread,,,,0xe38080f0ad24664d7cb39c3cc2579a4fbaa7859ffd41b6baf14070ab2315110a,2025-11-03 16:18:25+00:00,4995.0,No,2025-11-05 06:13:17+00:00,37.91444444444444,0.999,0.0
0xe8dd7741ccb12350957ec71e9ee332e0d1e6ec86,BUY,42541673615301895829890290486226257940966769125829226067368474110048691276042,0xd7bd58d09efa1ff15be61cf30587e79444971ab125d55b2a88bf6ec04623a0d8,2333.333,0.999,1762186699,Will Curtis Sliwa win the 2025 NYC mayoral election?,will-curtis-sliwa-win-the-2025-nyc-mayoral-election,https://polymarket-upload.s3.us-east-2.amazonaws.com/will-curtis-sliwa-win-the-2025-nyc-mayoral-election-2j1MODhPMJeg.jpg,new-york-city-mayoral-election,No,1,influenz.eth,Real-Veteran,,,,0x358ab048e8f9215166a6730458513c60436b516d1647eb02b5ba9d3f7d2f7b60,2025-11-03 16:18:19+00:00,2330.999667,No,2025-11-05 06:13:17+00:00,37.916111111111114,0.999,0.0
0xe8dd7741ccb12350957ec71e9ee332e0d1e6ec86,BUY,42541673615301895829890290486226257940966769125829226067368474110048691276042,0xd7bd58d09efa1ff15be61cf30587e79444971ab125d55b2a88bf6ec04623a0d8,1361.531,0.999,1762184775,Will Curtis Sliwa win the 2025 NYC mayoral election?,will-curtis-sliwa-win-the-2025-nyc-mayoral-election,https://polymarket-upload.s3.us-east-2.amazonaws.com/will-curtis-sliwa-win-the-2025-nyc-mayoral-election-2j1MODhPMJeg.jpg,new-york-city-mayoral-election,No,1,influenz.eth,Real-Veteran,,,,0x0181142531243f8064d20f06fa0e443a37d0102c8bb7fca90d15371a932181f0,2025-11-03 15:46:15+00:00,1360.169469,No,2025-11-05 06:13:17+00:00,38.45055555555555,0.999,0.0
0x24c8cf69a0e0a17eee21f69d29752bfa32e823e1,BUY,42541673615301895829890290486226257940966769125829226067368474110048691276042,0xd7bd58d09efa1ff15be61cf30587e79444971ab125d55b2a88bf6ec04623a0d8,5731.42,0.999,1762182943,Will Curtis Sliwa win the 2025 NYC mayoral election?,will-curtis-sliwa-win-the-2025-nyc-mayoral-election,https://polymarket-upload.s3.us-east-2.amazonaws.com/will-curtis-sliwa-win-the-2025-nyc-mayoral-election-2j1MODhPMJeg.jpg,new-york-city-mayoral-election,No,1,debased,Broken-Dogwood,"no crazy war, yes peace",https://polymarket-upload.s3.us-east-2.amazonaws.com/trump_farmer_b64c6dcd-13e2-4dda-b1c2-0fb46389fb22_1743074825403.png,,0x572659f2e9377975b12701d762cbc25aed193fb28ba52ccb0bbf102fb071e6b8,2025-11-03 15:15:43+00:00,5725.68858,No,2025-11-05 06:13:17+00:00,38.95944444444444,0.999,0.0
0xe8dd7741ccb12350957ec71e9ee332e0d1e6ec86,BUY,42541673615301895829890290486226257940966769125829226067368474110048691276042,0xd7bd58d09efa1ff15be61cf30587e79444971ab125d55b2a88bf6ec04623a0d8,1736.846,0.999,1762181557,Will Curtis Sliwa win the 2025 NYC mayoral election?,will-curtis-sliwa-win-the-2025-nyc-mayoral-election,https://polymarket-upload.s3.us-east-2.amazonaws.com/will-curtis-sliwa-win-the-2025-nyc-mayoral-election-2j1MODhPMJeg.jpg,new-york-city-mayoral-election,No,1,influenz.eth,Real-Veteran,,,,0x7c617209e251ce0943c3ff139168fae94f96b0cb4e683fddaa5d955cedc3bb0b,2025-11-03 14:52:37+00:00,1735.109154,No,2025-11-05 06:13:17+00:00,39.34444444444444,0.999,0.0
0x63d43bbb87f85af03b8f2f9e2fad7b54334fa2f1,BUY,42541673615301895829890290486226257940966769125829226067368474110048691276042,0xd7bd58d09efa1ff15be61cf30587e79444971ab125d55b2a88bf6ec04623a0d8,2000.0,0.999,1762181557,Will Curtis Sliwa win the 2025 NYC mayoral election?,will-curtis-sliwa-win-the-2025-nyc-mayoral-election,https://polymarket-upload.s3.us-east-2.amazonaws.com/will-curtis-sliwa-win-the-2025-nyc-mayoral-election-2j1MODhPMJeg.jpg,new-york-city-mayoral-election,No,1,wokerjoesleeper,Vivid-Macrofauna,,,,0x4ace3101ce2b5a57608809f11e2660ba41b4ca7237a0c4974e97edc1e6519baa,2025-11-03 14:52:37+00:00,1998.0,No,2025-11-05 06:13:17+00:00,39.34444444444444,0.999,0.0
0x63d43bbb87f85af03b8f2f9e2fad7b54334fa2f1,BUY,42541673615301895829890290486226257940966769125829226067368474110048691276042,0xd7bd58d09efa1ff15be61cf30587e79444971ab125d55b2a88bf6ec04623a0d8,6370.0,0.999,1762181557,Will Curtis Sliwa win the 2025 NYC mayoral election?,will-curtis-sliwa-win-the-2025-nyc-mayoral-election,https://polymarket-upload.s3.us-east-2.amazonaws.com/will-curtis-sliwa-win-the-2025-nyc-mayoral-election-2j1MODhPMJeg.jpg,new-york-city-mayoral-election,No,1,wokerjoesleeper,Vivid-Macrofauna,,,,0xee0151e2bbcc5e3f5d7ffdc4795289b96b27689da399a1b448d11b77be1a7460,2025-11-03 14:52:37+00:00,6363.63,No,2025-11-05 06:13:17+00:00,39.34444444444444,0.999,0.0
0x1fad9860ab0d21c8668a13accf25d6eb3c11b5b2,BUY,42541673615301895829890290486226257940966769125829226067368474110048691276042,0xd7bd58d09efa1ff15be61cf30587e79444971ab125d55b2a88bf6ec04623a0d8,96000.0,0.999,1762181349,Will Curtis Sliwa win the 2025 NYC mayoral election?,will-curtis-sliwa-win-the-2025-nyc-mayoral-election,https://polymarket-upload.s3.us-east-2.amazonaws.com/will-curtis-sliwa-win-the-2025-nyc-mayoral-election-2j1MODhPMJeg.jpg,new-york-city-mayoral-election,No,1,kamakamakamata,Blind-Nationality,,,,0x9edfb588b7cbdc618d937a6ba698ed95183a99682942ead58abc2adb24ab15fa,2025-11-03 14:49:09+00:00,95904.0,No,2025-11-05 06:13:17+00:00,39.40222222222222,0.999,0.0
0xe8dd7741ccb12350957ec71e9ee332e0d1e6ec86,BUY,42541673615301895829890290486226257940966769125829226067368474110048691276042,0xd7bd58d09efa1ff15be61cf30587e79444971ab125d55b2a88bf6ec04623a0d8,1736.846,0.999,1762181065,Will Curtis Sliwa win the 2025 NYC mayoral election?,will-curtis-sliwa-win-the-2025-nyc-mayoral-election,https://polymarket-upload.s3.us-east-2.amazonaws.com/will-curtis-sliwa-win-the-2025-nyc-mayoral-election-2j1MODhPMJeg.jpg,new-york-city-mayoral-election,No,1,influenz.eth,Real-Veteran,,,,0x74e06870d43a8c592d1b19105b8bf9878c95a8ab30d59c7d1c2731061d839d44,2025-11-03 14:44:25+00:00,1735.109154,No,2025-11-05 06:13:17+00:00,39.48111111111111,0.999,0.0
0x3f7aee8f1fafcd873343105b24f83f3f98a9248e,BUY,42541673615301895829890290486226257940966769125829226067368474110048691276042,0xd7bd58d09efa1ff15be61cf30587e79444971ab125d55b2a88bf6ec04623a0d8,1019.0,0.999,1762181035,Will Curtis Sliwa win the 2025 NYC mayoral election?,will-curtis-sliwa-win-the-2025-nyc-mayoral-election,https://polymarket-upload.s3.us-east-2.amazonaws.com/will-curtis-sliwa-win-the-2025-nyc-mayoral-election-2j1MODhPMJeg.jpg,new-york-city-mayoral-election,No,1,costcostaff01,Cool-Spread,,,,0x30972edf2babf38e3f33ec707a99ddedc398484aa269e0d8fb703bff60d96b4a,2025-11-03 14:43:55+00:00,1017.981,No,2025-11-05 06:13:17+00:00,39.489444444444445,0.999,0.0
0x63d43bbb87f85af03b8f2f9e2fad7b54334fa2f1,BUY,42541673615301895829890290486226257940966769125829226067368474110048691276042,0xd7bd58d09efa1ff15be61cf30587e79444971ab125d55b2a88bf6ec04623a0d8,1358.47,0.999,1762181007,Will Curtis Sliwa win the 2025 NYC mayoral election?,will-curtis-sliwa-win-the-2025-nyc-mayoral-election,https://polymarket-upload.s3.us-east-2.amazonaws.com/will-curtis-sliwa-win-the-2025-nyc-mayoral-election-2j1MODhPMJeg.jpg,new-york-city-mayoral-election,No,1,wokerjoesleeper,Vivid-Macrofauna,,,,0x0697ec0b90bf49a325a104244f8095b0d66d772259856e72f9eb61a9f844b4f2,2025-11-03 14:43:27+00:00,1357.1115300000001,No,2025-11-05 06:13:17+00:00,39.49722222222222,0.999,0.0
0x3f7aee8f1fafcd873343105b24f83f3f98a9248e,BUY,42541673615301895829890290486226257940966769125829226067368474110048691276042,0xd7bd58d09efa1ff15be61cf30587e79444971ab125d55b2a88bf6ec04623a0d8,1358.0,0.999,1762180121,Will Curtis Sliwa win the 2025 NYC mayoral election?,will-curtis-sliwa-win-the-2025-nyc-mayoral-election,https://polymarket-upload.s3.us-east-2.amazonaws.com/will-curtis-sliwa-win-the-2025-nyc-mayoral-election-2j1MODhPMJeg.jpg,new-york-city-mayoral-election,No,1,costcostaff01,Cool-Spread,,,,0x98bd1675efbb02f5f1f740398b46d1281df692201dee9cb1f9a20436df7d0c87,2025-11-03 14:28:41+00:00,1356.642,No,2025-11-05 06:13:17+00:00,39.74333333333333,0.999,0.0
0x3f7aee8f1fafcd873343105b24f83f3f98a9248e,BUY,42541673615301895829890290486226257940966769125829226067368474110048691276042,0xd7bd58d09efa1ff15be61cf30587e79444971ab125d55b2a88bf6ec04623a0d8,1940.0,0.999,1762180113,Will Curtis Sliwa win the 2025 NYC mayoral election?,will-curtis-sliwa-win-the-2025-nyc-mayoral-election,https://polymarket-upload.s3.us-east-2.amazonaws.com/will-curtis-sliwa-win-the-2025-nyc-mayoral-election-2j1MODhPMJeg.jpg,new-york-city-mayoral-election,No,1,costcostaff01,Cool-Spread,,,,0x2617e2a78d32174eee0b89f23f04a6f4b316d71bca20b5d75ce4f8cdd3cb6008,2025-11-03 14:28:33+00:00,1938.06,No,2025-11-05 06:13:17+00:00,39.745555555555555,0.999,0.0
0x3f7aee8f1fafcd873343105b24f83f3f98a9248e,BUY,42541673615301895829890290486226257940966769125829226067368474110048691276042,0xd7bd58d09efa1ff15be61cf30587e79444971ab125d55b2a88bf6ec04623a0d8,2772.0,0.999,1762180107,Will Curtis Sliwa win the 2025 NYC mayoral election?,will-curtis-sliwa-win-the-2025-nyc-mayoral-election,https://polymarket-upload.s3.us-east-2.amazonaws.com/will-curtis-sliwa-win-the-2025-nyc-mayoral-election-2j1MODhPMJeg.jpg,new-york-city-mayoral-election,No,1,costcostaff01,Cool-Spread,,,,0x55dd058468e46dadcf49d9dd43e0bb85c7771267ac2616a9b289bded342f1df5,2025-11-03 14:28:27+00:00,2769.228,No,2025-11-05 06:13:17+00:00,39.74722222222222,0.999,0.0
0x3f7aee8f1fafcd873343105b24f83f3f98a9248e,BUY,42541673615301895829890290486226257940966769125829226067368474110048691276042,0xd7bd58d09efa1ff15be61cf30587e79444971ab125d55b2a88bf6ec04623a0d8,3960.0,0.999,1762180101,Will Curtis Sliwa win the 2025 NYC mayoral election?,will-curtis-sliwa-win-the-2025-nyc-mayoral-election,https://polymarket-upload.s3.us-east-2.amazonaws.com/will-curtis-sliwa-win-the-2025-nyc-mayoral-election-2j1MODhPMJeg.jpg,new-york-city-mayoral-election,No,1,costcostaff01,Cool-Spread,,,,0x1ba0f325e5405226fa221308a221f12db1456bda1a005c7b1303a04167cc8dca,2025-11-03 14:28:21+00:00,3956.04,No,2025-11-05 06:13:17+00:00,39.74888888888889,0.999,0.0
0x63d43bbb87f85af03b8f2f9e2fad7b54334fa2f1,BUY,42541673615301895829890290486226257940966769125829226067368474110048691276042,0xd7bd58d09efa1ff15be61cf30587e79444971ab125d55b2a88bf6ec04623a0d8,2000.0,0.999,1762179777,Will Curtis Sliwa win the 2025 NYC mayoral election?,will-curtis-sliwa-win-the-2025-nyc-mayoral-election,https://polymarket-upload.s3.us-east-2.amazonaws.com/will-curtis-sliwa-win-the-2025-nyc-mayoral-election-2j1MODhPMJeg.jpg,new-york-city-mayoral-election,No,1,wokerjoesleeper,Vivid-Macrofauna,,,,0x5ac5354ff7918964b5bd33d702968e3b0619df9dcecf410551a1f5e049906213,2025-11-03 14:22:57+00:00,1998.0,No,2025-11-05 06:13:17+00:00,39.83888888888889,0.999,0.0
0xb48b9192dc52eed724fa58c66fa8926d06a3648e,BUY,42541673615301895829890290486226257940966769125829226067368474110048691276042,0xd7bd58d09efa1ff15be61cf30587e79444971ab125d55b2a88bf6ec04623a0d8,10000.0,0.999,1762179775,Will Curtis Sliwa win the 2025 NYC mayoral election?,will-curtis-sliwa-win-the-2025-nyc-mayoral-election,https://polymarket-upload.s3.us-east-2.amazonaws.com/will-curtis-sliwa-win-the-2025-nyc-mayoral-election-2j1MODhPMJeg.jpg,new-york-city-mayoral-election,No,1,Cookedtan,Icky-Tide,6650,https://polymarket-upload.s3.us-east-2.amazonaws.com/profile-image-2799922-15b860f4-0011-4c70-8833-f11d9f457b01.jpeg,,0xb38ca72c6d93a3fd7b9797fdc9fe4cc430ad9722ac07c2fdae139d41d5aad159,2025-11-03 14:22:55+00:00,9990.0,No,2025-11-05 06:13:17+00:00,39.839444444444446,0.999,0.0
0xe8dd7741ccb12350957ec71e9ee332e0d1e6ec86,BUY,42541673615301895829890290486226257940966769125829226067368474110048691276042,0xd7bd58d09efa1ff15be61cf30587e79444971ab125d55b2a88bf6ec04623a0d8,1559.219,0.999,1762179775,Will Curtis Sliwa win the 2025 NYC mayoral election?,will-curtis-sliwa-win-the-2025-nyc-mayoral-election,https://polymarket-upload.s3.us-east-2.amazonaws.com/will-curtis-sliwa-win-the-2025-nyc-mayoral-election-2j1MODhPMJeg.jpg,new-york-city-mayoral-election,No,1,influenz.eth,Real-Veteran,,,,0xfb7dbc568ec63bdb1f1b489c216cb4d35640a948f729234f13cc6e9b5f26d7cf,2025-11-03 14:22:55+00:00,1557.659781,No,2025-11-05 06:13:17+00:00,39.839444444444446,0.999,0.0
0x63d43bbb87f85af03b8f2f9e2fad7b54334fa2f1,BUY,42541673615301895829890290486226257940966769125829226067368474110048691276042,0xd7bd58d09efa1ff15be61cf30587e79444971ab125d55b2a88bf6ec04623a0d8,3900.0,0.999,1762179361,Will Curtis Sliwa win the 2025 NYC mayoral election?,will-curtis-sliwa-win-the-2025-nyc-mayoral-election,https://polymarket-upload.s3.us-east-2.amazonaws.com/will-curtis-sliwa-win-the-2025-nyc-mayoral-election-2j1MODhPMJeg.jpg,new-york-city-mayoral-election,No,1,wokerjoesleeper,Vivid-Macrofauna,,,,0x8ca39189f9ad5d05447c432474311e9666de3ab49f308c9b3635f9878eeb45de,2025-11-03 14:16:01+00:00,3896.1,No,2025-11-05 06:13:17+00:00,39.95444444444445,0.999,0.0
0xe8dd7741ccb12350957ec71e9ee332e0d1e6ec86,BUY,42541673615301895829890290486226257940966769125829226067368474110048691276042,0xd7bd58d09efa1ff15be61cf30587e79444971ab125d55b2a88bf6ec04623a0d8,2333.333,0.999,1762179361,Will Curtis Sliwa win the 2025 NYC mayoral election?,will-curtis-sliwa-win-the-2025-nyc-mayoral-election,https://polymarket-upload.s3.us-east-2.amazonaws.com/will-curtis-sliwa-win-the-2025-nyc-mayoral-election-2j1MODhPMJeg.jpg,new-york-city-mayoral-election,No,1,influenz.eth,Real-Veteran,,,,0xc404c60a2784fbec662c96890f1baf119441a189ec724f84bc1ee6a20f1c9894,2025-11-03 14:16:01+00:00,2330.999667,No,2025-11-05 06:13:17+00:00,39.95444444444445,0.999,0.0
0x63d43bbb87f85af03b8f2f9e2fad7b54334fa2f1,BUY,42541673615301895829890290486226257940966769125829226067368474110048691276042,0xd7bd58d09efa1ff15be61cf30587e79444971ab125d55b2a88bf6ec04623a0d8,2000.0,0.999,1762179359,Will Curtis Sliwa win the 2025 NYC mayoral election?,will-curtis-sliwa-win-the-2025-nyc-mayoral-election,https://polymarket-upload.s3.us-east-2.amazonaws.com/will-curtis-sliwa-win-the-2025-nyc-mayoral-election-2j1MODhPMJeg.jpg,new-york-city-mayoral-election,No,1,wokerjoesleeper,Vivid-Macrofauna,,,,0xff69c03d4367e7ceed23d057ff4fd9194b7c080cc2896ba9362c6f1cc85af87c,2025-11-03 14:15:59+00:00,1998.0,No,2025-11-05 06:13:17+00:00,39.955,0.999,0.0
0x3f7aee8f1fafcd873343105b24f83f3f98a9248e,BUY,42541673615301895829890290486226257940966769125829226067368474110048691276042,0xd7bd58d09efa1ff15be61cf30587e79444971ab125d55b2a88bf6ec04623a0d8,1187.0,0.999,1762179307,Will Curtis Sliwa win the 2025 NYC mayoral election?,will-curtis-sliwa-win-the-2025-nyc-mayoral-election,https://polymarket-upload.s3.us-east-2.amazonaws.com/will-curtis-sliwa-win-the-2025-nyc-mayoral-election-2j1MODhPMJeg.jpg,new-york-city-mayoral-election,No,1,costcostaff01,Cool-Spread,,,,0x2f33c1a8137354a1666a8f860d06f99599e1a5d088c97dcfa1e07559fcf64628,2025-11-03 14:15:07+00:00,1185.813,No,2025-11-05 06:13:17+00:00,39.96944444444444,0.999,0.0
0x3f7aee8f1fafcd873343105b24f83f3f98a9248e,BUY,42541673615301895829890290486226257940966769125829226067368474110048691276042,0xd7bd58d09efa1ff15be61cf30587e79444971ab125d55b2a88bf6ec04623a0d8,1695.0,0.999,1762179299,Will Curtis Sliwa win the 2025 NYC mayoral election?,will-curtis-sliwa-win-the-2025-nyc-mayoral-election,https://polymarket-upload.s3.us-east-2.amazonaws.com/will-curtis-sliwa-win-the-2025-nyc-mayoral-election-2j1MODhPMJeg.jpg,new-york-city-mayoral-election,No,1,costcostaff01,Cool-Spread,,,,0x4e1e0ee89cbcc87652df57e4b753adac626e7c573908c2893d3d194a434625ba,2025-11-03 14:14:59+00:00,1693.305,No,2025-11-05 06:13:17+00:00,39.971666666666664,0.999,0.0
0x3f7aee8f1fafcd873343105b24f83f3f98a9248e,BUY,42541673615301895829890290486226257940966769125829226067368474110048691276042,0xd7bd58d09efa1ff15be61cf30587e79444971ab125d55b2a88bf6ec04623a0d8,2422.0,0.999,1762179293,Will Curtis Sliwa win the 2025 NYC mayoral election?,will-curtis-sliwa-win-the-2025-nyc-mayoral-election,https://polymarket-upload.s3.us-east-2.amazonaws.com/will-curtis-sliwa-win-the-2025-nyc-mayoral-election-2j1MODhPMJeg.jpg,new-york-city-mayoral-election,No,1,costcostaff01,Cool-Spread,,,,0xf7835b4e5599fc98cd8b0fb5fae9c3672d7384d48f515dbc9ffd29ea84ad1b96,2025-11-03 14:14:53+00:00,2419.578,No,2025-11-05 06:13:17+00:00,39.973333333333336,0.999,0.0
0xe8dd7741ccb12350957ec71e9ee332e0d1e6ec86,BUY,42541673615301895829890290486226257940966769125829226067368474110048691276042,0xd7bd58d09efa1ff15be61cf30587e79444971ab125d55b2a88bf6ec04623a0d8,2333.333,0.999,1762179201,Will Curtis Sliwa win the 2025 NYC mayoral election?,will-curtis-sliwa-win-the-2025-nyc-mayoral-election,https://polymarket-upload.s3.us-east-2.amazonaws.com/will-curtis-sliwa-win-the-2025-nyc-mayoral-election-2j1MODhPMJeg.jpg,new-york-city-mayoral-election,No,1,influenz.eth,Real-Veteran,,,,0xe2748de892ee7f7bf2e23724805e6bab3cd983d11286b46819c2c0edf40d9138,2025-11-03 14:13:21+00:00,2330.999667,No,2025-11-05 06:13:17+00:00,39.99888888888889,0.999,0.0
0xb48b9192dc52eed724fa58c66fa8926d06a3648e,BUY,42541673615301895829890290486226257940966769125829226067368474110048691276042,0xd7bd58d09efa1ff15be61cf30587e79444971ab125d55b2a88bf6ec04623a0d8,10000.0,0.999,1762179201,Will Curtis Sliwa win the 2025 NYC mayoral election?,will-curtis-sliwa-win-the-2025-nyc-mayoral-election,https://polymarket-upload.s3.us-east-2.amazonaws.com/will-curtis-sliwa-win-the-2025-nyc-mayoral-election-2j1MODhPMJeg.jpg,new-york-city-mayoral-election,No,1,Cookedtan,Icky-Tide,6650,https://polymarket-upload.s3.us-east-2.amazonaws.com/profile-image-2799922-15b860f4-0011-4c70-8833-f11d9f457b01.jpeg,,0x29e375de7d360cf967f95199312c7f150457fc61546037b12f64e57335c36f19,2025-11-03 14:13:21+00:00,9990.0,No,2025-11-05 06:13:17+00:00,39.99888888888889,0.999,0.0
0x63d43bbb87f85af03b8f2f9e2fad7b54334fa2f1,BUY,42541673615301895829890290486226257940966769125829226067368474110048691276042,0xd7bd58d09efa1ff15be61cf30587e79444971ab125d55b2a88bf6ec04623a0d8,2000.0,0.999,1762179201,Will Curtis Sliwa win the 2025 NYC mayoral election?,will-curtis-sliwa-win-the-2025-nyc-mayoral-election,https://polymarket-upload.s3.us-east-2.amazonaws.com/will-curtis-sliwa-win-the-2025-nyc-mayoral-election-2j1MODhPMJeg.jpg,new-york-city-mayoral-election,No,1,wokerjoesleeper,Vivid-Macrofauna,,,,0x051e2458748cb037636b34d5461c83478e09b3dcc9d68ef4ac1d05c801b25655,2025-11-03 14:13:21+00:00,1998.0,No,2025-11-05 06:13:17+00:00,39.99888888888889,0.999,0.0
0xe8dd7741ccb12350957ec71e9ee332e0d1e6ec86,BUY,42541673615301895829890290486226257940966769125829226067368474110048691276042,0xd7bd58d09efa1ff15be61cf30587e79444971ab125d55b2a88bf6ec04623a0d8,2333.333,0.999,1762178973,Will Curtis Sliwa win the 2025 NYC mayoral election?,will-curtis-sliwa-win-the-2025-nyc-mayoral-election,https://polymarket-upload.s3.us-east-2.amazonaws.com/will-curtis-sliwa-win-the-2025-nyc-mayoral-election-2j1MODhPMJeg.jpg,new-york-city-mayoral-election,No,1,influenz.eth,Real-Veteran,,,,0x7f031279975ae4ced9dff4a0236c12417b26acc724655d50252633c9571ecfb3,2025-11-03 14:09:33+00:00,2330.999667,No,2025-11-05 06:13:17+00:00,40.062222222222225,0.999,0.0
0x63d43bbb87f85af03b8f2f9e2fad7b54334fa2f1,BUY,42541673615301895829890290486226257940966769125829226067368474110048691276042,0xd7bd58d09efa1ff15be61cf30587e79444971ab125d55b2a88bf6ec04623a0d8,2000.0,0.999,1762178973,Will Curtis Sliwa win the 2025 NYC mayoral election?,will-curtis-sliwa-win-the-2025-nyc-mayoral-election,https://polymarket-upload.s3.us-east-2.amazonaws.com/will-curtis-sliwa-win-the-2025-nyc-mayoral-election-2j1MODhPMJeg.jpg,new-york-city-mayoral-election,No,1,wokerjoesleeper,Vivid-Macrofauna,,,,0x5a285545baecfbf4d6a8dace592d81a2c8717c1e8fd4f5d51615f01f913b5569,2025-11-03 14:09:33+00:00,1998.0,No,2025-11-05 06:13:17+00:00,40.062222222222225,0.999,0.0
0xb48b9192dc52eed724fa58c66fa8926d06a3648e,BUY,42541673615301895829890290486226257940966769125829226067368474110048691276042,0xd7bd58d09efa1ff15be61cf30587e79444971ab125d55b2a88bf6ec04623a0d8,10000.0,0.999,1762178973,Will Curtis Sliwa win the 2025 NYC mayoral election?,will-curtis-sliwa-win-the-2025-nyc-mayoral-election,https://polymarket-upload.s3.us-east-2.amazonaws.com/will-curtis-sliwa-win-the-2025-nyc-mayoral-election-2j1MODhPMJeg.jpg,new-york-city-mayoral-election,No,1,Cookedtan,Icky-Tide,6650,https://polymarket-upload.s3.us-east-2.amazonaws.com/profile-image-2799922-15b860f4-0011-4c70-8833-f11d9f457b01.jpeg,,0xd84e244daee13c00f289c6ec42c35ad3cb402bb47efa35aeb67fedfbf65c6721,2025-11-03 14:09:33+00:00,9990.0,No,2025-11-05 06:13:17+00:00,40.062222222222225,0.999,0.0
0x3f7aee8f1fafcd873343105b24f83f3f98a9248e,BUY,42541673615301895829890290486226257940966769125829226067368474110048691276042,0xd7bd58d09efa1ff15be61cf30587e79444971ab125d55b2a88bf6ec04623a0d8,4385.0,0.999,1762177801,Will Curtis Sliwa win the 2025 NYC mayoral election?,will-curtis-sliwa-win-the-2025-nyc-mayoral-election,https://polymarket-upload.s3.us-east-2.amazonaws.com/will-curtis-sliwa-win-the-2025-nyc-mayoral-election-2j1MODhPMJeg.jpg,new-york-city-mayoral-election,No,1,costcostaff01,Cool-Spread,,,,0x8c6c3800b22ea15801be73d023f3702aedf62e414eb08656bbc3d8eb528672de,2025-11-03 13:50:01+00:00,4380.615,No,2025-11-05 06:13:17+00:00,40.38777777777778,0.999,0.0
0x3f7aee8f1fafcd873343105b24f83f3f98a9248e,BUY,42541673615301895829890290486226257940966769125829226067368474110048691276042,0xd7bd58d09efa1ff15be61cf30587e79444971ab125d55b2a88bf6ec04623a0d8,5000.0,0.999,1762177795,Will Curtis Sliwa win the 2025 NYC mayoral election?,will-curtis-sliwa-win-the-2025-nyc-mayoral-election,https://polymarket-upload.s3.us-east-2.amazonaws.com/will-curtis-sliwa-win-the-2025-nyc-mayoral-election-2j1MODhPMJeg.jpg,new-york-city-mayoral-election,No,1,costcostaff01,Cool-Spread,,,,0x00becfe9123b63d170974459adc5ca266676264d80f4b52c1b9dca92861d761e,2025-11-03 13:49:55+00:00,4995.0,No,2025-11-05 06:13:17+00:00,40.38944444444444,0.999,0.0
0x3f7aee8f1fafcd873343105b24f83f3f98a9248e,BUY,42541673615301895829890290486226257940966769125829226067368474110048691276042,0xd7bd58d09efa1ff15be61cf30587e79444971ab125d55b2a88bf6ec04623a0d8,5000.0,0.999,1762177741,Will Curtis Sliwa win the 2025 NYC mayoral election?,will-curtis-sliwa-win-the-2025-nyc-mayoral-election,https://polymarket-upload.s3.us-east-2.amazonaws.com/will-curtis-sliwa-win-the-2025-nyc-mayoral-election-2j1MODhPMJeg.jpg,new-york-city-mayoral-election,No,1,costcostaff01,Cool-Spread,,,,0x4269a5f8cf7874e6ba5662033c2b50c0998ddfad71a76dea38dcd71d3686c811,2025-11-03 13:49:01+00:00,4995.0,No,2025-11-05 06:13:17+00:00,40.404444444444444,0.999,0.0
0x3f7aee8f1fafcd873343105b24f83f3f98a9248e,BUY,42541673615301895829890290486226257940966769125829226067368474110048691276042,0xd7bd58d09efa1ff15be61cf30587e79444971ab125d55b2a88bf6ec04623a0d8,5000.0,0.999,1762177733,Will Curtis Sliwa win the 2025 NYC mayoral election?,will-curtis-sliwa-win-the-2025-nyc-mayoral-election,https://polymarket-upload.s3.us-east-2.amazonaws.com/will-curtis-sliwa-win-the-2025-nyc-mayoral-election-2j1MODhPMJeg.jpg,new-york-city-mayoral-election,No,1,costcostaff01,Cool-Spread,,,,0x4d2e46b6393818b5825dd5b549ef66ce528465338252c44f961b1c248036c3d9,2025-11-03 13:48:53+00:00,4995.0,No,2025-11-05 06:13:17+00:00,40.406666666666666,0.999,0.0
0x3f7aee8f1fafcd873343105b24f83f3f98a9248e,BUY,42541673615301895829890290486226257940966769125829226067368474110048691276042,0xd7bd58d09efa1ff15be61cf30587e79444971ab125d55b2a88bf6ec04623a0d8,1295.0,0.999,1762177607,Will Curtis Sliwa win the 2025 NYC mayoral election?,will-curtis-sliwa-win-the-2025-nyc-mayoral-election,https://polymarket-upload.s3.us-east-2.amazonaws.com/will-curtis-sliwa-win-the-2025-nyc-mayoral-election-2j1MODhPMJeg.jpg,new-york-city-mayoral-election,No,1,costcostaff01,Cool-Spread,,,,0x9a5c213b9f13fc73f47f46ed319074e7c816a7f6ec3e1040b777b0e32d9969ff,2025-11-03 13:46:47+00:00,1293.705,No,2025-11-05 06:13:17+00:00,40.44166666666667,0.999,0.0
0x3f7aee8f1fafcd873343105b24f83f3f98a9248e,BUY,42541673615301895829890290486226257940966769125829226067368474110048691276042,0xd7bd58d09efa1ff15be61cf30587e79444971ab125d55b2a88bf6ec04623a0d8,1894.0,0.999,1762177601,Will Curtis Sliwa win the 2025 NYC mayoral election?,will-curtis-sliwa-win-the-2025-nyc-mayoral-election,https://polymarket-upload.s3.us-east-2.amazonaws.com/will-curtis-sliwa-win-the-2025-nyc-mayoral-election-2j1MODhPMJeg.jpg,new-york-city-mayoral-election,No,1,costcostaff01,Cool-Spread,,,,0xecd823c4dbff5a633ac3486fdc8d998eaa442f80977c221785781aa55238f7bb,2025-11-03 13:46:41+00:00,1892.106,No,2025-11-05 06:13:17+00:00,40.443333333333335,0.999,0.0
0x3f7aee8f1fafcd873343105b24f83f3f98a9248e,BUY,42541673615301895829890290486226257940966769125829226067368474110048691276042,0xd7bd58d09efa1ff15be61cf30587e79444971ab125d55b2a88bf6ec04623a0d8,3088.0,0.999,1762177595,Will Curtis Sliwa win the 2025 NYC mayoral election?,will-curtis-sliwa-win-the-2025-nyc-mayoral-election,https://polymarket-upload.s3.us-east-2.amazonaws.com/will-curtis-sliwa-win-the-2025-nyc-mayoral-election-2j1MODhPMJeg.jpg,new-york-city-mayoral-election,No,1,costcostaff01,Cool-Spread,,,,0xb2b5bad7667ad779e73333974b24a10da592cd4445c2595ecb6069fdb5d53c7c,2025-11-03 13:46:35+00:00,3084.912,No,2025-11-05 06:13:17+00:00,40.445,0.999,0.0
0x3f7aee8f1fafcd873343105b24f83f3f98a9248e,BUY,42541673615301895829890290486226257940966769125829226067368474110048691276042,0xd7bd58d09efa1ff15be61cf30587e79444971ab125d55b2a88bf6ec04623a0d8,4325.0,0.999,1762177589,Will Curtis Sliwa win the 2025 NYC mayoral election?,will-curtis-sliwa-win-the-2025-nyc-mayoral-election,https://polymarket-upload.s3.us-east-2.amazonaws.com/will-curtis-sliwa-win-the-2025-nyc-mayoral-election-2j1MODhPMJeg.jpg,new-york-city-mayoral-election,No,1,costcostaff01,Cool-Spread,,,,0x9701cc6163987da14fbf5fffe4597b31da94c8e7c75c70dbcad17e73226714b5,2025-11-03 13:46:29+00:00,4320.675,No,2025-11-05 06:13:17+00:00,40.446666666666665,0.999,0.0
0x3f7aee8f1fafcd873343105b24f83f3f98a9248e,BUY,42541673615301895829890290486226257940966769125829226067368474110048691276042,0xd7bd58d09efa1ff15be61cf30587e79444971ab125d55b2a88bf6ec04623a0d8,5000.0,0.999,1762177583,Will Curtis Sliwa win the 2025 NYC mayoral election?,will-curtis-sliwa-win-the-2025-nyc-mayoral-election,https://polymarket-upload.s3.us-east-2.amazonaws.com/will-curtis-sliwa-win-the-2025-nyc-mayoral-election-2j1MODhPMJeg.jpg,new-york-city-mayoral-election,No,1,costcostaff01,Cool-Spread,,,,0x8410d81617dbf9fb700f1009f80278d463deb644b822a37c4458d3ba44e71737,2025-11-03 13:46:23+00:00,4995.0,No,2025-11-05 06:13:17+00:00,40.44833333333333,0.999,0.0
0x3f7aee8f1fafcd873343105b24f83f3f98a9248e,BUY,42541673615301895829890290486226257940966769125829226067368474110048691276042,0xd7bd58d09efa1ff15be61cf30587e79444971ab125d55b2a88bf6ec04623a0d8,1137.0,0.999,1762177525,Will Curtis Sliwa win the 2025 NYC mayoral election?,will-curtis-sliwa-win-the-2025-nyc-mayoral-election,https://polymarket-upload.s3.us-east-2.amazonaws.com/will-curtis-sliwa-win-the-2025-nyc-mayoral-election-2j1MODhPMJeg.jpg,new-york-city-mayoral-election,No,1,costcostaff01,Cool-Spread,,,,0x9c5cbf730b9fb57f4c60fba93cae02db717d75535d54b673a4a3a7ad35ce9f02,2025-11-03 13:45:25+00:00,1135.863,No,2025-11-05 06:13:17+00:00,40.464444444444446,0.999,0.0
0x3f7aee8f1fafcd873343105b24f83f3f98a9248e,BUY,42541673615301895829890290486226257940966769125829226067368474110048691276042,0xd7bd58d09efa1ff15be61cf30587e79444971ab125d55b2a88bf6ec04623a0d8,1614.0,0.999,1762177517,Will Curtis Sliwa win the 2025 NYC mayoral election?,will-curtis-sliwa-win-the-2025-nyc-mayoral-election,https://polymarket-upload.s3.us-east-2.amazonaws.com/will-curtis-sliwa-win-the-2025-nyc-mayoral-election-2j1MODhPMJeg.jpg,new-york-city-mayoral-election,No,1,costcostaff01,Cool-Spread,,,,0xa61ca3c38600a9147d16a5c11816f3e5393d8b698d8f53c8e7e1d0abdce68917,2025-11-03 13:45:17+00:00,1612.386,No,2025-11-05 06:13:17+00:00,40.46666666666667,0.999,0.0
0x3f7aee8f1fafcd873343105b24f83f3f98a9248e,BUY,42541673615301895829890290486226257940966769125829226067368474110048691276042,0xd7bd58d09efa1ff15be61cf30587e79444971ab125d55b2a88bf6ec04623a0d8,2306.0,0.999,1762177511,Will Curtis Sliwa win the 2025 NYC mayoral election?,will-curtis-sliwa-win-the-2025-nyc-mayoral-election,https://polymarket-upload.s3.us-east-2.amazonaws.com/will-curtis-sliwa-win-the-2025-nyc-mayoral-election-2j1MODhPMJeg.jpg,new-york-city-mayoral-election,No,1,costcostaff01,Cool-Spread,,,,0x0630a5aa8f2c4b73d1a94021e96d5e02c7af23d3d73610df1ee90e7e336d139b,2025-11-03 13:45:11+00:00,2303.694,No,2025-11-05 06:13:17+00:00,40.468333333333334,0.999,0.0
0x3f7aee8f1fafcd873343105b24f83f3f98a9248e,BUY,42541673615301895829890290486226257940966769125829226067368474110048691276042,0xd7bd58d09efa1ff15be61cf30587e79444971ab125d55b2a88bf6ec04623a0d8,3294.0,0.999,1762177503,Will Curtis Sliwa win the 2025 NYC mayoral election?,will-curtis-sliwa-win-the-2025-nyc-mayoral-election,https://polymarket-upload.s3.us-east-2.amazonaws.com/will-curtis-sliwa-win-the-2025-nyc-mayoral-election-2j1MODhPMJeg.jpg,new-york-city-mayoral-election,No,1,costcostaff01,Cool-Spread,,,,0x7e1176bb4f9c58a846535e85f4f217a7e7d46480a8703c888c612f5ba24527f6,2025-11-03 13:45:03+00:00,3290.706,No,2025-11-05 06:13:17+00:00,40.470555555555556,0.999,0.0
0x3f7aee8f1fafcd873343105b24f83f3f98a9248e,BUY,42541673615301895829890290486226257940966769125829226067368474110048691276042,0xd7bd58d09efa1ff15be61cf30587e79444971ab125d55b2a88bf6ec04623a0d8,4393.0,0.999,1762177497,Will Curtis Sliwa win the 2025 NYC mayoral election?,will-curtis-sliwa-win-the-2025-nyc-mayoral-election,https://polymarket-upload.s3.us-east-2.amazonaws.com/will-curtis-sliwa-win-the-2025-nyc-mayoral-election-2j1MODhPMJeg.jpg,new-york-city-mayoral-election,No,1,costcostaff01,Cool-Spread,,,,0x09cd5e1a92840e321d92258dbfa019fa65fcfd333ebee259aebc9e44e01f0426,2025-11-03 13:44:57+00:00,4388.607,No,2025-11-05 06:13:17+00:00,40.47222222222222,0.999,0.0
0x3f7aee8f1fafcd873343105b24f83f3f98a9248e,BUY,42541673615301895829890290486226257940966769125829226067368474110048691276042,0xd7bd58d09efa1ff15be61cf30587e79444971ab125d55b2a88bf6ec04623a0d8,5000.0,0.999,1762176637,Will Curtis Sliwa win the 2025 NYC mayoral election?,will-curtis-sliwa-win-the-2025-nyc-mayoral-election,https://polymarket-upload.s3.us-east-2.amazonaws.com/will-curtis-sliwa-win-the-2025-nyc-mayoral-election-2j1MODhPMJeg.jpg,new-york-city-mayoral-election,No,1,costcostaff01,Cool-Spread,,,,0xbaa211dc1f0fd8bb696c7abc4fec4f948fed48239472bbaa86301f6566d1b707,2025-11-03 13:30:37+00:00,4995.0,No,2025-11-05 06:13:17+00:00,40.71111111111111,0.999,0.0
0x3f7aee8f1fafcd873343105b24f83f3f98a9248e,BUY,42541673615301895829890290486226257940966769125829226067368474110048691276042,0xd7bd58d09efa1ff15be61cf30587e79444971ab125d55b2a88bf6ec04623a0d8,5000.0,0.999,1762176631,Will Curtis Sliwa win the 2025 NYC mayoral election?,will-curtis-sliwa-win-the-2025-nyc-mayoral-election,https://polymarket-upload.s3.us-east-2.amazonaws.com/will-curtis-sliwa-win-the-2025-nyc-mayoral-election-2j1MODhPMJeg.jpg,new-york-city-mayoral-election,No,1,costcostaff01,Cool-Spread,,,,0xd0aa632c12e30870497ae3daa6e7730a87fedcceb3065454e39955afc9d5e355,2025-11-03 13:30:31+00:00,4995.0,No,2025-11-05 06:13:17+00:00,40.71277777777778,0.999,0.0
0x3f7aee8f1fafcd873343105b24f83f3f98a9248e,BUY,42541673615301895829890290486226257940966769125829226067368474110048691276042,0xd7bd58d09efa1ff15be61cf30587e79444971ab125d55b2a88bf6ec04623a0d8,5000.0,0.999,1762176625,Will Curtis Sliwa win the 2025 NYC mayoral election?,will-curtis-sliwa-win-the-2025-nyc-mayoral-election,https://polymarket-upload.s3.us-east-2.amazonaws.com/will-curtis-sliwa-win-the-2025-nyc-mayoral-election-2j1MODhPMJeg.jpg,new-york-city-mayoral-election,No,1,costcostaff01,Cool-Spread,,,,0xc273aec03488a094b4df5a30e6f5fd329f268621763097cac318285653a70645,2025-11-03 13:30:25+00:00,4995.0,No,2025-11-05 06:13:17+00:00,40.714444444444446,0.999,0.0
0x3f7aee8f1fafcd873343105b24f83f3f98a9248e,BUY,42541673615301895829890290486226257940966769125829226067368474110048691276042,0xd7bd58d09efa1ff15be61cf30587e79444971ab125d55b2a88bf6ec04623a0d8,5000.0,0.999,1762176619,Will Curtis Sliwa win the 2025 NYC mayoral election?,will-curtis-sliwa-win-the-2025-nyc-mayoral-election,https://polymarket-upload.s3.us-east-2.amazonaws.com/will-curtis-sliwa-win-the-2025-nyc-mayoral-election-2j1MODhPMJeg.jpg,new-york-city-mayoral-election,No,1,costcostaff01,Cool-Spread,,,,0x86f9da544a6fcc799e451879497a975325292fa9c9f7eed7d1e6f11180aeb451,2025-11-03 13:30:19+00:00,4995.0,No,2025-11-05 06:13:17+00:00,40.71611111111111,0.999,0.0
0x3f7aee8f1fafcd873343105b24f83f3f98a9248e,BUY,42541673615301895829890290486226257940966769125829226067368474110048691276042,0xd7bd58d09efa1ff15be61cf30587e79444971ab125d55b2a88bf6ec04623a0d8,5000.0,0.999,1762176611,Will Curtis Sliwa win the 2025 NYC mayoral election?,will-curtis-sliwa-win-the-2025-nyc-mayoral-election,https://polymarket-upload.s3.us-east-2.amazonaws.com/will-curtis-sliwa-win-the-2025-nyc-mayoral-election-2j1MODhPMJeg.jpg,new-york-city-mayoral-election,No,1,costcostaff01,Cool-Spread,,,,0x6a7eb03f0ead4afe5685928f6393e9212057e6457c07d8001b1fd2146b10e701,2025-11-03 13:30:11+00:00,4995.0,No,2025-11-05 06:13:17+00:00,40.718333333333334,0.999,0.0
0x3f7aee8f1fafcd873343105b24f83f3f98a9248e,BUY,42541673615301895829890290486226257940966769125829226067368474110048691276042,0xd7bd58d09efa1ff15be61cf30587e79444971ab125d55b2a88bf6ec04623a0d8,5000.0,0.999,1762176603,Will Curtis Sliwa win the 2025 NYC mayoral election?,will-curtis-sliwa-win-the-2025-nyc-mayoral-election,https://polymarket-upload.s3.us-east-2.amazonaws.com/will-curtis-sliwa-win-the-2025-nyc-mayoral-election-2j1MODhPMJeg.jpg,new-york-city-mayoral-election,No,1,costcostaff01,Cool-Spread,,,,0x813d05d59e2d776d112fad44173196d346d36945f2629a6498419ce4009cfd9a,2025-11-03 13:30:03+00:00,4995.0,No,2025-11-05 06:13:17+00:00,40.720555555555556,0.999,0.0
0x3f7aee8f1fafcd873343105b24f83f3f98a9248e,BUY,42541673615301895829890290486226257940966769125829226067368474110048691276042,0xd7bd58d09efa1ff15be61cf30587e79444971ab125d55b2a88bf6ec04623a0d8,5000.0,0.999,1762176597,Will Curtis Sliwa win the 2025 NYC mayoral election?,will-curtis-sliwa-win-the-2025-nyc-mayoral-election,https://polymarket-upload.s3.us-east-2.amazonaws.com/will-curtis-sliwa-win-the-2025-nyc-mayoral-election-2j1MODhPMJeg.jpg,new-york-city-mayoral-election,No,1,costcostaff01,Cool-Spread,,,,0xc1caceea9e5aea4c270efa7d233250a2cd00950a7d1ec96a368e4bde9c4709f8,2025-11-03 13:29:57+00:00,4995.0,No,2025-11-05 06:13:17+00:00,40.72222222222222,0.999,0.0
0x3f7aee8f1fafcd873343105b24f83f3f98a9248e,BUY,42541673615301895829890290486226257940966769125829226067368474110048691276042,0xd7bd58d09efa1ff15be61cf30587e79444971ab125d55b2a88bf6ec04623a0d8,1203.0,0.999,1762176567,Will Curtis Sliwa win the 2025 NYC mayoral election?,will-curtis-sliwa-win-the-2025-nyc-mayoral-election,https://polymarket-upload.s3.us-east-2.amazonaws.com/will-curtis-sliwa-win-the-2025-nyc-mayoral-election-2j1MODhPMJeg.jpg,new-york-city-mayoral-election,No,1,costcostaff01,Cool-Spread,,,,0x4e3b8fe616556a1b8b09d6bbcab7dcd82ea6528a7625a2f9b6a8ec5f0830b88d,2025-11-03 13:29:27+00:00,1201.797,No,2025-11-05 06:13:17+00:00,40.730555555555554,0.999,0.0
0x3f7aee8f1fafcd873343105b24f83f3f98a9248e,BUY,42541673615301895829890290486226257940966769125829226067368474110048691276042,0xd7bd58d09efa1ff15be61cf30587e79444971ab125d55b2a88bf6ec04623a0d8,1711.0,0.999,1762176561,Will Curtis Sliwa win the 2025 NYC mayoral election?,will-curtis-sliwa-win-the-2025-nyc-mayoral-election,https://polymarket-upload.s3.us-east-2.amazonaws.com/will-curtis-sliwa-win-the-2025-nyc-mayoral-election-2j1MODhPMJeg.jpg,new-york-city-mayoral-election,No,1,costcostaff01,Cool-Spread,,,,0x72268f0c088cb5f84fec5360214bd3d2fd05fbaf31b1a3f34606aea4a55327c6,2025-11-03 13:29:21+00:00,1709.289,No,2025-11-05 06:13:17+00:00,40.73222222222222,0.999,0.0
0x3f7aee8f1fafcd873343105b24f83f3f98a9248e,BUY,42541673615301895829890290486226257940966769125829226067368474110048691276042,0xd7bd58d09efa1ff15be61cf30587e79444971ab125d55b2a88bf6ec04623a0d8,2009.0,0.999,1762176555,Will Curtis Sliwa win the 2025 NYC mayoral election?,will-curtis-sliwa-win-the-2025-nyc-mayoral-election,https://polymarket-upload.s3.us-east-2.amazonaws.com/will-curtis-sliwa-win-the-2025-nyc-mayoral-election-2j1MODhPMJeg.jpg,new-york-city-mayoral-election,No,1,costcostaff01,Cool-Spread,,,,0xa580e9d382693e2ec28b020d336a83903635cc664567a5c31f1e4c582f0a43c0,2025-11-03 13:29:15+00:00,2006.991,No,2025-11-05 06:13:17+00:00,40.73388888888889,0.999,0.0
0x3f7aee8f1fafcd873343105b24f83f3f98a9248e,BUY,42541673615301895829890290486226257940966769125829226067368474110048691276042,0xd7bd58d09efa1ff15be61cf30587e79444971ab125d55b2a88bf6ec04623a0d8,3356.0,0.999,1762176547,Will Curtis Sliwa win the 2025 NYC mayoral election?,will-curtis-sliwa-win-the-2025-nyc-mayoral-election,https://polymarket-upload.s3.us-east-2.amazonaws.com/will-curtis-sliwa-win-the-2025-nyc-mayoral-election-2j1MODhPMJeg.jpg,new-york-city-mayoral-election,No,1,costcostaff01,Cool-Spread,,,,0x401aec406565b0f81df77279b5765fa447a5a171ba8756be2d7278aa4ee62d0f,2025-11-03 13:29:07+00:00,3352.644,No,2025-11-05 06:13:17+00:00,40.736111111111114,0.999,0.0
0x3f7aee8f1fafcd873343105b24f83f3f98a9248e,BUY,42541673615301895829890290486226257940966769125829226067368474110048691276042,0xd7bd58d09efa1ff15be61cf30587e79444971ab125d55b2a88bf6ec04623a0d8,1050.0,0.999,1762172713,Will Curtis Sliwa win the 2025 NYC mayoral election?,will-curtis-sliwa-win-the-2025-nyc-mayoral-election,https://polymarket-upload.s3.us-east-2.amazonaws.com/will-curtis-sliwa-win-the-2025-nyc-mayoral-election-2j1MODhPMJeg.jpg,new-york-city-mayoral-election,No,1,costcostaff01,Cool-Spread,,,,0x43f30548cff7107cab25e7ef24f129273334f8f7f8207e006a17cd41fecec6a4,2025-11-03 12:25:13+00:00,1048.95,No,2025-11-05 06:13:17+00:00,41.80111111111111,0.999,0.0
0x3f7aee8f1fafcd873343105b24f83f3f98a9248e,BUY,42541673615301895829890290486226257940966769125829226067368474110048691276042,0xd7bd58d09efa1ff15be61cf30587e79444971ab125d55b2a88bf6ec04623a0d8,1500.0,0.999,1762172707,Will Curtis Sliwa win the 2025 NYC mayoral election?,will-curtis-sliwa-win-the-2025-nyc-mayoral-election,https://polymarket-upload.s3.us-east-2.amazonaws.com/will-curtis-sliwa-win-the-2025-nyc-mayoral-election-2j1MODhPMJeg.jpg,new-york-city-mayoral-election,No,1,costcostaff01,Cool-Spread,,,,0xc9996a3983f28df6f6604a0de4bc8d9cd839cd976ece6ac401e257be113b7de8,2025-11-03 12:25:07+00:00,1498.5,No,2025-11-05 06:13:17+00:00,41.80277777777778,0.999,0.0
0x63d43bbb87f85af03b8f2f9e2fad7b54334fa2f1,BUY,42541673615301895829890290486226257940966769125829226067368474110048691276042,0xd7bd58d09efa1ff15be61cf30587e79444971ab125d55b2a88bf6ec04623a0d8,2000.0,0.999,1762172503,Will Curtis Sliwa win the 2025 NYC mayoral election?,will-curtis-sliwa-win-the-2025-nyc-mayoral-election,https://polymarket-upload.s3.us-east-2.amazonaws.com/will-curtis-sliwa-win-the-2025-nyc-mayoral-election-2j1MODhPMJeg.jpg,new-york-city-mayoral-election,No,1,wokerjoesleeper,Vivid-Macrofauna,,,,0xa84467c8c6ef45e9a6a7e46b97d40a2d42ff8ed5390ec99c9fd695bc11a9af98,2025-11-03 12:21:43+00:00,1998.0,No,2025-11-05 06:13:17+00:00,41.85944444444444,0.999,0.0
0xb48b9192dc52eed724fa58c66fa8926d06a3648e,BUY,42541673615301895829890290486226257940966769125829226067368474110048691276042,0xd7bd58d09efa1ff15be61cf30587e79444971ab125d55b2a88bf6ec04623a0d8,10000.0,0.999,1762172503,Will Curtis Sliwa win the 2025 NYC mayoral election?,will-curtis-sliwa-win-the-2025-nyc-mayoral-election,https://polymarket-upload.s3.us-east-2.amazonaws.com/will-curtis-sliwa-win-the-2025-nyc-mayoral-election-2j1MODhPMJeg.jpg,new-york-city-mayoral-election,No,1,Cookedtan,Icky-Tide,6650,https://polymarket-upload.s3.us-east-2.amazonaws.com/profile-image-2799922-15b860f4-0011-4c70-8833-f11d9f457b01.jpeg,,0x3763b7273a8f402eec2a76cd753eb494896bcb7f7aeb544c766e3f3ceaf69454,2025-11-03 12:21:43+00:00,9990.0,No,2025-11-05 06:13:17+00:00,41.85944444444444,0.999,0.0
0xe8dd7741ccb12350957ec71e9ee332e0d1e6ec86,BUY,42541673615301895829890290486226257940966769125829226067368474110048691276042,0xd7bd58d09efa1ff15be61cf30587e79444971ab125d55b2a88bf6ec04623a0d8,2333.333,0.999,1762172503,Will Curtis Sliwa win the 2025 NYC mayoral election?,will-curtis-sliwa-win-the-2025-nyc-mayoral-election,https://polymarket-upload.s3.us-east-2.amazonaws.com/will-curtis-sliwa-win-the-2025-nyc-mayoral-election-2j1MODhPMJeg.jpg,new-york-city-mayoral-election,No,1,influenz.eth,Real-Veteran,,,,0x16332dfca54e78ecca22cbe640afa096b82c75491e1f43ee4d1ab3ec0f8f9736,2025-11-03 12:21:43+00:00,2330.999667,No,2025-11-05 06:13:17+00:00,41.85944444444444,0.999,0.0
0x3f7aee8f1fafcd873343105b24f83f3f98a9248e,BUY,42541673615301895829890290486226257940966769125829226067368474110048691276042,0xd7bd58d09efa1ff15be61cf30587e79444971ab125d55b2a88bf6ec04623a0d8,5000.0,0.999,1762169803,Will Curtis Sliwa win the 2025 NYC mayoral election?,will-curtis-sliwa-win-the-2025-nyc-mayoral-election,https://polymarket-upload.s3.us-east-2.amazonaws.com/will-curtis-sliwa-win-the-2025-nyc-mayoral-election-2j1MODhPMJeg.jpg,new-york-city-mayoral-election,No,1,costcostaff01,Cool-Spread,,,,0x86fb88c021a55d8b9229cc471bdc18a474337b2d80569794d8e1baf71dcfc05e,2025-11-03 11:36:43+00:00,4995.0,No,2025-11-05 06:13:17+00:00,42.60944444444444,0.999,0.0
0x3f7aee8f1fafcd873343105b24f83f3f98a9248e,BUY,42541673615301895829890290486226257940966769125829226067368474110048691276042,0xd7bd58d09efa1ff15be61cf30587e79444971ab125d55b2a88bf6ec04623a0d8,5000.0,0.999,1762169797,Will Curtis Sliwa win the 2025 NYC mayoral election?,will-curtis-sliwa-win-the-2025-nyc-mayoral-election,https://polymarket-upload.s3.us-east-2.amazonaws.com/will-curtis-sliwa-win-the-2025-nyc-mayoral-election-2j1MODhPMJeg.jpg,new-york-city-mayoral-election,No,1,costcostaff01,Cool-Spread,,,,0x1a73913ddbd6c5b4bfc0a82d6ad51e9a044f4ab69e106356111d9e5188d4eead,2025-11-03 11:36:37+00:00,4995.0,No,2025-11-05 06:13:17+00:00,42.611111111111114,0.999,0.0
0x3f7aee8f1fafcd873343105b24f83f3f98a9248e,BUY,42541673615301895829890290486226257940966769125829226067368474110048691276042,0xd7bd58d09efa1ff15be61cf30587e79444971ab125d55b2a88bf6ec04623a0d8,5000.0,0.999,1762169791,Will Curtis Sliwa win the 2025 NYC mayoral election?,will-curtis-sliwa-win-the-2025-nyc-mayoral-election,https://polymarket-upload.s3.us-east-2.amazonaws.com/will-curtis-sliwa-win-the-2025-nyc-mayoral-election-2j1MODhPMJeg.jpg,new-york-city-mayoral-election,No,1,costcostaff01,Cool-Spread,,,,0x6c4a7bd4ae57f73e4d22573a145b9f1308e3461e80bc07a47329bf2f65a3cfc0,2025-11-03 11:36:31+00:00,4995.0,No,2025-11-05 06:13:17+00:00,42.61277777777778,0.999,0.0
0x3f7aee8f1fafcd873343105b24f83f3f98a9248e,BUY,42541673615301895829890290486226257940966769125829226067368474110048691276042,0xd7bd58d09efa1ff15be61cf30587e79444971ab125d55b2a88bf6ec04623a0d8,5000.0,0.999,1762169783,Will Curtis Sliwa win the 2025 NYC mayoral election?,will-curtis-sliwa-win-the-2025-nyc-mayoral-election,https://polymarket-upload.s3.us-east-2.amazonaws.com/will-curtis-sliwa-win-the-2025-nyc-mayoral-election-2j1MODhPMJeg.jpg,new-york-city-mayoral-election,No,1,costcostaff01,Cool-Spread,,,,0x143adc5141917d6c1eccfd1bc06d62baa76a700803c776fa92a1e1400c629816,2025-11-03 11:36:23+00:00,4995.0,No,2025-11-05 06:13:17+00:00,42.615,0.999,0.0
0x3f7aee8f1fafcd873343105b24f83f3f98a9248e,BUY,42541673615301895829890290486226257940966769125829226067368474110048691276042,0xd7bd58d09efa1ff15be61cf30587e79444971ab125d55b2a88bf6ec04623a0d8,3284.0,0.999,1762169777,Will Curtis Sliwa win the 2025 NYC mayoral election?,will-curtis-sliwa-win-the-2025-nyc-mayoral-election,https://polymarket-upload.s3.us-east-2.amazonaws.com/will-curtis-sliwa-win-the-2025-nyc-mayoral-election-2j1MODhPMJeg.jpg,new-york-city-mayoral-election,No,1,costcostaff01,Cool-Spread,,,,0x5db3e42e7585bea5347f4400eca5287440dc04c6317a39d331e91159b4201b9d,2025-11-03 11:36:17+00:00,3280.716,No,2025-11-05 06:13:17+00:00,42.61666666666667,0.999,0.0
0x3f7aee8f1fafcd873343105b24f83f3f98a9248e,BUY,42541673615301895829890290486226257940966769125829226067368474110048691276042,0xd7bd58d09efa1ff15be61cf30587e79444971ab125d55b2a88bf6ec04623a0d8,1079.0,0.999,1762169703,Will Curtis Sliwa win the 2025 NYC mayoral election?,will-curtis-sliwa-win-the-2025-nyc-mayoral-election,https://polymarket-upload.s3.us-east-2.amazonaws.com/will-curtis-sliwa-win-the-2025-nyc-mayoral-election-2j1MODhPMJeg.jpg,new-york-city-mayoral-election,No,1,costcostaff01,Cool-Spread,,,,0x38f85666284b8f7c4a4e51aa70ac969eabd7db50373c25b4dca83b0e180288dc,2025-11-03 11:35:03+00:00,1077.921,No,2025-11-05 06:13:17+00:00,42.63722222222222,0.999,0.0
0x3f7aee8f1fafcd873343105b24f83f3f98a9248e,BUY,42541673615301895829890290486226257940966769125829226067368474110048691276042,0xd7bd58d09efa1ff15be61cf30587e79444971ab125d55b2a88bf6ec04623a0d8,1148.0,0.999,1762168921,Will Curtis Sliwa win the 2025 NYC mayoral election?,will-curtis-sliwa-win-the-2025-nyc-mayoral-election,https://polymarket-upload.s3.us-east-2.amazonaws.com/will-curtis-sliwa-win-the-2025-nyc-mayoral-election-2j1MODhPMJeg.jpg,new-york-city-mayoral-election,No,1,costcostaff01,Cool-Spread,,,,0x6765b7c7d751939eb91d8273f13ef2d5d20baae4002da8ed1e6353d37f452612,2025-11-03 11:22:01+00:00,1146.852,No,2025-11-05 06:13:17+00:00,42.85444444444445,0.999,0.0
0x3f7aee8f1fafcd873343105b24f83f3f98a9248e,BUY,42541673615301895829890290486226257940966769125829226067368474110048691276042,0xd7bd58d09efa1ff15be61cf30587e79444971ab125d55b2a88bf6ec04623a0d8,1904.0,0.999,1762168491,Will Curtis Sliwa win the 2025 NYC mayoral election?,will-curtis-sliwa-win-the-2025-nyc-mayoral-election,https://polymarket-upload.s3.us-east-2.amazonaws.com/will-curtis-sliwa-win-the-2025-nyc-mayoral-election-2j1MODhPMJeg.jpg,new-york-city-mayoral-election,No,1,costcostaff01,Cool-Spread,,,,0xddf901d0a6b6d55fcb591e40aca66403989a620b4424a996c9dbc4269d2824d4,2025-11-03 11:14:51+00:00,1902.096,No,2025-11-05 06:13:17+00:00,42.97388888888889,0.999,0.0
0x3f7aee8f1fafcd873343105b24f83f3f98a9248e,BUY,42541673615301895829890290486226257940966769125829226067368474110048691276042,0xd7bd58d09efa1ff15be61cf30587e79444971ab125d55b2a88bf6ec04623a0d8,2720.0,0.999,1762168485,Will Curtis Sliwa win the 2025 NYC mayoral election?,will-curtis-sliwa-win-the-2025-nyc-mayoral-election,https://polymarket-upload.s3.us-east-2.amazonaws.com/will-curtis-sliwa-win-the-2025-nyc-mayoral-election-2j1MODhPMJeg.jpg,new-york-city-mayoral-election,No,1,costcostaff01,Cool-Spread,,,,0x4377f44255c68157dd693433aa74bbdc5e42840a5094acc8b365ffa44bba4446,2025-11-03 11:14:45+00:00,2717.28,No,2025-11-05 06:13:17+00:00,42.97555555555556,0.999,0.0
0x3f7aee8f1fafcd873343105b24f83f3f98a9248e,BUY,42541673615301895829890290486226257940966769125829226067368474110048691276042,0xd7bd58d09efa1ff15be61cf30587e79444971ab125d55b2a88bf6ec04623a0d8,1072.0,0.999,1762168451,Will Curtis Sliwa win the 2025 NYC mayoral election?,will-curtis-sliwa-win-the-2025-nyc-mayoral-election,https://polymarket-upload.s3.us-east-2.amazonaws.com/will-curtis-sliwa-win-the-2025-nyc-mayoral-election-2j1MODhPMJeg.jpg,new-york-city-mayoral-election,No,1,costcostaff01,Cool-Spread,,,,0x3c41bfcfa1648e1012f2b171a7cc3b89b27bddabd1c69c0eb99ba26eebeb294a,2025-11-03 11:14:11+00:00,1070.928,No,2025-11-05 06:13:17+00:00,42.985,0.999,0.0
0x3f7aee8f1fafcd873343105b24f83f3f98a9248e,BUY,42541673615301895829890290486226257940966769125829226067368474110048691276042,0xd7bd58d09efa1ff15be61cf30587e79444971ab125d55b2a88bf6ec04623a0d8,1445.0,0.999,1762168445,Will Curtis Sliwa win the 2025 NYC mayoral election?,will-curtis-sliwa-win-the-2025-nyc-mayoral-election,https://polymarket-upload.s3.us-east-2.amazonaws.com/will-curtis-sliwa-win-the-2025-nyc-mayoral-election-2j1MODhPMJeg.jpg,new-york-city-mayoral-election,No,1,costcostaff01,Cool-Spread,,,,0x7a6d31aba1bd2dc5073623e740ff2448454e49bdab28e1d7d7f52fbf8dbac45f,2025-11-03 11:14:05+00:00,1443.555,No,2025-11-05 06:13:17+00:00,42.986666666666665,0.999,0.0
0x7ba5354929bf388707f397c8b21b8322dc954252,BUY,42541673615301895829890290486226257940966769125829226067368474110048691276042,0xd7bd58d09efa1ff15be61cf30587e79444971ab125d55b2a88bf6ec04623a0d8,2449.0,0.999,1762167789,Will Curtis Sliwa win the 2025 NYC mayoral election?,will-curtis-sliwa-win-the-2025-nyc-mayoral-election,https://polymarket-upload.s3.us-east-2.amazonaws.com/will-curtis-sliwa-win-the-2025-nyc-mayoral-election-2j1MODhPMJeg.jpg,new-york-city-mayoral-election,No,1,Snpe,Stormy-Trolley,,https://polymarket-upload.s3.us-east-2.amazonaws.com/profile-image-2905476-3de3fdc3-ed29-483c-8436-fa77f947e1cc.png,,0x5b90df3c2ccce656441aa626846712c68e6fbaaccd386eea7566cd81db1ef843,2025-11-03 11:03:09+00:00,2446.551,No,2025-11-05 06:13:17+00:00,43.16888888888889,0.999,0.0
0x63d43bbb87f85af03b8f2f9e2fad7b54334fa2f1,BUY,42541673615301895829890290486226257940966769125829226067368474110048691276042,0xd7bd58d09efa1ff15be61cf30587e79444971ab125d55b2a88bf6ec04623a0d8,2000.0,0.999,1762167425,Will Curtis Sliwa win the 2025 NYC mayoral election?,will-curtis-sliwa-win-the-2025-nyc-mayoral-election,https://polymarket-upload.s3.us-east-2.amazonaws.com/will-curtis-sliwa-win-the-2025-nyc-mayoral-election-2j1MODhPMJeg.jpg,new-york-city-mayoral-election,No,1,wokerjoesleeper,Vivid-Macrofauna,,,,0x0d6ee5212b1981a9ff2c0a10f0c6712e1720f20c77fa30b7195a9e46baa9bd95,2025-11-03 10:57:05+00:00,1998.0,No,2025-11-05 06:13:17+00:00,43.27,0.999,0.0
0x63d43bbb87f85af03b8f2f9e2fad7b54334fa2f1,BUY,42541673615301895829890290486226257940966769125829226067368474110048691276042,0xd7bd58d09efa1ff15be61cf30587e79444971ab125d55b2a88bf6ec04623a0d8,1874.0,0.999,1762167415,Will Curtis Sliwa win the 2025 NYC mayoral election?,will-curtis-sliwa-win-the-2025-nyc-mayoral-election,https://polymarket-upload.s3.us-east-2.amazonaws.com/will-curtis-sliwa-win-the-2025-nyc-mayoral-election-2j1MODhPMJeg.jpg,new-york-city-mayoral-election,No,1,wokerjoesleeper,Vivid-Macrofauna,,,,0x62862f3ba6b68bba9eae962cbb3bd6eca11f4930178301d7669380e1e0d6a0dc,2025-11-03 10:56:55+00:00,1872.126,No,2025-11-05 06:13:17+00:00,43.272777777777776,0.999,0.0
0x3f7aee8f1fafcd873343105b24f83f3f98a9248e,BUY,42541673615301895829890290486226257940966769125829226067368474110048691276042,0xd7bd58d09efa1ff15be61cf30587e79444971ab125d55b2a88bf6ec04623a0d8,1062.0,0.999,1762165371,Will Curtis Sliwa win the 2025 NYC mayoral election?,will-curtis-sliwa-win-the-2025-nyc-mayoral-election,https://polymarket-upload.s3.us-east-2.amazonaws.com/will-curtis-sliwa-win-the-2025-nyc-mayoral-election-2j1MODhPMJeg.jpg,new-york-city-mayoral-election,No,1,costcostaff01,Cool-Spread,,,,0xdff73409bfa0dffe942bc4297ba6d404568a26a2ec2546eb84d9649e88c6c1a8,2025-11-03 10:22:51+00:00,1060.938,No,2025-11-05 06:13:17+00:00,43.840555555555554,0.999,0.0
0x3f7aee8f1fafcd873343105b24f83f3f98a9248e,BUY,42541673615301895829890290486226257940966769125829226067368474110048691276042,0xd7bd58d09efa1ff15be61cf30587e79444971ab125d55b2a88bf6ec04623a0d8,1204.0,0.999,1762165365,Will Curtis Sliwa win the 2025 NYC mayoral election?,will-curtis-sliwa-win-the-2025-nyc-mayoral-election,https://polymarket-upload.s3.us-east-2.amazonaws.com/will-curtis-sliwa-win-the-2025-nyc-mayoral-election-2j1MODhPMJeg.jpg,new-york-city-mayoral-election,No,1,costcostaff01,Cool-Spread,,,,0xaede849a95aeb510f3413105498e0f2f0f4fa1c495c1885a8d016fc9f4f60ddc,2025-11-03 10:22:45+00:00,1202.796,No,2025-11-05 06:13:17+00:00,43.84222222222222,0.999,0.0
0xe8dd7741ccb12350957ec71e9ee332e0d1e6ec86,BUY,42541673615301895829890290486226257940966769125829226067368474110048691276042,0xd7bd58d09efa1ff15be61cf30587e79444971ab125d55b2a88bf6ec04623a0d8,1037.217,0.999,1762160797,Will Curtis Sliwa win the 2025 NYC mayoral election?,will-curtis-sliwa-win-the-2025-nyc-mayoral-election,https://polymarket-upload.s3.us-east-2.amazonaws.com/will-curtis-sliwa-win-the-2025-nyc-mayoral-election-2j1MODhPMJeg.jpg,new-york-city-mayoral-election,No,1,influenz.eth,Real-Veteran,,,,0xa5529df811e8de428440292fcb1403449b9bfde24ce87c96dc9f23eb3fd1d558,2025-11-03 09:06:37+00:00,1036.179783,No,2025-11-05 06:13:17+00:00,45.111111111111114,0.999,0.0
0x3f7aee8f1fafcd873343105b24f83f3f98a9248e,BUY,42541673615301895829890290486226257940966769125829226067368474110048691276042,0xd7bd58d09efa1ff15be61cf30587e79444971ab125d55b2a88bf6ec04623a0d8,1390.0,0.999,1762139749,Will Curtis Sliwa win the 2025 NYC mayoral election?,will-curtis-sliwa-win-the-2025-nyc-mayoral-election,https://polymarket-upload.s3.us-east-2.amazonaws.com/will-curtis-sliwa-win-the-2025-nyc-mayoral-election-2j1MODhPMJeg.jpg,new-york-city-mayoral-election,No,1,costcostaff01,Cool-Spread,,,,0xd8795a9b5d5682a990ff52dd45b9637546063710920578fc9ae28bbaf67b5cf8,2025-11-03 03:15:49+00:00,1388.61,No,2025-11-05 06:13:17+00:00,50.95777777777778,0.999,0.0
0x3f7aee8f1fafcd873343105b24f83f3f98a9248e,BUY,42541673615301895829890290486226257940966769125829226067368474110048691276042,0xd7bd58d09efa1ff15be61cf30587e79444971ab125d55b2a88bf6ec04623a0d8,1164.0,0.999,1762139587,Will Curtis Sliwa win the 2025 NYC mayoral election?,will-curtis-sliwa-win-the-2025-nyc-mayoral-election,https://polymarket-upload.s3.us-east-2.amazonaws.com/will-curtis-sliwa-win-the-2025-nyc-mayoral-election-2j1MODhPMJeg.jpg,new-york-city-mayoral-election,No,1,costcostaff01,Cool-Spread,,,,0x8ed1d90916fd7283f7de357fcabd7ed9543c43f9001d2128c22400d09ee55899,2025-11-03 03:13:07+00:00,1162.836,No,2025-11-05 06:13:17+00:00,51.00277777777778,0.999,0.0
0x63d43bbb87f85af03b8f2f9e2fad7b54334fa2f1,BUY,42541673615301895829890290486226257940966769125829226067368474110048691276042,0xd7bd58d09efa1ff15be61cf30587e79444971ab125d55b2a88bf6ec04623a0d8,1056.16,0.999,1762138815,Will Curtis Sliwa win the 2025 NYC mayoral election?,will-curtis-sliwa-win-the-2025-nyc-mayoral-election,https://polymarket-upload.s3.us-east-2.amazonaws.com/will-curtis-sliwa-win-the-2025-nyc-mayoral-election-2j1MODhPMJeg.jpg,new-york-city-mayoral-election,No,1,wokerjoesleeper,Vivid-Macrofauna,,,,0x3fe77f57e88ed85b81e88a03e780bb208401f7e1e9b6ac2bd4bdc96a3fc50e10,2025-11-03 03:00:15+00:00,1055.10384,No,2025-11-05 06:13:17+00:00,51.21722222222222,0.999,0.0
0x3f7aee8f1fafcd873343105b24f83f3f98a9248e,BUY,42541673615301895829890290486226257940966769125829226067368474110048691276042,0xd7bd58d09efa1ff15be61cf30587e79444971ab125d55b2a88bf6ec04623a0d8,1229.0,0.999,1762138611,Will Curtis Sliwa win the 2025 NYC mayoral election?,will-curtis-sliwa-win-the-2025-nyc-mayoral-election,https://polymarket-upload.s3.us-east-2.amazonaws.com/will-curtis-sliwa-win-the-2025-nyc-mayoral-election-2j1MODhPMJeg.jpg,new-york-city-mayoral-election,No,1,costcostaff01,Cool-Spread,,,,0xe782ca0752394ddee46cbff1736c14016dc4cb5794e87464719d62ff2bfc0bf1,2025-11-03 02:56:51+00:00,1227.771,No,2025-11-05 06:13:17+00:00,51.27388888888889,0.999,0.0
0x3f7aee8f1fafcd873343105b24f83f3f98a9248e,BUY,42541673615301895829890290486226257940966769125829226067368474110048691276042,0xd7bd58d09efa1ff15be61cf30587e79444971ab125d55b2a88bf6ec04623a0d8,1716.0,0.999,1762138603,Will Curtis Sliwa win the 2025 NYC mayoral election?,will-curtis-sliwa-win-the-2025-nyc-mayoral-election,https://polymarket-upload.s3.us-east-2.amazonaws.com/will-curtis-sliwa-win-the-2025-nyc-mayoral-election-2j1MODhPMJeg.jpg,new-york-city-mayoral-election,No,1,costcostaff01,Cool-Spread,,,,0x5e2e4b778bad61299f09334969c99581246e7cdcaf362da29e2a5c48c13e5027,2025-11-03 02:56:43+00:00,1714.284,No,2025-11-05 06:13:17+00:00,51.27611111111111,0.999,0.0
0x63d43bbb87f85af03b8f2f9e2fad7b54334fa2f1,BUY,42541673615301895829890290486226257940966769125829226067368474110048691276042,0xd7bd58d09efa1ff15be61cf30587e79444971ab125d55b2a88bf6ec04623a0d8,1342.22,0.999,1762138525,Will Curtis Sliwa win the 2025 NYC mayoral election?,will-curtis-sliwa-win-the-2025-nyc-mayoral-election,https://polymarket-upload.s3.us-east-2.amazonaws.com/will-curtis-sliwa-win-the-2025-nyc-mayoral-election-2j1MODhPMJeg.jpg,new-york-city-mayoral-election,No,1,wokerjoesleeper,Vivid-Macrofauna,,,,0x6f1234a870b65693fd3e9d912c388c7dc02728074cd368d81aff68f265a36cc3,2025-11-03 02:55:25+00:00,1340.87778,No,2025-11-05 06:13:17+00:00,51.297777777777775,0.999,0.0
0xe8dd7741ccb12350957ec71e9ee332e0d1e6ec86,BUY,42541673615301895829890290486226257940966769125829226067368474110048691276042,0xd7bd58d09efa1ff15be61cf30587e79444971ab125d55b2a88bf6ec04623a0d8,1325.225,0.999,1762138525,Will Curtis Sliwa win the 2025 NYC mayoral election?,will-curtis-sliwa-win-the-2025-nyc-mayoral-election,https://polymarket-upload.s3.us-east-2.amazonaws.com/will-curtis-sliwa-win-the-2025-nyc-mayoral-election-2j1MODhPMJeg.jpg,new-york-city-mayoral-election,No,1,influenz.eth,Real-Veteran,,,,0xb24b1493283fb5a6abb6763b4dd2166bfec6532f99301c07ba8bcc6a361c10b8,2025-11-03 02:55:25+00:00,1323.8997749999999,No,2025-11-05 06:13:17+00:00,51.297777777777775,0.999,0.0
0x63d43bbb87f85af03b8f2f9e2fad7b54334fa2f1,BUY,42541673615301895829890290486226257940966769125829226067368474110048691276042,0xd7bd58d09efa1ff15be61cf30587e79444971ab125d55b2a88bf6ec04623a0d8,1537.73,0.999,1762136763,Will Curtis Sliwa win the 2025 NYC mayoral election?,will-curtis-sliwa-win-the-2025-nyc-mayoral-election,https://polymarket-upload.s3.us-east-2.amazonaws.com/will-curtis-sliwa-win-the-2025-nyc-mayoral-election-2j1MODhPMJeg.jpg,new-york-city-mayoral-election,No,1,wokerjoesleeper,Vivid-Macrofauna,,,,0x68d7a1d5addd9e76e9b23603a13c3eb41e03523d280ff57179083624af3690f8,2025-11-03 02:26:03+00:00,1536.19227,No,2025-11-05 06:13:17+00:00,51.78722222222222,0.999,0.0
0xe8dd7741ccb12350957ec71e9ee332e0d1e6ec86,BUY,42541673615301895829890290486226257940966769125829226067368474110048691276042,0xd7bd58d09efa1ff15be61cf30587e79444971ab125d55b2a88bf6ec04623a0d8,2333.333,0.999,1762136763,Will Curtis Sliwa win the 2025 NYC mayoral election?,will-curtis-sliwa-win-the-2025-nyc-mayoral-election,https://polymarket-upload.s3.us-east-2.amazonaws.com/will-curtis-sliwa-win-the-2025-nyc-mayoral-election-2j1MODhPMJeg.jpg,new-york-city-mayoral-election,No,1,influenz.eth,Real-Veteran,,,,0xd2a03b76921d4359c32b27f3a68d44ea45aae0e200377b3e1862a7b80bf77db3,2025-11-03 02:26:03+00:00,2330.999667,No,2025-11-05 06:13:17+00:00,51.78722222222222,0.999,0.0
0xe8dd7741ccb12350957ec71e9ee332e0d1e6ec86,BUY,42541673615301895829890290486226257940966769125829226067368474110048691276042,0xd7bd58d09efa1ff15be61cf30587e79444971ab125d55b2a88bf6ec04623a0d8,2320.33,0.999,1762131901,Will Curtis Sliwa win the 2025 NYC mayoral election?,will-curtis-sliwa-win-the-2025-nyc-mayoral-election,https://polymarket-upload.s3.us-east-2.amazonaws.com/will-curtis-sliwa-win-the-2025-nyc-mayoral-election-2j1MODhPMJeg.jpg,new-york-city-mayoral-election,No,1,influenz.eth,Real-Veteran,,,,0x193535f74c98ba46fa922d5a4bdb2e23c94dc60bb7f85c56119730cc0d316d6f,2025-11-03 01:05:01+00:00,2318.00967,No,2025-11-05 06:13:17+00:00,53.13777777777778,0.999,0.0
0xd218e474776403a330142299f7796e8ba32eb5c9,BUY,42541673615301895829890290486226257940966769125829226067368474110048691276042,0xd7bd58d09efa1ff15be61cf30587e79444971ab125d55b2a88bf6ec04623a0d8,5968.74,0.999,1762131901,Will Curtis Sliwa win the 2025 NYC mayoral election?,will-curtis-sliwa-win-the-2025-nyc-mayoral-election,https://polymarket-upload.s3.us-east-2.amazonaws.com/will-curtis-sliwa-win-the-2025-nyc-mayoral-election-2j1MODhPMJeg.jpg,new-york-city-mayoral-election,No,1,cigarettes,Attentive-Crewman,broken grid,,,0x5fb6c664bcec88e26ec607b8a1ed979adf53c2597d8273938e6fc59b277c5ed2,2025-11-03 01:05:01+00:00,5962.7712599999995,No,2025-11-05 06:13:17+00:00,53.13777777777778,0.999,0.0
0x3f7aee8f1fafcd873343105b24f83f3f98a9248e,BUY,42541673615301895829890290486226257940966769125829226067368474110048691276042,0xd7bd58d09efa1ff15be61cf30587e79444971ab125d55b2a88bf6ec04623a0d8,1004.0,0.999,1762129427,Will Curtis Sliwa win the 2025 NYC mayoral election?,will-curtis-sliwa-win-the-2025-nyc-mayoral-election,https://polymarket-upload.s3.us-east-2.amazonaws.com/will-curtis-sliwa-win-the-2025-nyc-mayoral-election-2j1MODhPMJeg.jpg,new-york-city-mayoral-election,No,1,costcostaff01,Cool-Spread,,,,0x309d596660d457ef8267bbbae803ec0079c180bd5b1dfbe8c887977e408d49b7,2025-11-03 00:23:47+00:00,1002.996,No,2025-11-05 06:13:17+00:00,53.825,0.999,0.0
0x3f7aee8f1fafcd873343105b24f83f3f98a9248e,BUY,42541673615301895829890290486226257940966769125829226067368474110048691276042,0xd7bd58d09efa1ff15be61cf30587e79444971ab125d55b2a88bf6ec04623a0d8,1253.0,0.999,1762121455,Will Curtis Sliwa win the 2025 NYC mayoral election?,will-curtis-sliwa-win-the-2025-nyc-mayoral-election,https://polymarket-upload.s3.us-east-2.amazonaws.com/will-curtis-sliwa-win-the-2025-nyc-mayoral-election-2j1MODhPMJeg.jpg,new-york-city-mayoral-election,No,1,costcostaff01,Cool-Spread,,,,0x45233d349f464f63fb3913b5a89c8fc37f6292ed6218d147eca0c46c0af0ad9a,2025-11-02 22:10:55+00:00,1251.747,No,2025-11-05 06:13:17+00:00,56.03944444444444,0.999,0.0
0x3f7aee8f1fafcd873343105b24f83f3f98a9248e,BUY,42541673615301895829890290486226257940966769125829226067368474110048691276042,0xd7bd58d09efa1ff15be61cf30587e79444971ab125d55b2a88bf6ec04623a0d8,1790.0,0.999,1762121449,Will Curtis Sliwa win the 2025 NYC mayoral election?,will-curtis-sliwa-win-the-2025-nyc-mayoral-election,https://polymarket-upload.s3.us-east-2.amazonaws.com/will-curtis-sliwa-win-the-2025-nyc-mayoral-election-2j1MODhPMJeg.jpg,new-york-city-mayoral-election,No,1,costcostaff01,Cool-Spread,,,,0xcf642fae6585683061e9780aa61d6563849dcc0805f03ea01705f66100979eb8,2025-11-02 22:10:49+00:00,1788.21,No,2025-11-05 06:13:17+00:00,56.041111111111114,0.999,0.0
0x3f7aee8f1fafcd873343105b24f83f3f98a9248e,BUY,42541673615301895829890290486226257940966769125829226067368474110048691276042,0xd7bd58d09efa1ff15be61cf30587e79444971ab125d55b2a88bf6ec04623a0d8,2557.0,0.999,1762121443,Will Curtis Sliwa win the 2025 NYC mayoral election?,will-curtis-sliwa-win-the-2025-nyc-mayoral-election,https://polymarket-upload.s3.us-east-2.amazonaws.com/will-curtis-sliwa-win-the-2025-nyc-mayoral-election-2j1MODhPMJeg.jpg,new-york-city-mayoral-election,No,1,costcostaff01,Cool-Spread,,,,0x0abe93367bc025a02ba78c03f5c2296a67bb5c6ed541bcc179c78ef3db4f146b,2025-11-02 22:10:43+00:00,2554.443,No,2025-11-05 06:13:17+00:00,56.04277777777778,0.999,0.0
0x3f7aee8f1fafcd873343105b24f83f3f98a9248e,BUY,42541673615301895829890290486226257940966769125829226067368474110048691276042,0xd7bd58d09efa1ff15be61cf30587e79444971ab125d55b2a88bf6ec04623a0d8,3653.0,0.999,1762121437,Will Curtis Sliwa win the 2025 NYC mayoral election?,will-curtis-sliwa-win-the-2025-nyc-mayoral-election,https://polymarket-upload.s3.us-east-2.amazonaws.com/will-curtis-sliwa-win-the-2025-nyc-mayoral-election-2j1MODhPMJeg.jpg,new-york-city-mayoral-election,No,1,costcostaff01,Cool-Spread,,,,0x4f5373110614d9ef79ab1310916220425d1f1cff9a7d0f39d46656116b4e3090,2025-11-02 22:10:37+00:00,3649.347,No,2025-11-05 06:13:17+00:00,56.044444444444444,0.999,0.0
0x3f7aee8f1fafcd873343105b24f83f3f98a9248e,BUY,42541673615301895829890290486226257940966769125829226067368474110048691276042,0xd7bd58d09efa1ff15be61cf30587e79444971ab125d55b2a88bf6ec04623a0d8,5000.0,0.999,1762121431,Will Curtis Sliwa win the 2025 NYC mayoral election?,will-curtis-sliwa-win-the-2025-nyc-mayoral-election,https://polymarket-upload.s3.us-east-2.amazonaws.com/will-curtis-sliwa-win-the-2025-nyc-mayoral-election-2j1MODhPMJeg.jpg,new-york-city-mayoral-election,No,1,costcostaff01,Cool-Spread,,,,0xd36ef6118b67435c5fda0074c470f3c90f133c7f365164630b4d5737b4e980e4,2025-11-02 22:10:31+00:00,4995.0,No,2025-11-05 06:13:17+00:00,56.04611111111111,0.999,0.0
0x63d43bbb87f85af03b8f2f9e2fad7b54334fa2f1,BUY,42541673615301895829890290486226257940966769125829226067368474110048691276042,0xd7bd58d09efa1ff15be61cf30587e79444971ab125d55b2a88bf6ec04623a0d8,2000.0,0.999,1762121377,Will Curtis Sliwa win the 2025 NYC mayoral election?,will-curtis-sliwa-win-the-2025-nyc-mayoral-election,https://polymarket-upload.s3.us-east-2.amazonaws.com/will-curtis-sliwa-win-the-2025-nyc-mayoral-election-2j1MODhPMJeg.jpg,new-york-city-mayoral-election,No,1,wokerjoesleeper,Vivid-Macrofauna,,,,0x067d0d61f0ad30c38a1d024684403a397fd68512c438b3cb47443c8bda3e6c3e,2025-11-02 22:09:37+00:00,1998.0,No,2025-11-05 06:13:17+00:00,56.06111111111111,0.999,0.0
0xe8dd7741ccb12350957ec71e9ee332e0d1e6ec86,BUY,42541673615301895829890290486226257940966769125829226067368474110048691276042,0xd7bd58d09efa1ff15be61cf30587e79444971ab125d55b2a88bf6ec04623a0d8,2333.333,0.999,1762121377,Will Curtis Sliwa win the 2025 NYC mayoral election?,will-curtis-sliwa-win-the-2025-nyc-mayoral-election,https://polymarket-upload.s3.us-east-2.amazonaws.com/will-curtis-sliwa-win-the-2025-nyc-mayoral-election-2j1MODhPMJeg.jpg,new-york-city-mayoral-election,No,1,influenz.eth,Real-Veteran,,,,0xcc4983e13cd0561423e9e19b3598b451751e02a0d5ce6652048e1277128b9659,2025-11-02 22:09:37+00:00,2330.999667,No,2025-11-05 06:13:17+00:00,56.06111111111111,0.999,0.0
0xd218e474776403a330142299f7796e8ba32eb5c9,BUY,42541673615301895829890290486226257940966769125829226067368474110048691276042,0xd7bd58d09efa1ff15be61cf30587e79444971ab125d55b2a88bf6ec04623a0d8,9000.0,0.999,1762121377,Will Curtis Sliwa win the 2025 NYC mayoral election?,will-curtis-sliwa-win-the-2025-nyc-mayoral-election,https://polymarket-upload.s3.us-east-2.amazonaws.com/will-curtis-sliwa-win-the-2025-nyc-mayoral-election-2j1MODhPMJeg.jpg,new-york-city-mayoral-election,No,1,cigarettes,Attentive-Crewman,broken grid,,,0x333410d20f3d1e69564ac2adac86fa72dd44689b7a9bec64d5342838fae76eca,2025-11-02 22:09:37+00:00,8991.0,No,2025-11-05 06:13:17+00:00,56.06111111111111,0.999,0.0
0xe8dd7741ccb12350957ec71e9ee332e0d1e6ec86,BUY,42541673615301895829890290486226257940966769125829226067368474110048691276042,0xd7bd58d09efa1ff15be61cf30587e79444971ab125d55b2a88bf6ec04623a0d8,2190.03,0.999,1762120535,Will Curtis Sliwa win the 2025 NYC mayoral election?,will-curtis-sliwa-win-the-2025-nyc-mayoral-election,https://polymarket-upload.s3.us-east-2.amazonaws.com/will-curtis-sliwa-win-the-2025-nyc-mayoral-election-2j1MODhPMJeg.jpg,new-york-city-mayoral-election,No,1,influenz.eth,Real-Veteran,,,,0x8c3e004384c36aa30e81ea443a2f522d8f31ffd3218925f6065a3eddd2318d48,2025-11-02 21:55:35+00:00,2187.83997,No,2025-11-05 06:13:17+00:00,56.295,0.999,0.0
0xd218e474776403a330142299f7796e8ba32eb5c9,BUY,42541673615301895829890290486226257940966769125829226067368474110048691276042,0xd7bd58d09efa1ff15be61cf30587e79444971ab125d55b2a88bf6ec04623a0d8,9000.0,0.999,1762120535,Will Curtis Sliwa win the 2025 NYC mayoral election?,will-curtis-sliwa-win-the-2025-nyc-mayoral-election,https://polymarket-upload.s3.us-east-2.amazonaws.com/will-curtis-sliwa-win-the-2025-nyc-mayoral-election-2j1MODhPMJeg.jpg,new-york-city-mayoral-election,No,1,cigarettes,Attentive-Crewman,broken grid,,,0x1def2d810fb86320578319ae18a128f0d0448e30a4592b395571c360a1f526e8,2025-11-02 21:55:35+00:00,8991.0,No,2025-11-05 06:13:17+00:00,56.295,0.999,0.0
0xca8e9533bf61136f39c31e76e36b2087c3dca742,BUY,42541673615301895829890290486226257940966769125829226067368474110048691276042,0xd7bd58d09efa1ff15be61cf30587e79444971ab125d55b2a88bf6ec04623a0d8,9300.0,0.999,1762118255,Will Curtis Sliwa win the 2025 NYC mayoral election?,will-curtis-sliwa-win-the-2025-nyc-mayoral-election,https://polymarket-upload.s3.us-east-2.amazonaws.com/will-curtis-sliwa-win-the-2025-nyc-mayoral-election-2j1MODhPMJeg.jpg,new-york-city-mayoral-election,No,1,medal,Defenseless-Gauntlet,,,,0xa4067ec4d0e35c09116d5ca582ffa916910af3cffce6a249f5697b560371da86,2025-11-02 21:17:35+00:00,9290.7,No,2025-11-05 06:13:17+00:00,56.928333333333335,0.999,0.0
0xca8e9533bf61136f39c31e76e36b2087c3dca742,BUY,42541673615301895829890290486226257940966769125829226067368474110048691276042,0xd7bd58d09efa1ff15be61cf30587e79444971ab125d55b2a88bf6ec04623a0d8,9200.0,0.999,1762116915,Will Curtis Sliwa win the 2025 NYC mayoral election?,will-curtis-sliwa-win-the-2025-nyc-mayoral-election,https://polymarket-upload.s3.us-east-2.amazonaws.com/will-curtis-sliwa-win-the-2025-nyc-mayoral-election-2j1MODhPMJeg.jpg,new-york-city-mayoral-election,No,1,medal,Defenseless-Gauntlet,,,,0x1613f7f76275ca364aceb58d5097f48ecdaef4859229731887c9508c14a589b6,2025-11-02 20:55:15+00:00,9190.8,No,2025-11-05 06:13:17+00:00,57.300555555555555,0.999,0.0
0xe8dd7741ccb12350957ec71e9ee332e0d1e6ec86,BUY,42541673615301895829890290486226257940966769125829226067368474110048691276042,0xd7bd58d09efa1ff15be61cf30587e79444971ab125d55b2a88bf6ec04623a0d8,1317.677,0.999,1762115977,Will Curtis Sliwa win the 2025 NYC mayoral election?,will-curtis-sliwa-win-the-2025-nyc-mayoral-election,https://polymarket-upload.s3.us-east-2.amazonaws.com/will-curtis-sliwa-win-the-2025-nyc-mayoral-election-2j1MODhPMJeg.jpg,new-york-city-mayoral-election,No,1,influenz.eth,Real-Veteran,,,,0x8822577c4e8a6afdff312dea8df2863bcfc0aba8edeb045a4a32334221eb919c,2025-11-02 20:39:37+00:00,1316.359323,No,2025-11-05 06:13:17+00:00,57.56111111111111,0.999,0.0
0xca8e9533bf61136f39c31e76e36b2087c3dca742,BUY,42541673615301895829890290486226257940966769125829226067368474110048691276042,0xd7bd58d09efa1ff15be61cf30587e79444971ab125d55b2a88bf6ec04623a0d8,9355.0,0.999,1762113391,Will Curtis Sliwa win the 2025 NYC mayoral election?,will-curtis-sliwa-win-the-2025-nyc-mayoral-election,https://polymarket-upload.s3.us-east-2.amazonaws.com/will-curtis-sliwa-win-the-2025-nyc-mayoral-election-2j1MODhPMJeg.jpg,new-york-city-mayoral-election,No,1,medal,Defenseless-Gauntlet,,,,0x6ac4c234d25bf409787657578e64d4c000fe6abd16a9c8fbc7ae9263ee91ec16,2025-11-02 19:56:31+00:00,9345.645,No,2025-11-05 06:13:17+00:00,58.279444444444444,0.999,0.0
0xca8e9533bf61136f39c31e76e36b2087c3dca742,BUY,42541673615301895829890290486226257940966769125829226067368474110048691276042,0xd7bd58d09efa1ff15be61cf30587e79444971ab125d55b2a88bf6ec04623a0d8,9200.0,0.999,1762111711,Will Curtis Sliwa win the 2025 NYC mayoral election?,will-curtis-sliwa-win-the-2025-nyc-mayoral-election,https://polymarket-upload.s3.us-east-2.amazonaws.com/will-curtis-sliwa-win-the-2025-nyc-mayoral-election-2j1MODhPMJeg.jpg,new-york-city-mayoral-election,No,1,medal,Defenseless-Gauntlet,,,,0x2358dc85ccdeecd5a9bbbff8d15c651daef062c4fea7d0eb813632d02512b07f,2025-11-02 19:28:31+00:00,9190.8,No,2025-11-05 06:13:17+00:00,58.74611111111111,0.999,0.0
0x3f7aee8f1fafcd873343105b24f83f3f98a9248e,BUY,42541673615301895829890290486226257940966769125829226067368474110048691276042,0xd7bd58d09efa1ff15be61cf30587e79444971ab125d55b2a88bf6ec04623a0d8,2237.0,0.999,1762111637,Will Curtis Sliwa win the 2025 NYC mayoral election?,will-curtis-sliwa-win-the-2025-nyc-mayoral-election,https://polymarket-upload.s3.us-east-2.amazonaws.com/will-curtis-sliwa-win-the-2025-nyc-mayoral-election-2j1MODhPMJeg.jpg,new-york-city-mayoral-election,No,1,costcostaff01,Cool-Spread,,,,0x9cd68c440ec9b2b55d6ca4b6590ad8e2caffbc55ddc0be3623ae59ab4e7e0466,2025-11-02 19:27:17+00:00,2234.763,No,2025-11-05 06:13:17+00:00,58.766666666666666,0.999,0.0
0xe8dd7741ccb12350957ec71e9ee332e0d1e6ec86,BUY,42541673615301895829890290486226257940966769125829226067368474110048691276042,0xd7bd58d09efa1ff15be61cf30587e79444971ab125d55b2a88bf6ec04623a0d8,1333.303,0.999,1762111633,Will Curtis Sliwa win the 2025 NYC mayoral election?,will-curtis-sliwa-win-the-2025-nyc-mayoral-election,https://polymarket-upload.s3.us-east-2.amazonaws.com/will-curtis-sliwa-win-the-2025-nyc-mayoral-election-2j1MODhPMJeg.jpg,new-york-city-mayoral-election,No,1,influenz.eth,Real-Veteran,,,,0x2921ea27d6e79f73b9405f26626cc40b11413a7ac18e5ddaaf44d9e5950569fc,2025-11-02 19:27:13+00:00,1331.969697,No,2025-11-05 06:13:17+00:00,58.76777777777778,0.999,0.0
0x63d43bbb87f85af03b8f2f9e2fad7b54334fa2f1,BUY,42541673615301895829890290486226257940966769125829226067368474110048691276042,0xd7bd58d09efa1ff15be61cf30587e79444971ab125d55b2a88bf6ec04623a0d8,2000.0,0.999,1762111633,Will Curtis Sliwa win the 2025 NYC mayoral election?,will-curtis-sliwa-win-the-2025-nyc-mayoral-election,https://polymarket-upload.s3.us-east-2.amazonaws.com/will-curtis-sliwa-win-the-2025-nyc-mayoral-election-2j1MODhPMJeg.jpg,new-york-city-mayoral-election,No,1,wokerjoesleeper,Vivid-Macrofauna,,,,0xa6c4be01a8373c685d93d8385d301004ca121b9a10901252cba54e7528f32a44,2025-11-02 19:27:13+00:00,1998.0,No,2025-11-05 06:13:17+00:00,58.76777777777778,0.999,0.0
0x63d43bbb87f85af03b8f2f9e2fad7b54334fa2f1,BUY,42541673615301895829890290486226257940966769125829226067368474110048691276042,0xd7bd58d09efa1ff15be61cf30587e79444971ab125d55b2a88bf6ec04623a0d8,7940.0,0.999,1762111633,Will Curtis Sliwa win the 2025 NYC mayoral election?,will-curtis-sliwa-win-the-2025-nyc-mayoral-election,https://polymarket-upload.s3.us-east-2.amazonaws.com/will-curtis-sliwa-win-the-2025-nyc-mayoral-election-2j1MODhPMJeg.jpg,new-york-city-mayoral-election,No,1,wokerjoesleeper,Vivid-Macrofauna,,,,0x4813a82f824ff187d25704379ded791ca8ea7cd18e22338d127b5882a37218c3,2025-11-02 19:27:13+00:00,7932.06,No,2025-11-05 06:13:17+00:00,58.76777777777778,0.999,0.0
0xd218e474776403a330142299f7796e8ba32eb5c9,BUY,42541673615301895829890290486226257940966769125829226067368474110048691276042,0xd7bd58d09efa1ff15be61cf30587e79444971ab125d55b2a88bf6ec04623a0d8,8991.68,0.999,1762111633,Will Curtis Sliwa win the 2025 NYC mayoral election?,will-curtis-sliwa-win-the-2025-nyc-mayoral-election,https://polymarket-upload.s3.us-east-2.amazonaws.com/will-curtis-sliwa-win-the-2025-nyc-mayoral-election-2j1MODhPMJeg.jpg,new-york-city-mayoral-election,No,1,cigarettes,Attentive-Crewman,broken grid,,,0xe92f13930e97a024d1d5e98648198cbb330ffc3537afb6bd0010a699e07fec7b,2025-11-02 19:27:13+00:00,8982.688320000001,No,2025-11-05 06:13:17+00:00,58.76777777777778,0.999,0.0
0xd218e474776403a330142299f7796e8ba32eb5c9,BUY,42541673615301895829890290486226257940966769125829226067368474110048691276042,0xd7bd58d09efa1ff15be61cf30587e79444971ab125d55b2a88bf6ec04623a0d8,7748.32,0.999,1762111263,Will Curtis Sliwa win the 2025 NYC mayoral election?,will-curtis-sliwa-win-the-2025-nyc-mayoral-election,https://polymarket-upload.s3.us-east-2.amazonaws.com/will-curtis-sliwa-win-the-2025-nyc-mayoral-election-2j1MODhPMJeg.jpg,new-york-city-mayoral-election,No,1,cigarettes,Attentive-Crewman,broken grid,,,0xdc0b3cedf9d770bfdc5121ebd1c5c7cd086aa08aeb31ad57935ac2f6d34b726b,2025-11-02 19:21:03+00:00,7740.57168,No,2025-11-05 06:13:17+00:00,58.870555555555555,0.999,0.0
0xe8dd7741ccb12350957ec71e9ee332e0d1e6ec86,BUY,42541673615301895829890290486226257940966769125829226067368474110048691276042,0xd7bd58d09efa1ff15be61cf30587e79444971ab125d55b2a88bf6ec04623a0d8,1323.053,0.999,1762111263,Will Curtis Sliwa win the 2025 NYC mayoral election?,will-curtis-sliwa-win-the-2025-nyc-mayoral-election,https://polymarket-upload.s3.us-east-2.amazonaws.com/will-curtis-sliwa-win-the-2025-nyc-mayoral-election-2j1MODhPMJeg.jpg,new-york-city-mayoral-election,No,1,influenz.eth,Real-Veteran,,,,0xd0337758a4f6e69a482b111554eee586badbf004e83b57f06a19b67abd66b890,2025-11-02 19:21:03+00:00,1321.729947,No,2025-11-05 06:13:17+00:00,58.870555555555555,0.999,0.0
0xca8e9533bf61136f39c31e76e36b2087c3dca742,BUY,42541673615301895829890290486226257940966769125829226067368474110048691276042,0xd7bd58d09efa1ff15be61cf30587e79444971ab125d55b2a88bf6ec04623a0d8,9300.0,0.999,1762110549,Will Curtis Sliwa win the 2025 NYC mayoral election?,will-curtis-sliwa-win-the-2025-nyc-mayoral-election,https://polymarket-upload.s3.us-east-2.amazonaws.com/will-curtis-sliwa-win-the-2025-nyc-mayoral-election-2j1MODhPMJeg.jpg,new-york-city-mayoral-election,No,1,medal,Defenseless-Gauntlet,,,,0xaa85b51881f99068b81172b620a416924772af40e109dcabac2fd9586c35a3f0,2025-11-02 19:09:09+00:00,9290.7,No,2025-11-05 06:13:17+00:00,59.068888888888885,0.999,0.0
0x3f7aee8f1fafcd873343105b24f83f3f98a9248e,BUY,42541673615301895829890290486226257940966769125829226067368474110048691276042,0xd7bd58d09efa1ff15be61cf30587e79444971ab125d55b2a88bf6ec04623a0d8,1063.0,0.999,1762109835,Will Curtis Sliwa win the 2025 NYC mayoral election?,will-curtis-sliwa-win-the-2025-nyc-mayoral-election,https://polymarket-upload.s3.us-east-2.amazonaws.com/will-curtis-sliwa-win-the-2025-nyc-mayoral-election-2j1MODhPMJeg.jpg,new-york-city-mayoral-election,No,1,costcostaff01,Cool-Spread,,,,0x3a0a2d479de32a752cbe3f2979fba1d103e568250b0b1ddb4635d28fcf571aa4,2025-11-02 18:57:15+00:00,1061.937,No,2025-11-05 06:13:17+00:00,59.26722222222222,0.999,0.0
0xb48b9192dc52eed724fa58c66fa8926d06a3648e,BUY,42541673615301895829890290486226257940966769125829226067368474110048691276042,0xd7bd58d09efa1ff15be61cf30587e79444971ab125d55b2a88bf6ec04623a0d8,2159.9,0.999,1762109549,Will Curtis Sliwa win the 2025 NYC mayoral election?,will-curtis-sliwa-win-the-2025-nyc-mayoral-election,https://polymarket-upload.s3.us-east-2.amazonaws.com/will-curtis-sliwa-win-the-2025-nyc-mayoral-election-2j1MODhPMJeg.jpg,new-york-city-mayoral-election,No,1,Cookedtan,Icky-Tide,6650,https://polymarket-upload.s3.us-east-2.amazonaws.com/profile-image-2799922-15b860f4-0011-4c70-8833-f11d9f457b01.jpeg,,0x783e2679671f0056301d4845079001600b080fd81aee4881c93533c7f70c1e37,2025-11-02 18:52:29+00:00,2157.7401,No,2025-11-05 06:13:17+00:00,59.346666666666664,0.999,0.0
0x63d43bbb87f85af03b8f2f9e2fad7b54334fa2f1,BUY,42541673615301895829890290486226257940966769125829226067368474110048691276042,0xd7bd58d09efa1ff15be61cf30587e79444971ab125d55b2a88bf6ec04623a0d8,2000.0,0.999,1762109549,Will Curtis Sliwa win the 2025 NYC mayoral election?,will-curtis-sliwa-win-the-2025-nyc-mayoral-election,https://polymarket-upload.s3.us-east-2.amazonaws.com/will-curtis-sliwa-win-the-2025-nyc-mayoral-election-2j1MODhPMJeg.jpg,new-york-city-mayoral-election,No,1,wokerjoesleeper,Vivid-Macrofauna,,,,0xf2a9807efcd4d7685ab2232950644951b150e409a41b9a4ab9f052add312d03f,2025-11-02 18:52:29+00:00,1998.0,No,2025-11-05 06:13:17+00:00,59.346666666666664,0.999,0.0
0xe8dd7741ccb12350957ec71e9ee332e0d1e6ec86,BUY,42541673615301895829890290486226257940966769125829226067368474110048691276042,0xd7bd58d09efa1ff15be61cf30587e79444971ab125d55b2a88bf6ec04623a0d8,1333.303,0.999,1762109549,Will Curtis Sliwa win the 2025 NYC mayoral election?,will-curtis-sliwa-win-the-2025-nyc-mayoral-election,https://polymarket-upload.s3.us-east-2.amazonaws.com/will-curtis-sliwa-win-the-2025-nyc-mayoral-election-2j1MODhPMJeg.jpg,new-york-city-mayoral-election,No,1,influenz.eth,Real-Veteran,,,,0x85fdac0948da150784b9446e99977c2fdff7e7f67c2efcd3f95852c9f5790cb3,2025-11-02 18:52:29+00:00,1331.969697,No,2025-11-05 06:13:17+00:00,59.346666666666664,0.999,0.0
0xd218e474776403a330142299f7796e8ba32eb5c9,BUY,42541673615301895829890290486226257940966769125829226067368474110048691276042,0xd7bd58d09efa1ff15be61cf30587e79444971ab125d55b2a88bf6ec04623a0d8,9000.0,0.999,1762109547,Will Curtis Sliwa win the 2025 NYC mayoral election?,will-curtis-sliwa-win-the-2025-nyc-mayoral-election,https://polymarket-upload.s3.us-east-2.amazonaws.com/will-curtis-sliwa-win-the-2025-nyc-mayoral-election-2j1MODhPMJeg.jpg,new-york-city-mayoral-election,No,1,cigarettes,Attentive-Crewman,broken grid,,,0x47164fbf52db6f3ae6092838dbde61eaa3999133ebd5703797585f978f62a2d8,2025-11-02 18:52:27+00:00,8991.0,No,2025-11-05 06:13:17+00:00,59.34722222222222,0.999,0.0
0x63d43bbb87f85af03b8f2f9e2fad7b54334fa2f1,BUY,42541673615301895829890290486226257940966769125829226067368474110048691276042,0xd7bd58d09efa1ff15be61cf30587e79444971ab125d55b2a88bf6ec04623a0d8,2000.0,0.999,1762109255,Will Curtis Sliwa win the 2025 NYC mayoral election?,will-curtis-sliwa-win-the-2025-nyc-mayoral-election,https://polymarket-upload.s3.us-east-2.amazonaws.com/will-curtis-sliwa-win-the-2025-nyc-mayoral-election-2j1MODhPMJeg.jpg,new-york-city-mayoral-election,No,1,wokerjoesleeper,Vivid-Macrofauna,,,,0x2e146de54980bad469075c25248daaf7bfb185a1480bdcd0aa5c50d30c6ca759,2025-11-02 18:47:35+00:00,1998.0,No,2025-11-05 06:13:17+00:00,59.428333333333335,0.999,0.0
0xe8dd7741ccb12350957ec71e9ee332e0d1e6ec86,BUY,42541673615301895829890290486226257940966769125829226067368474110048691276042,0xd7bd58d09efa1ff15be61cf30587e79444971ab125d55b2a88bf6ec04623a0d8,1333.303,0.999,1762109255,Will Curtis Sliwa win the 2025 NYC mayoral election?,will-curtis-sliwa-win-the-2025-nyc-mayoral-election,https://polymarket-upload.s3.us-east-2.amazonaws.com/will-curtis-sliwa-win-the-2025-nyc-mayoral-election-2j1MODhPMJeg.jpg,new-york-city-mayoral-election,No,1,influenz.eth,Real-Veteran,,,,0x0174ff0f7c2300931cff30c36ac21a6ce7fc318dd3792e28bca4b88062a543aa,2025-11-02 18:47:35+00:00,1331.969697,No,2025-11-05 06:13:17+00:00,59.428333333333335,0.999,0.0
0xca8e9533bf61136f39c31e76e36b2087c3dca742,BUY,42541673615301895829890290486226257940966769125829226067368474110048691276042,0xd7bd58d09efa1ff15be61cf30587e79444971ab125d55b2a88bf6ec04623a0d8,9333.0,0.999,1762106737,Will Curtis Sliwa win the 2025 NYC mayoral election?,will-curtis-sliwa-win-the-2025-nyc-mayoral-election,https://polymarket-upload.s3.us-east-2.amazonaws.com/will-curtis-sliwa-win-the-2025-nyc-mayoral-election-2j1MODhPMJeg.jpg,new-york-city-mayoral-election,No,1,medal,Defenseless-Gauntlet,,,,0xc2ec18cb2de008301ed7bf998f923b84914238828837ea3d2a011e8d1df63fc4,2025-11-02 18:05:37+00:00,9323.667,No,2025-11-05 06:13:17+00:00,60.12777777777778,0.999,0.0
0xe8dd7741ccb12350957ec71e9ee332e0d1e6ec86,BUY,42541673615301895829890290486226257940966769125829226067368474110048691276042,0xd7bd58d09efa1ff15be61cf30587e79444971ab125d55b2a88bf6ec04623a0d8,1002.042,0.999,1762106117,Will Curtis Sliwa win the 2025 NYC mayoral election?,will-curtis-sliwa-win-the-2025-nyc-mayoral-election,https://polymarket-upload.s3.us-east-2.amazonaws.com/will-curtis-sliwa-win-the-2025-nyc-mayoral-election-2j1MODhPMJeg.jpg,new-york-city-mayoral-election,No,1,influenz.eth,Real-Veteran,,,,0x9da594b204a6a22b56cd016dace659b34b8c9f6eaadf400a2b8385c244526198,2025-11-02 17:55:17+00:00,1001.0399580000001,No,2025-11-05 06:13:17+00:00,60.3,0.999,0.0
0xd218e474776403a330142299f7796e8ba32eb5c9,BUY,42541673615301895829890290486226257940966769125829226067368474110048691276042,0xd7bd58d09efa1ff15be61cf30587e79444971ab125d55b2a88bf6ec04623a0d8,1819.08,0.999,1762106117,Will Curtis Sliwa win the 2025 NYC mayoral election?,will-curtis-sliwa-win-the-2025-nyc-mayoral-election,https://polymarket-upload.s3.us-east-2.amazonaws.com/will-curtis-sliwa-win-the-2025-nyc-mayoral-election-2j1MODhPMJeg.jpg,new-york-city-mayoral-election,No,1,cigarettes,Attentive-Crewman,broken grid,,,0x78d2bacfe2cebd049c6890446759b3115c961e4d26d656645b0509ff66737431,2025-11-02 17:55:17+00:00,1817.26092,No,2025-11-05 06:13:17+00:00,60.3,0.999,0.0
0x63d43bbb87f85af03b8f2f9e2fad7b54334fa2f1,BUY,42541673615301895829890290486226257940966769125829226067368474110048691276042,0xd7bd58d09efa1ff15be61cf30587e79444971ab125d55b2a88bf6ec04623a0d8,2000.0,0.999,1762104879,Will Curtis Sliwa win the 2025 NYC mayoral election?,will-curtis-sliwa-win-the-2025-nyc-mayoral-election,https://polymarket-upload.s3.us-east-2.amazonaws.com/will-curtis-sliwa-win-the-2025-nyc-mayoral-election-2j1MODhPMJeg.jpg,new-york-city-mayoral-election,No,1,wokerjoesleeper,Vivid-Macrofauna,,,,0xcf302416260a9a3c662ae09e349d92b9b9b8db5b8bd17810aa841e1393776878,2025-11-02 17:34:39+00:00,1998.0,No,2025-11-05 06:13:17+00:00,60.64388888888889,0.999,0.0
0xd218e474776403a330142299f7796e8ba32eb5c9,BUY,42541673615301895829890290486226257940966769125829226067368474110048691276042,0xd7bd58d09efa1ff15be61cf30587e79444971ab125d55b2a88bf6ec04623a0d8,3049.35,0.999,1762104879,Will Curtis Sliwa win the 2025 NYC mayoral election?,will-curtis-sliwa-win-the-2025-nyc-mayoral-election,https://polymarket-upload.s3.us-east-2.amazonaws.com/will-curtis-sliwa-win-the-2025-nyc-mayoral-election-2j1MODhPMJeg.jpg,new-york-city-mayoral-election,No,1,cigarettes,Attentive-Crewman,broken grid,,,0xf451edb33a6b719647c19c8f33db46c4a7d2fcb729f9b6d3766ace5e059da29c,2025-11-02 17:34:39+00:00,3046.30065,No,2025-11-05 06:13:17+00:00,60.64388888888889,0.999,0.0
0xca8e9533bf61136f39c31e76e36b2087c3dca742,BUY,42541673615301895829890290486226257940966769125829226067368474110048691276042,0xd7bd58d09efa1ff15be61cf30587e79444971ab125d55b2a88bf6ec04623a0d8,9300.0,0.999,1762104509,Will Curtis Sliwa win the 2025 NYC mayoral election?,will-curtis-sliwa-win-the-2025-nyc-mayoral-election,https://polymarket-upload.s3.us-east-2.amazonaws.com/will-curtis-sliwa-win-the-2025-nyc-mayoral-election-2j1MODhPMJeg.jpg,new-york-city-mayoral-election,No,1,medal,Defenseless-Gauntlet,,,,0x1853f74d4cc2e4b469c6389b52ce9c82463c3428bd7c8899bd683c164416ae4c,2025-11-02 17:28:29+00:00,9290.7,No,2025-11-05 06:13:17+00:00,60.74666666666667,0.999,0.0
0xca8e9533bf61136f39c31e76e36b2087c3dca742,BUY,42541673615301895829890290486226257940966769125829226067368474110048691276042,0xd7bd58d09efa1ff15be61cf30587e79444971ab125d55b2a88bf6ec04623a0d8,9400.0,0.999,1762103843,Will Curtis Sliwa win the 2025 NYC mayoral election?,will-curtis-sliwa-win-the-2025-nyc-mayoral-election,https://polymarket-upload.s3.us-east-2.amazonaws.com/will-curtis-sliwa-win-the-2025-nyc-mayoral-election-2j1MODhPMJeg.jpg,new-york-city-mayoral-election,No,1,medal,Defenseless-Gauntlet,,,,0x652fd9befdbaa4eef594f36f1265693a73301199ec9bb2cdfaa3a2eda584ae04,2025-11-02 17:17:23+00:00,9390.6,No,2025-11-05 06:13:17+00:00,60.931666666666665,0.999,0.0
0xca8e9533bf61136f39c31e76e36b2087c3dca742,BUY,42541673615301895829890290486226257940966769125829226067368474110048691276042,0xd7bd58d09efa1ff15be61cf30587e79444971ab125d55b2a88bf6ec04623a0d8,9350.0,0.999,1762103067,Will Curtis Sliwa win the 2025 NYC mayoral election?,will-curtis-sliwa-win-the-2025-nyc-mayoral-election,https://polymarket-upload.s3.us-east-2.amazonaws.com/will-curtis-sliwa-win-the-2025-nyc-mayoral-election-2j1MODhPMJeg.jpg,new-york-city-mayoral-election,No,1,medal,Defenseless-Gauntlet,,,,0xccd55471b3aa9c457b247cf86a5c6de96d28c804f2df9f84b05a8f5ccbe05682,2025-11-02 17:04:27+00:00,9340.65,No,2025-11-05 06:13:17+00:00,61.147222222222226,0.999,0.0
0xe8dd7741ccb12350957ec71e9ee332e0d1e6ec86,BUY,42541673615301895829890290486226257940966769125829226067368474110048691276042,0xd7bd58d09efa1ff15be61cf30587e79444971ab125d55b2a88bf6ec04623a0d8,1333.303,0.999,1762102251,Will Curtis Sliwa win the 2025 NYC mayoral election?,will-curtis-sliwa-win-the-2025-nyc-mayoral-election,https://polymarket-upload.s3.us-east-2.amazonaws.com/will-curtis-sliwa-win-the-2025-nyc-mayoral-election-2j1MODhPMJeg.jpg,new-york-city-mayoral-election,No,1,influenz.eth,Real-Veteran,,,,0x10f4894ec731b7e63c699abf82a5b693556f0cca09fe4c9d6da69786ade06109,2025-11-02 16:50:51+00:00,1331.969697,No,2025-11-05 06:13:17+00:00,61.37388888888889,0.999,0.0
0xd218e474776403a330142299f7796e8ba32eb5c9,BUY,42541673615301895829890290486226257940966769125829226067368474110048691276042,0xd7bd58d09efa1ff15be61cf30587e79444971ab125d55b2a88bf6ec04623a0d8,9000.0,0.999,1762102251,Will Curtis Sliwa win the 2025 NYC mayoral election?,will-curtis-sliwa-win-the-2025-nyc-mayoral-election,https://polymarket-upload.s3.us-east-2.amazonaws.com/will-curtis-sliwa-win-the-2025-nyc-mayoral-election-2j1MODhPMJeg.jpg,new-york-city-mayoral-election,No,1,cigarettes,Attentive-Crewman,broken grid,,,0x785b116bebcbd9e42aef28d49299dff977541e5b50938c0944dd00a85bb5ef27,2025-11-02 16:50:51+00:00,8991.0,No,2025-11-05 06:13:17+00:00,61.37388888888889,0.999,0.0
0x63d43bbb87f85af03b8f2f9e2fad7b54334fa2f1,BUY,42541673615301895829890290486226257940966769125829226067368474110048691276042,0xd7bd58d09efa1ff15be61cf30587e79444971ab125d55b2a88bf6ec04623a0d8,2000.0,0.999,1762102251,Will Curtis Sliwa win the 2025 NYC mayoral election?,will-curtis-sliwa-win-the-2025-nyc-mayoral-election,https://polymarket-upload.s3.us-east-2.amazonaws.com/will-curtis-sliwa-win-the-2025-nyc-mayoral-election-2j1MODhPMJeg.jpg,new-york-city-mayoral-election,No,1,wokerjoesleeper,Vivid-Macrofauna,,,,0x76c5c6166925b67efdb1f7800c075014e00dec2aac6e57607f859a9edb4ca9b6,2025-11-02 16:50:51+00:00,1998.0,No,2025-11-05 06:13:17+00:00,61.37388888888889,0.999,0.0
0xca8e9533bf61136f39c31e76e36b2087c3dca742,BUY,42541673615301895829890290486226257940966769125829226067368474110048691276042,0xd7bd58d09efa1ff15be61cf30587e79444971ab125d55b2a88bf6ec04623a0d8,9400.0,0.999,1762102221,Will Curtis Sliwa win the 2025 NYC mayoral election?,will-curtis-sliwa-win-the-2025-nyc-mayoral-election,https://polymarket-upload.s3.us-east-2.amazonaws.com/will-curtis-sliwa-win-the-2025-nyc-mayoral-election-2j1MODhPMJeg.jpg,new-york-city-mayoral-election,No,1,medal,Defenseless-Gauntlet,,,,0x36eaa2c83fbf24a1350331cd8c59c1a3396944652ff62af8ce4c67e54a64b041,2025-11-02 16:50:21+00:00,9390.6,No,2025-11-05 06:13:17+00:00,61.382222222222225,0.999,0.0
0x63d43bbb87f85af03b8f2f9e2fad7b54334fa2f1,BUY,42541673615301895829890290486226257940966769125829226067368474110048691276042,0xd7bd58d09efa1ff15be61cf30587e79444971ab125d55b2a88bf6ec04623a0d8,2000.0,0.999,1762088211,Will Curtis Sliwa win the 2025 NYC mayoral election?,will-curtis-sliwa-win-the-2025-nyc-mayoral-election,https://polymarket-upload.s3.us-east-2.amazonaws.com/will-curtis-sliwa-win-the-2025-nyc-mayoral-election-2j1MODhPMJeg.jpg,new-york-city-mayoral-election,No,1,wokerjoesleeper,Vivid-Macrofauna,,,,0xc745170ecb2c311c46c7e7643af801fa543a7312b38aff4ebcaab269055541d1,2025-11-02 12:56:51+00:00,1998.0,No,2025-11-05 06:13:17+00:00,65.27388888888889,0.999,0.0
0xe8dd7741ccb12350957ec71e9ee332e0d1e6ec86,BUY,42541673615301895829890290486226257940966769125829226067368474110048691276042,0xd7bd58d09efa1ff15be61cf30587e79444971ab125d55b2a88bf6ec04623a0d8,1328.308,0.999,1762088211,Will Curtis Sliwa win the 2025 NYC mayoral election?,will-curtis-sliwa-win-the-2025-nyc-mayoral-election,https://polymarket-upload.s3.us-east-2.amazonaws.com/will-curtis-sliwa-win-the-2025-nyc-mayoral-election-2j1MODhPMJeg.jpg,new-york-city-mayoral-election,No,1,influenz.eth,Real-Veteran,,,,0xf1a2b08b456509623bf71f1a1f9df671539a156918a13964a13b201b0140b96e,2025-11-02 12:56:51+00:00,1326.979692,No,2025-11-05 06:13:17+00:00,65.27388888888889,0.999,0.0
0xd218e474776403a330142299f7796e8ba32eb5c9,BUY,42541673615301895829890290486226257940966769125829226067368474110048691276042,0xd7bd58d09efa1ff15be61cf30587e79444971ab125d55b2a88bf6ec04623a0d8,9000.0,0.999,1762088211,Will Curtis Sliwa win the 2025 NYC mayoral election?,will-curtis-sliwa-win-the-2025-nyc-mayoral-election,https://polymarket-upload.s3.us-east-2.amazonaws.com/will-curtis-sliwa-win-the-2025-nyc-mayoral-election-2j1MODhPMJeg.jpg,new-york-city-mayoral-election,No,1,cigarettes,Attentive-Crewman,broken grid,,,0x5867388a52cb406f31e3ce1c3035e9197fdbbcd95274db97d69e081e90d1e458,2025-11-02 12:56:51+00:00,8991.0,No,2025-11-05 06:13:17+00:00,65.27388888888889,0.999,0.0
0xd218e474776403a330142299f7796e8ba32eb5c9,BUY,42541673615301895829890290486226257940966769125829226067368474110048691276042,0xd7bd58d09efa1ff15be61cf30587e79444971ab125d55b2a88bf6ec04623a0d8,9000.0,0.999,1762087809,Will Curtis Sliwa win the 2025 NYC mayoral election?,will-curtis-sliwa-win-the-2025-nyc-mayoral-election,https://polymarket-upload.s3.us-east-2.amazonaws.com/will-curtis-sliwa-win-the-2025-nyc-mayoral-election-2j1MODhPMJeg.jpg,new-york-city-mayoral-election,No,1,cigarettes,Attentive-Crewman,broken grid,,,0xe149fed8829150a8916514a580d568ddb95d1ddc2e475d377523922c7805a169,2025-11-02 12:50:09+00:00,8991.0,No,2025-11-05 06:13:17+00:00,65.38555555555556,0.999,0.0
0xe8dd7741ccb12350957ec71e9ee332e0d1e6ec86,BUY,42541673615301895829890290486226257940966769125829226067368474110048691276042,0xd7bd58d09efa1ff15be61cf30587e79444971ab125d55b2a88bf6ec04623a0d8,1238.748,0.999,1762087809,Will Curtis Sliwa win the 2025 NYC mayoral election?,will-curtis-sliwa-win-the-2025-nyc-mayoral-election,https://polymarket-upload.s3.us-east-2.amazonaws.com/will-curtis-sliwa-win-the-2025-nyc-mayoral-election-2j1MODhPMJeg.jpg,new-york-city-mayoral-election,No,1,influenz.eth,Real-Veteran,,,,0x292c4c5a4e68a5999d57edcf4288ae995dcbddd601d3227bba0ac484ed0f536f,2025-11-02 12:50:09+00:00,1237.509252,No,2025-11-05 06:13:17+00:00,65.38555555555556,0.999,0.0
0xe8dd7741ccb12350957ec71e9ee332e0d1e6ec86,BUY,42541673615301895829890290486226257940966769125829226067368474110048691276042,0xd7bd58d09efa1ff15be61cf30587e79444971ab125d55b2a88bf6ec04623a0d8,1238.748,0.999,1762087203,Will Curtis Sliwa win the 2025 NYC mayoral election?,will-curtis-sliwa-win-the-2025-nyc-mayoral-election,https://polymarket-upload.s3.us-east-2.amazonaws.com/will-curtis-sliwa-win-the-2025-nyc-mayoral-election-2j1MODhPMJeg.jpg,new-york-city-mayoral-election,No,1,influenz.eth,Real-Veteran,,,,0x942fdfa0e03434bb9e05280fbc2ec2460fa4b11c1cf464ffb85b414f8676933c,2025-11-02 12:40:03+00:00,1237.509252,No,2025-11-05 06:13:17+00:00,65.55388888888889,0.999,0.0
0x63d43bbb87f85af03b8f2f9e2fad7b54334fa2f1,BUY,42541673615301895829890290486226257940966769125829226067368474110048691276042,0xd7bd58d09efa1ff15be61cf30587e79444971ab125d55b2a88bf6ec04623a0d8,2000.0,0.999,1762087203,Will Curtis Sliwa win the 2025 NYC mayoral election?,will-curtis-sliwa-win-the-2025-nyc-mayoral-election,https://polymarket-upload.s3.us-east-2.amazonaws.com/will-curtis-sliwa-win-the-2025-nyc-mayoral-election-2j1MODhPMJeg.jpg,new-york-city-mayoral-election,No,1,wokerjoesleeper,Vivid-Macrofauna,,,,0x04baeff339f3017ebc746b76b9858c7ab58c4189b02236faec0cbce1eb59a398,2025-11-02 12:40:03+00:00,1998.0,No,2025-11-05 06:13:17+00:00,65.55388888888889,0.999,0.0
0xd218e474776403a330142299f7796e8ba32eb5c9,BUY,42541673615301895829890290486226257940966769125829226067368474110048691276042,0xd7bd58d09efa1ff15be61cf30587e79444971ab125d55b2a88bf6ec04623a0d8,9000.0,0.999,1762087203,Will Curtis Sliwa win the 2025 NYC mayoral election?,will-curtis-sliwa-win-the-2025-nyc-mayoral-election,https://polymarket-upload.s3.us-east-2.amazonaws.com/will-curtis-sliwa-win-the-2025-nyc-mayoral-election-2j1MODhPMJeg.jpg,new-york-city-mayoral-election,No,1,cigarettes,Attentive-Crewman,broken grid,,,0x2c6523cf67fbce5fae5fbc3091dba2c5dcc7a02e7f0e810c34412462fa873d3a,2025-11-02 12:40:03+00:00,8991.0,No,2025-11-05 06:13:17+00:00,65.55388888888889,0.999,0.0
0xd218e474776403a330142299f7796e8ba32eb5c9,BUY,42541673615301895829890290486226257940966769125829226067368474110048691276042,0xd7bd58d09efa1ff15be61cf30587e79444971ab125d55b2a88bf6ec04623a0d8,9000.0,0.999,1762086927,Will Curtis Sliwa win the 2025 NYC mayoral election?,will-curtis-sliwa-win-the-2025-nyc-mayoral-election,https://polymarket-upload.s3.us-east-2.amazonaws.com/will-curtis-sliwa-win-the-2025-nyc-mayoral-election-2j1MODhPMJeg.jpg,new-york-city-mayoral-election,No,1,cigarettes,Attentive-Crewman,broken grid,,,0xded6bbe8c4b64bba86567620407d60396bf8ead10e58b7fee9eb57769d1fce29,2025-11-02 12:35:27+00:00,8991.0,No,2025-11-05 06:13:17+00:00,65.63055555555556,0.999,0.0
0x63d43bbb87f85af03b8f2f9e2fad7b54334fa2f1,BUY,42541673615301895829890290486226257940966769125829226067368474110048691276042,0xd7bd58d09efa1ff15be61cf30587e79444971ab125d55b2a88bf6ec04623a0d8,2000.0,0.999,1762086927,Will Curtis Sliwa win the 2025 NYC mayoral election?,will-curtis-sliwa-win-the-2025-nyc-mayoral-election,https://polymarket-upload.s3.us-east-2.amazonaws.com/will-curtis-sliwa-win-the-2025-nyc-mayoral-election-2j1MODhPMJeg.jpg,new-york-city-mayoral-election,No,1,wokerjoesleeper,Vivid-Macrofauna,,,,0x9f9c050332057980602b5fb664ab2c59d402c50c32034f10d4c0bc3802dd8a90,2025-11-02 12:35:27+00:00,1998.0,No,2025-11-05 06:13:17+00:00,65.63055555555556,0.999,0.0
0x3f7aee8f1fafcd873343105b24f83f3f98a9248e,BUY,42541673615301895829890290486226257940966769125829226067368474110048691276042,0xd7bd58d09efa1ff15be61cf30587e79444971ab125d55b2a88bf6ec04623a0d8,2400.0,0.999,1762079169,Will Curtis Sliwa win the 2025 NYC mayoral election?,will-curtis-sliwa-win-the-2025-nyc-mayoral-election,https://polymarket-upload.s3.us-east-2.amazonaws.com/will-curtis-sliwa-win-the-2025-nyc-mayoral-election-2j1MODhPMJeg.jpg,new-york-city-mayoral-election,No,1,costcostaff01,Cool-Spread,,,,0xb44a9c06d7728fe6d8bcba8348156c25bce2d4e2a4699a22c0fedc85588d1e8a,2025-11-02 10:26:09+00:00,2397.6,No,2025-11-05 06:13:17+00:00,67.78555555555556,0.999,0.0
0x1fad9860ab0d21c8668a13accf25d6eb3c11b5b2,BUY,42541673615301895829890290486226257940966769125829226067368474110048691276042,0xd7bd58d09efa1ff15be61cf30587e79444971ab125d55b2a88bf6ec04623a0d8,30000.0,0.999,1762078539,Will Curtis Sliwa win the 2025 NYC mayoral election?,will-curtis-sliwa-win-the-2025-nyc-mayoral-election,https://polymarket-upload.s3.us-east-2.amazonaws.com/will-curtis-sliwa-win-the-2025-nyc-mayoral-election-2j1MODhPMJeg.jpg,new-york-city-mayoral-election,No,1,kamakamakamata,Blind-Nationality,,,,0xde020d9c5845fd0681e016df16e7225495eb896ed2d0a7f3286e706bc2741583,2025-11-02 10:15:39+00:00,29970.0,No,2025-11-05 06:13:17+00:00,67.96055555555556,0.999,0.0
0x3f7aee8f1fafcd873343105b24f83f3f98a9248e,BUY,42541673615301895829890290486226257940966769125829226067368474110048691276042,0xd7bd58d09efa1ff15be61cf30587e79444971ab125d55b2a88bf6ec04623a0d8,1026.0,0.998,1762070423,Will Curtis Sliwa win the 2025 NYC mayoral election?,will-curtis-sliwa-win-the-2025-nyc-mayoral-election,https://polymarket-upload.s3.us-east-2.amazonaws.com/will-curtis-sliwa-win-the-2025-nyc-mayoral-election-2j1MODhPMJeg.jpg,new-york-city-mayoral-election,No,1,costcostaff01,Cool-Spread,,,,0x377c1d09743e2a306bccc75c8303be49be19d929f3de32bda06fa740ddbad42b,2025-11-02 08:00:23+00:00,1023.948,No,2025-11-05 06:13:17+00:00,70.215,0.999,0.0010000000000000009
0x12d6cccfc7470a3f4bafc53599a4779cbf2cf2a8,BUY,42541673615301895829890290486226257940966769125829226067368474110048691276042,0xd7bd58d09efa1ff15be61cf30587e79444971ab125d55b2a88bf6ec04623a0d8,1586.75,0.998,1762066289,Will Curtis Sliwa win the 2025 NYC mayoral election?,will-curtis-sliwa-win-the-2025-nyc-mayoral-election,https://polymarket-upload.s3.us-east-2.amazonaws.com/will-curtis-sliwa-win-the-2025-nyc-mayoral-election-2j1MODhPMJeg.jpg,new-york-city-mayoral-election,No,1,classified,Personal-Bake,REDACTED,https://polymarket-upload.s3.us-east-2.amazonaws.com/profile-image-2637613-f573f7f0-53b7-4a8d-b884-fec7b37d1b7d.png,,0x1626678a52e7e718f671b50497eb9d7fa4e0bf351e402b472c611e7352efe2b7,2025-11-02 06:51:29+00:00,1583.5765,No,2025-11-05 06:13:17+00:00,71.36333333333333,0.999,0.0010000000000000009
0xd218e474776403a330142299f7796e8ba32eb5c9,BUY,27110946212212220543885771558729072300747406628273094439631175059267259915499,0xb232c915770ea41eb3ec3dbb2c7209c727759237383850f51045be7ffa3975e5,1260.0,0.994,1767907046,Will the Carolina Panthers win Super Bowl 2026?,will-the-carolina-panthers-win-super-bowl-2026,https://polymarket-upload.s3.us-east-2.amazonaws.com/NFL+Team+Logos/CAR.png,super-bowl-champion-2026-731,No,1,cigarettes,Attentive-Crewman,broken grid,,,0x2546f78ce47f8306878115aff273bbe5ee2c82fefe68a745d8845bd0df7d2bc9,2026-01-08 21:17:26+00:00,1252.44,No,2026-01-11 04:18:46+00:00,55.022222222222226,0.994,0.0
0xca8e9533bf61136f39c31e76e36b2087c3dca742,BUY,95564963830030215702951327576776322048336867900916149568536663497143120370166,0xd28f9dfab98d6b2a8a22d8ff7e8d109678fc8275710be17c96825301efce4a69,5600.0,0.999,1764478893,Will the Las Vegas Raiders win Super Bowl 2026?,will-the-las-vegas-raiders-win-super-bowl-2026,https://polymarket-upload.s3.us-east-2.amazonaws.com/NFL+Team+Logos/LV.png,super-bowl-champion-2026-731,No,1,medal,Defenseless-Gauntlet,,,,0xaf9126f3f833d25ed0cd1e352e77bd77ca43b7dba4eb122b2b36b4aa244f649b,2025-11-30 05:01:33+00:00,5594.4,No,2025-12-01 03:44:10+00:00,22.710277777777776,0.999,0.0
0xca8e9533bf61136f39c31e76e36b2087c3dca742,BUY,95564963830030215702951327576776322048336867900916149568536663497143120370166,0xd28f9dfab98d6b2a8a22d8ff7e8d109678fc8275710be17c96825301efce4a69,5680.0,0.999,1764466457,Will the Las Vegas Raiders win Super Bowl 2026?,will-the-las-vegas-raiders-win-super-bowl-2026,https://polymarket-upload.s3.us-east-2.amazonaws.com/NFL+Team+Logos/LV.png,super-bowl-champion-2026-731,No,1,medal,Defenseless-Gauntlet,,,,0x2868dc9f964b019a583db42fedc9c5c1efb3d8dda5725f4b493a1890592748f8,2025-11-30 01:34:17+00:00,5674.32,No,2025-12-01 03:44:10+00:00,26.164722222222224,0.999,0.0
0xe76958f1daae08939ecd09faa5c6b522b7458797,BUY,95564963830030215702951327576776322048336867900916149568536663497143120370166,0xd28f9dfab98d6b2a8a22d8ff7e8d109678fc8275710be17c96825301efce4a69,2519.129,0.999,1764429619,Will the Las Vegas Raiders win Super Bowl 2026?,will-the-las-vegas-raiders-win-super-bowl-2026,https://polymarket-upload.s3.us-east-2.amazonaws.com/NFL+Team+Logos/LV.png,super-bowl-champion-2026-731,No,1,E75fifth,Artistic-Steel,,,,0x30451019b5c05020f86cf18cb0e9cd7479453f6ed0d152a983b1cc99bb6a0ac1,2025-11-29 15:20:19+00:00,2516.609871,No,2025-12-01 03:44:10+00:00,36.3975,0.999,0.0
0xca8e9533bf61136f39c31e76e36b2087c3dca742,BUY,95564963830030215702951327576776322048336867900916149568536663497143120370166,0xd28f9dfab98d6b2a8a22d8ff7e8d109678fc8275710be17c96825301efce4a69,5680.0,0.999,1764401809,Will the Las Vegas Raiders win Super Bowl 2026?,will-the-las-vegas-raiders-win-super-bowl-2026,https://polymarket-upload.s3.us-east-2.amazonaws.com/NFL+Team+Logos/LV.png,super-bowl-champion-2026-731,No,1,medal,Defenseless-Gauntlet,,,,0x672866976e4d9554e32752e01e416fd1522b007df114fb502a7f550a8531c3bf,2025-11-29 07:36:49+00:00,5674.32,No,2025-12-01 03:44:10+00:00,44.1225,0.999,0.0
0x1fad9860ab0d21c8668a13accf25d6eb3c11b5b2,BUY,95564963830030215702951327576776322048336867900916149568536663497143120370166,0xd28f9dfab98d6b2a8a22d8ff7e8d109678fc8275710be17c96825301efce4a69,64000.0,0.999,1764356815,Will the Las Vegas Raiders win Super Bowl 2026?,will-the-las-vegas-raiders-win-super-bowl-2026,https://polymarket-upload.s3.us-east-2.amazonaws.com/NFL+Team+Logos/LV.png,super-bowl-champion-2026-731,No,1,kamakamakamata,Blind-Nationality,,,,0x2d0ec84c0aebc0d4456783192986057344e1635c0334600c1e9319bcafd668cc,2025-11-28 19:06:55+00:00,63936.0,No,2025-12-01 03:44:10+00:00,56.62083333333333,0.999,0.0
0xd218e474776403a330142299f7796e8ba32eb5c9,BUY,104468181147316868388088006861839293041095272602974154655578369735976654024471,0xc40cbb2d7f5d2c43c624bd5b1d0b18cd3d0682b3937363ec7c1ad1d13bee107e,1080.0,0.958,1762300549,Will Andrew Cuomo win the 2025 NYC mayoral election?,will-andrew-cuomo-win-the-2025-nyc-mayoral-election,https://polymarket-upload.s3.us-east-2.amazonaws.com/will-andrew-cuomo-win-the-2025-nyc-mayoral-election-CFbNR1wG_T2X.jpg,new-york-city-mayoral-election,No,1,cigarettes,Attentive-Crewman,broken grid,,,0xee174912ac912d0b41b66fb4a088897e2e09963e49afbc76bcdc5c74911cdc96,2025-11-04 23:55:49+00:00,1034.6399999999999,No,2025-11-05 05:56:23+00:00,6.009444444444444,0.999000001,0.04100000100000001
0x3f7aee8f1fafcd873343105b24f83f3f98a9248e,BUY,104468181147316868388088006861839293041095272602974154655578369735976654024471,0xc40cbb2d7f5d2c43c624bd5b1d0b18cd3d0682b3937363ec7c1ad1d13bee107e,2238.0,0.9580768543,1762300511,Will Andrew Cuomo win the 2025 NYC mayoral election?,will-andrew-cuomo-win-the-2025-nyc-mayoral-election,https://polymarket-upload.s3.us-east-2.amazonaws.com/will-andrew-cuomo-win-the-2025-nyc-mayoral-election-CFbNR1wG_T2X.jpg,new-york-city-mayoral-election,No,1,costcostaff01,Cool-Spread,,,,0xbb69698d53196dcb99658925d87d4feb47377d1af3513050cb56cdb7cd8ddb8e,2025-11-04 23:55:11+00:00,2144.1759999234,No,2025-11-05 05:56:23+00:00,6.02,0.999000001,0.04092314669999997
0x63d43bbb87f85af03b8f2f9e2fad7b54334fa2f1,BUY,104468181147316868388088006861839293041095272602974154655578369735976654024471,0xc40cbb2d7f5d2c43c624bd5b1d0b18cd3d0682b3937363ec7c1ad1d13bee107e,4250.0,0.955,1762300473,Will Andrew Cuomo win the 2025 NYC mayoral election?,will-andrew-cuomo-win-the-2025-nyc-mayoral-election,https://polymarket-upload.s3.us-east-2.amazonaws.com/will-andrew-cuomo-win-the-2025-nyc-mayoral-election-CFbNR1wG_T2X.jpg,new-york-city-mayoral-election,No,1,wokerjoesleeper,Vivid-Macrofauna,,,,0x60f53fbf81027237e8774bd92cb0d47d009e7362169acc7e170af6854908a715,2025-11-04 23:54:33+00:00,4058.75,No,2025-11-05 05:56:23+00:00,6.030555555555556,0.999000001,0.04400000100000001
0xd218e474776403a330142299f7796e8ba32eb5c9,BUY,104468181147316868388088006861839293041095272602974154655578369735976654024471,0xc40cbb2d7f5d2c43c624bd5b1d0b18cd3d0682b3937363ec7c1ad1d13bee107e,7080.0,0.9570049746,1762300231,Will Andrew Cuomo win the 2025 NYC mayoral election?,will-andrew-cuomo-win-the-2025-nyc-mayoral-election,https://polymarket-upload.s3.us-east-2.amazonaws.com/will-andrew-cuomo-win-the-2025-nyc-mayoral-election-CFbNR1wG_T2X.jpg,new-york-city-mayoral-election,No,1,cigarettes,Attentive-Crewman,broken grid,,,0x4efa7e518f1af6393f448ec7b21032be7383c6ed006890d22d7267027810934c,2025-11-04 23:50:31+00:00,6775.595220168,No,2025-11-05 05:56:23+00:00,6.097777777777778,0.999000001,0.04199502639999997
0x63d43bbb87f85af03b8f2f9e2fad7b54334fa2f1,BUY,104468181147316868388088006861839293041095272602974154655578369735976654024471,0xc40cbb2d7f5d2c43c624bd5b1d0b18cd3d0682b3937363ec7c1ad1d13bee107e,2000.0,0.958,1762300231,Will Andrew Cuomo win the 2025 NYC mayoral election?,will-andrew-cuomo-win-the-2025-nyc-mayoral-election,https://polymarket-upload.s3.us-east-2.amazonaws.com/will-andrew-cuomo-win-the-2025-nyc-mayoral-election-CFbNR1wG_T2X.jpg,new-york-city-mayoral-election,No,1,wokerjoesleeper,Vivid-Macrofauna,,,,0xdad2b8a617846e5360b8691455631049a5104c125b1189a8cfbb730e79466feb,2025-11-04 23:50:31+00:00,1916.0,No,2025-11-05 05:56:23+00:00,6.097777777777778,0.999000001,0.04100000100000001
0x63d43bbb87f85af03b8f2f9e2fad7b54334fa2f1,BUY,104468181147316868388088006861839293041095272602974154655578369735976654024471,0xc40cbb2d7f5d2c43c624bd5b1d0b18cd3d0682b3937363ec7c1ad1d13bee107e,1912.01,0.955,1762300103,Will Andrew Cuomo win the 2025 NYC mayoral election?,will-andrew-cuomo-win-the-2025-nyc-mayoral-election,https://polymarket-upload.s3.us-east-2.amazonaws.com/will-andrew-cuomo-win-the-2025-nyc-mayoral-election-CFbNR1wG_T2X.jpg,new-york-city-mayoral-election,No,1,wokerjoesleeper,Vivid-Macrofauna,,,,0xde84a012921916c1c8f0715439f8b15e22f7346092589455f1bc3c6b9a836cf6,2025-11-04 23:48:23+00:00,1825.96955,No,2025-11-05 05:56:23+00:00,6.133333333333334,0.999000001,0.04400000100000001
0xe8dd7741ccb12350957ec71e9ee332e0d1e6ec86,BUY,104468181147316868388088006861839293041095272602974154655578369735976654024471,0xc40cbb2d7f5d2c43c624bd5b1d0b18cd3d0682b3937363ec7c1ad1d13bee107e,1753.989511,0.955,1762300101,Will Andrew Cuomo win the 2025 NYC mayoral election?,will-andrew-cuomo-win-the-2025-nyc-mayoral-election,https://polymarket-upload.s3.us-east-2.amazonaws.com/will-andrew-cuomo-win-the-2025-nyc-mayoral-election-CFbNR1wG_T2X.jpg,new-york-city-mayoral-election,No,1,influenz.eth,Real-Veteran,,,,0xc93da38d0d63813741b5ee42f3ebef820e3b304918f00698d55e94f90a825a35,2025-11-04 23:48:21+00:00,1675.0599830049998,No,2025-11-05 05:56:23+00:00,6.1338888888888885,0.999000001,0.04400000100000001
0xd218e474776403a330142299f7796e8ba32eb5c9,BUY,104468181147316868388088006861839293041095272602974154655578369735976654024471,0xc40cbb2d7f5d2c43c624bd5b1d0b18cd3d0682b3937363ec7c1ad1d13bee107e,11357.0,0.9510044026,1762299849,Will Andrew Cuomo win the 2025 NYC mayoral election?,will-andrew-cuomo-win-the-2025-nyc-mayoral-election,https://polymarket-upload.s3.us-east-2.amazonaws.com/will-andrew-cuomo-win-the-2025-nyc-mayoral-election-CFbNR1wG_T2X.jpg,new-york-city-mayoral-election,No,1,cigarettes,Attentive-Crewman,broken grid,,,0x732fea7a0aed388e1ebbc2f79497da2f8e62e7aa6ec2e981a1f8710cb3197994,2025-11-04 23:44:09+00:00,10800.5570003282,No,2025-11-05 05:56:23+00:00,6.203888888888889,0.999000001,0.047995598400000006
0xd218e474776403a330142299f7796e8ba32eb5c9,BUY,104468181147316868388088006861839293041095272602974154655578369735976654024471,0xc40cbb2d7f5d2c43c624bd5b1d0b18cd3d0682b3937363ec7c1ad1d13bee107e,1520.0,0.9520201842,1762299837,Will Andrew Cuomo win the 2025 NYC mayoral election?,will-andrew-cuomo-win-the-2025-nyc-mayoral-election,https://polymarket-upload.s3.us-east-2.amazonaws.com/will-andrew-cuomo-win-the-2025-nyc-mayoral-election-CFbNR1wG_T2X.jpg,new-york-city-mayoral-election,No,1,cigarettes,Attentive-Crewman,broken grid,,,0x5d49a9dda676793616309054fdb5dbbaf869ce4640aada8ff9e12efa2fa8c1d9,2025-11-04 23:43:57+00:00,1447.070679984,No,2025-11-05 05:56:23+00:00,6.207222222222223,0.999000001,0.04697981679999996
0x63d43bbb87f85af03b8f2f9e2fad7b54334fa2f1,BUY,104468181147316868388088006861839293041095272602974154655578369735976654024471,0xc40cbb2d7f5d2c43c624bd5b1d0b18cd3d0682b3937363ec7c1ad1d13bee107e,1474.32,0.953,1762299835,Will Andrew Cuomo win the 2025 NYC mayoral election?,will-andrew-cuomo-win-the-2025-nyc-mayoral-election,https://polymarket-upload.s3.us-east-2.amazonaws.com/will-andrew-cuomo-win-the-2025-nyc-mayoral-election-CFbNR1wG_T2X.jpg,new-york-city-mayoral-election,No,1,wokerjoesleeper,Vivid-Macrofauna,,,,0x29a38c58b04f6ebca0f4770aa7c9263da6d14a5cb0521c64b96c18f9fd043a0f,2025-11-04 23:43:55+00:00,1405.02696,No,2025-11-05 05:56:23+00:00,6.207777777777777,0.999000001,0.04600000100000001
0x63d43bbb87f85af03b8f2f9e2fad7b54334fa2f1,BUY,104468181147316868388088006861839293041095272602974154655578369735976654024471,0xc40cbb2d7f5d2c43c624bd5b1d0b18cd3d0682b3937363ec7c1ad1d13bee107e,1140.0,0.945,1762297119,Will Andrew Cuomo win the 2025 NYC mayoral election?,will-andrew-cuomo-win-the-2025-nyc-mayoral-election,https://polymarket-upload.s3.us-east-2.amazonaws.com/will-andrew-cuomo-win-the-2025-nyc-mayoral-election-CFbNR1wG_T2X.jpg,new-york-city-mayoral-election,No,1,wokerjoesleeper,Vivid-Macrofauna,,,,0x4c3e29c62fda64cc2d39d260f1fc1b4fb2608cceff9b5472dd43694feaa64fb9,2025-11-04 22:58:39+00:00,1077.3,No,2025-11-05 05:56:23+00:00,6.9622222222222225,0.999000001,0.05400000100000002
0xd218e474776403a330142299f7796e8ba32eb5c9,BUY,104468181147316868388088006861839293041095272602974154655578369735976654024471,0xc40cbb2d7f5d2c43c624bd5b1d0b18cd3d0682b3937363ec7c1ad1d13bee107e,3200.0,0.947,1762295575,Will Andrew Cuomo win the 2025 NYC mayoral election?,will-andrew-cuomo-win-the-2025-nyc-mayoral-election,https://polymarket-upload.s3.us-east-2.amazonaws.com/will-andrew-cuomo-win-the-2025-nyc-mayoral-election-CFbNR1wG_T2X.jpg,new-york-city-mayoral-election,No,1,cigarettes,Attentive-Crewman,broken grid,,,0x65e2e818b81068bf6b0917ca0d42013baef11ffe12d4969915bb94e68656b70c,2025-11-04 22:32:55+00:00,3030.3999999999996,No,2025-11-05 05:56:23+00:00,7.391111111111111,0.999000001,0.05200000100000002
0x63d43bbb87f85af03b8f2f9e2fad7b54334fa2f1,BUY,104468181147316868388088006861839293041095272602974154655578369735976654024471,0xc40cbb2d7f5d2c43c624bd5b1d0b18cd3d0682b3937363ec7c1ad1d13bee107e,2000.0,0.947,1762295511,Will Andrew Cuomo win the 2025 NYC mayoral election?,will-andrew-cuomo-win-the-2025-nyc-mayoral-election,https://polymarket-upload.s3.us-east-2.amazonaws.com/will-andrew-cuomo-win-the-2025-nyc-mayoral-election-CFbNR1wG_T2X.jpg,new-york-city-mayoral-election,No,1,wokerjoesleeper,Vivid-Macrofauna,,,,0xb734f63517c5c8c5fadfc650c71134cf61b5793e707609a37fbf87a31cbd5d21,2025-11-04 22:31:51+00:00,1894.0,No,2025-11-05 05:56:23+00:00,7.408888888888889,0.999000001,0.05200000100000002
0xd218e474776403a330142299f7796e8ba32eb5c9,BUY,104468181147316868388088006861839293041095272602974154655578369735976654024471,0xc40cbb2d7f5d2c43c624bd5b1d0b18cd3d0682b3937363ec7c1ad1d13bee107e,35841.56,0.947,1762295511,Will Andrew Cuomo win the 2025 NYC mayoral election?,will-andrew-cuomo-win-the-2025-nyc-mayoral-election,https://polymarket-upload.s3.us-east-2.amazonaws.com/will-andrew-cuomo-win-the-2025-nyc-mayoral-election-CFbNR1wG_T2X.jpg,new-york-city-mayoral-election,No,1,cigarettes,Attentive-Crewman,broken grid,,,0x07902229b6628ac37d92bc5f43881af99ee748fe7c3bf87d9fc41f6fe4a4a7aa,2025-11-04 22:31:51+00:00,33941.957319999994,No,2025-11-05 05:56:23+00:00,7.408888888888889,0.999000001,0.05200000100000002
0x3f7aee8f1fafcd873343105b24f83f3f98a9248e,BUY,104468181147316868388088006861839293041095272602974154655578369735976654024471,0xc40cbb2d7f5d2c43c624bd5b1d0b18cd3d0682b3937363ec7c1ad1d13bee107e,1872.0,0.946,1762294979,Will Andrew Cuomo win the 2025 NYC mayoral election?,will-andrew-cuomo-win-the-2025-nyc-mayoral-election,https://polymarket-upload.s3.us-east-2.amazonaws.com/will-andrew-cuomo-win-the-2025-nyc-mayoral-election-CFbNR1wG_T2X.jpg,new-york-city-mayoral-election,No,1,costcostaff01,Cool-Spread,,,,0x9faeea922e724ca628b4292e93bde9d3fd685afa1c21eb06b03f32b9e671c77f,2025-11-04 22:22:59+00:00,1770.9119999999998,No,2025-11-05 05:56:23+00:00,7.556666666666667,0.999000001,0.05300000100000002
0x3f7aee8f1fafcd873343105b24f83f3f98a9248e,BUY,104468181147316868388088006861839293041095272602974154655578369735976654024471,0xc40cbb2d7f5d2c43c624bd5b1d0b18cd3d0682b3937363ec7c1ad1d13bee107e,2478.0,0.946,1762294973,Will Andrew Cuomo win the 2025 NYC mayoral election?,will-andrew-cuomo-win-the-2025-nyc-mayoral-election,https://polymarket-upload.s3.us-east-2.amazonaws.com/will-andrew-cuomo-win-the-2025-nyc-mayoral-election-CFbNR1wG_T2X.jpg,new-york-city-mayoral-election,No,1,costcostaff01,Cool-Spread,,,,0x1d2c8ed0ee25acdecf2cea6e65e49a249dde8f25c9b2a6297cc39d32ce4c6166,2025-11-04 22:22:53+00:00,2344.188,No,2025-11-05 05:56:23+00:00,7.558333333333334,0.999000001,0.05300000100000002
0x3f7aee8f1fafcd873343105b24f83f3f98a9248e,BUY,104468181147316868388088006861839293041095272602974154655578369735976654024471,0xc40cbb2d7f5d2c43c624bd5b1d0b18cd3d0682b3937363ec7c1ad1d13bee107e,1334.0,0.946,1762294845,Will Andrew Cuomo win the 2025 NYC mayoral election?,will-andrew-cuomo-win-the-2025-nyc-mayoral-election,https://polymarket-upload.s3.us-east-2.amazonaws.com/will-andrew-cuomo-win-the-2025-nyc-mayoral-election-CFbNR1wG_T2X.jpg,new-york-city-mayoral-election,No,1,costcostaff01,Cool-Spread,,,,0x358d97533c9d7adf679db8ad21b79e55c67c6ef7a012019001ee8804d1b6fe6e,2025-11-04 22:20:45+00:00,1261.964,No,2025-11-05 05:56:23+00:00,7.5938888888888885,0.999000001,0.05300000100000002
0x3f7aee8f1fafcd873343105b24f83f3f98a9248e,BUY,104468181147316868388088006861839293041095272602974154655578369735976654024471,0xc40cbb2d7f5d2c43c624bd5b1d0b18cd3d0682b3937363ec7c1ad1d13bee107e,1735.0,0.946,1762294837,Will Andrew Cuomo win the 2025 NYC mayoral election?,will-andrew-cuomo-win-the-2025-nyc-mayoral-election,https://polymarket-upload.s3.us-east-2.amazonaws.com/will-andrew-cuomo-win-the-2025-nyc-mayoral-election-CFbNR1wG_T2X.jpg,new-york-city-mayoral-election,No,1,costcostaff01,Cool-Spread,,,,0xda4c735436adf5672e541112526b2582f0c8cbb0baf4f058fd0a79ea9d13bb59,2025-11-04 22:20:37+00:00,1641.31,No,2025-11-05 05:56:23+00:00,7.596111111111111,0.999000001,0.05300000100000002
0x3f7aee8f1fafcd873343105b24f83f3f98a9248e,BUY,104468181147316868388088006861839293041095272602974154655578369735976654024471,0xc40cbb2d7f5d2c43c624bd5b1d0b18cd3d0682b3937363ec7c1ad1d13bee107e,2480.0,0.946,1762294831,Will Andrew Cuomo win the 2025 NYC mayoral election?,will-andrew-cuomo-win-the-2025-nyc-mayoral-election,https://polymarket-upload.s3.us-east-2.amazonaws.com/will-andrew-cuomo-win-the-2025-nyc-mayoral-election-CFbNR1wG_T2X.jpg,new-york-city-mayoral-election,No,1,costcostaff01,Cool-Spread,,,,0xd839ca8afc2f9db4fa4aeba833430a5bb4bd81353d8c01cc84782225f2cfb54e,2025-11-04 22:20:31+00:00,2346.08,No,2025-11-05 05:56:23+00:00,7.597777777777778,0.999000001,0.05300000100000002
0x3f7aee8f1fafcd873343105b24f83f3f98a9248e,BUY,104468181147316868388088006861839293041095272602974154655578369735976654024471,0xc40cbb2d7f5d2c43c624bd5b1d0b18cd3d0682b3937363ec7c1ad1d13bee107e,1975.0,0.946,1762294819,Will Andrew Cuomo win the 2025 NYC mayoral election?,will-andrew-cuomo-win-the-2025-nyc-mayoral-election,https://polymarket-upload.s3.us-east-2.amazonaws.com/will-andrew-cuomo-win-the-2025-nyc-mayoral-election-CFbNR1wG_T2X.jpg,new-york-city-mayoral-election,No,1,costcostaff01,Cool-Spread,,,,0x5b644988f993a17735b6db0d7d9b55a0c4993d7913b8b69b45cfe34b9dae27a6,2025-11-04 22:20:19+00:00,1868.35,No,2025-11-05 05:56:23+00:00,7.601111111111111,0.999000001,0.05300000100000002
0x63d43bbb87f85af03b8f2f9e2fad7b54334fa2f1,BUY,104468181147316868388088006861839293041095272602974154655578369735976654024471,0xc40cbb2d7f5d2c43c624bd5b1d0b18cd3d0682b3937363ec7c1ad1d13bee107e,9510.0,0.946,1762294813,Will Andrew Cuomo win the 2025 NYC mayoral election?,will-andrew-cuomo-win-the-2025-nyc-mayoral-election,https://polymarket-upload.s3.us-east-2.amazonaws.com/will-andrew-cuomo-win-the-2025-nyc-mayoral-election-CFbNR1wG_T2X.jpg,new-york-city-mayoral-election,No,1,wokerjoesleeper,Vivid-Macrofauna,,,,0xd93ba8c0d900fd04451590551c150e3fd804ef739c073c230cd7cd0c18409495,2025-11-04 22:20:13+00:00,8996.46,No,2025-11-05 05:56:23+00:00,7.602777777777778,0.999000001,0.05300000100000002
0x63d43bbb87f85af03b8f2f9e2fad7b54334fa2f1,BUY,104468181147316868388088006861839293041095272602974154655578369735976654024471,0xc40cbb2d7f5d2c43c624bd5b1d0b18cd3d0682b3937363ec7c1ad1d13bee107e,1409.05,0.942,1762292913,Will Andrew Cuomo win the 2025 NYC mayoral election?,will-andrew-cuomo-win-the-2025-nyc-mayoral-election,https://polymarket-upload.s3.us-east-2.amazonaws.com/will-andrew-cuomo-win-the-2025-nyc-mayoral-election-CFbNR1wG_T2X.jpg,new-york-city-mayoral-election,No,1,wokerjoesleeper,Vivid-Macrofauna,,,,0xc19168f8a1056cf39b5725824cc7fcf8602b1e0fe4ab596b16d1f111bd1597a2,2025-11-04 21:48:33+00:00,1327.3250999999998,No,2025-11-05 05:56:23+00:00,8.130555555555556,0.999000001,0.05700000100000002
0xb48b9192dc52eed724fa58c66fa8926d06a3648e,BUY,104468181147316868388088006861839293041095272602974154655578369735976654024471,0xc40cbb2d7f5d2c43c624bd5b1d0b18cd3d0682b3937363ec7c1ad1d13bee107e,6110.0,0.942,1762292865,Will Andrew Cuomo win the 2025 NYC mayoral election?,will-andrew-cuomo-win-the-2025-nyc-mayoral-election,https://polymarket-upload.s3.us-east-2.amazonaws.com/will-andrew-cuomo-win-the-2025-nyc-mayoral-election-CFbNR1wG_T2X.jpg,new-york-city-mayoral-election,No,1,Cookedtan,Icky-Tide,6650,https://polymarket-upload.s3.us-east-2.amazonaws.com/profile-image-2799922-15b860f4-0011-4c70-8833-f11d9f457b01.jpeg,,0x76b5669873eaaba496c38b529cd272639209d39bee739fa6433fd62f5bc1c16e,2025-11-04 21:47:45+00:00,5755.62,No,2025-11-05 05:56:23+00:00,8.143888888888888,0.999000001,0.05700000100000002
0x63d43bbb87f85af03b8f2f9e2fad7b54334fa2f1,BUY,104468181147316868388088006861839293041095272602974154655578369735976654024471,0xc40cbb2d7f5d2c43c624bd5b1d0b18cd3d0682b3937363ec7c1ad1d13bee107e,2000.0,0.942,1762292865,Will Andrew Cuomo win the 2025 NYC mayoral election?,will-andrew-cuomo-win-the-2025-nyc-mayoral-election,https://polymarket-upload.s3.us-east-2.amazonaws.com/will-andrew-cuomo-win-the-2025-nyc-mayoral-election-CFbNR1wG_T2X.jpg,new-york-city-mayoral-election,No,1,wokerjoesleeper,Vivid-Macrofauna,,,,0x9653e4dfe3820c1ba4359493b509b297e3696045fec8f7038d731c6e005c2504,2025-11-04 21:47:45+00:00,1884.0,No,2025-11-05 05:56:23+00:00,8.143888888888888,0.999000001,0.05700000100000002
0x3f7aee8f1fafcd873343105b24f83f3f98a9248e,BUY,104468181147316868388088006861839293041095272602974154655578369735976654024471,0xc40cbb2d7f5d2c43c624bd5b1d0b18cd3d0682b3937363ec7c1ad1d13bee107e,2563.0,0.941,1762292601,Will Andrew Cuomo win the 2025 NYC mayoral election?,will-andrew-cuomo-win-the-2025-nyc-mayoral-election,https://polymarket-upload.s3.us-east-2.amazonaws.com/will-andrew-cuomo-win-the-2025-nyc-mayoral-election-CFbNR1wG_T2X.jpg,new-york-city-mayoral-election,No,1,costcostaff01,Cool-Spread,,,,0x61a33076ef77ecc42815ddab065e8ac2da44065fd7dcc3c58fcc2f0c97808e47,2025-11-04 21:43:21+00:00,2411.783,No,2025-11-05 05:56:23+00:00,8.217222222222222,0.999000001,0.05800000100000002
0x3f7aee8f1fafcd873343105b24f83f3f98a9248e,BUY,104468181147316868388088006861839293041095272602974154655578369735976654024471,0xc40cbb2d7f5d2c43c624bd5b1d0b18cd3d0682b3937363ec7c1ad1d13bee107e,3661.0,0.941,1762292595,Will Andrew Cuomo win the 2025 NYC mayoral election?,will-andrew-cuomo-win-the-2025-nyc-mayoral-election,https://polymarket-upload.s3.us-east-2.amazonaws.com/will-andrew-cuomo-win-the-2025-nyc-mayoral-election-CFbNR1wG_T2X.jpg,new-york-city-mayoral-election,No,1,costcostaff01,Cool-Spread,,,,0xd67edc2c12be6e4eb29e141e1deb89a3764a52d9b1e2b5aeba033a8bdb4cb187,2025-11-04 21:43:15+00:00,3445.0009999999997,No,2025-11-05 05:56:23+00:00,8.21888888888889,0.999000001,0.05800000100000002
0x3f7aee8f1fafcd873343105b24f83f3f98a9248e,BUY,104468181147316868388088006861839293041095272602974154655578369735976654024471,0xc40cbb2d7f5d2c43c624bd5b1d0b18cd3d0682b3937363ec7c1ad1d13bee107e,5000.0,0.941,1762292589,Will Andrew Cuomo win the 2025 NYC mayoral election?,will-andrew-cuomo-win-the-2025-nyc-mayoral-election,https://polymarket-upload.s3.us-east-2.amazonaws.com/will-andrew-cuomo-win-the-2025-nyc-mayoral-election-CFbNR1wG_T2X.jpg,new-york-city-mayoral-election,No,1,costcostaff01,Cool-Spread,,,,0x6e778a29a341a4eab5233bef002406b029eeea45775cab35c32cfeb87a2bb919,2025-11-04 21:43:09+00:00,4705.0,No,2025-11-05 05:56:23+00:00,8.220555555555556,0.999000001,0.05800000100000002
0x448861155279dbf833d041b963e3ac854599e319,BUY,104468181147316868388088006861839293041095272602974154655578369735976654024471,0xc40cbb2d7f5d2c43c624bd5b1d0b18cd3d0682b3937363ec7c1ad1d13bee107e,10332.0,0.9429816105,1762292529,Will Andrew Cuomo win the 2025 NYC mayoral election?,will-andrew-cuomo-win-the-2025-nyc-mayoral-election,https://polymarket-upload.s3.us-east-2.amazonaws.com/will-andrew-cuomo-win-the-2025-nyc-mayoral-election-CFbNR1wG_T2X.jpg,new-york-city-mayoral-election,No,1,Flipadelphia,,High risk low reward,https://polymarket-upload.s3.us-east-2.amazonaws.com/profile-image-108046-a7cbec59-4bd4-4efc-8ade-4e81e102acb0.png,,0xbea31426dc736f394ee16f2ea4ff9b45b8ee008252bee4abe398014bce41325e,2025-11-04 21:42:09+00:00,9742.885999686,No,2025-11-05 05:56:23+00:00,8.237222222222222,0.999000001,0.056018390500000015
0x24c8cf69a0e0a17eee21f69d29752bfa32e823e1,BUY,104468181147316868388088006861839293041095272602974154655578369735976654024471,0xc40cbb2d7f5d2c43c624bd5b1d0b18cd3d0682b3937363ec7c1ad1d13bee107e,22448.36,0.94,1762292485,Will Andrew Cuomo win the 2025 NYC mayoral election?,will-andrew-cuomo-win-the-2025-nyc-mayoral-election,https://polymarket-upload.s3.us-east-2.amazonaws.com/will-andrew-cuomo-win-the-2025-nyc-mayoral-election-CFbNR1wG_T2X.jpg,new-york-city-mayoral-election,No,1,debased,Broken-Dogwood,"no crazy war, yes peace",https://polymarket-upload.s3.us-east-2.amazonaws.com/trump_farmer_b64c6dcd-13e2-4dda-b1c2-0fb46389fb22_1743074825403.png,,0x6bf7fbb637d9afaf3c3baf26b12aac6e3d1d6c6aa2ba9b12492b25e3197866e7,2025-11-04 21:41:25+00:00,21101.4584,No,2025-11-05 05:56:23+00:00,8.249444444444444,0.999000001,0.059000001000000024
0x63d43bbb87f85af03b8f2f9e2fad7b54334fa2f1,BUY,104468181147316868388088006861839293041095272602974154655578369735976654024471,0xc40cbb2d7f5d2c43c624bd5b1d0b18cd3d0682b3937363ec7c1ad1d13bee107e,8010.0,0.94,1762292473,Will Andrew Cuomo win the 2025 NYC mayoral election?,will-andrew-cuomo-win-the-2025-nyc-mayoral-election,https://polymarket-upload.s3.us-east-2.amazonaws.com/will-andrew-cuomo-win-the-2025-nyc-mayoral-election-CFbNR1wG_T2X.jpg,new-york-city-mayoral-election,No,1,wokerjoesleeper,Vivid-Macrofauna,,,,0xf997c0498c46c1ad582f73dbdd25203290bb62625796f09c76fee4292a0807bb,2025-11-04 21:41:13+00:00,7529.4,No,2025-11-05 05:56:23+00:00,8.252777777777778,0.999000001,0.059000001000000024
0x63d43bbb87f85af03b8f2f9e2fad7b54334fa2f1,BUY,104468181147316868388088006861839293041095272602974154655578369735976654024471,0xc40cbb2d7f5d2c43c624bd5b1d0b18cd3d0682b3937363ec7c1ad1d13bee107e,2000.0,0.945,1762292403,Will Andrew Cuomo win the 2025 NYC mayoral election?,will-andrew-cuomo-win-the-2025-nyc-mayoral-election,https://polymarket-upload.s3.us-east-2.amazonaws.com/will-andrew-cuomo-win-the-2025-nyc-mayoral-election-CFbNR1wG_T2X.jpg,new-york-city-mayoral-election,No,1,wokerjoesleeper,Vivid-Macrofauna,,,,0x1befa99d1df48ca2e68127355f880a2372dd7532e2958fe95190a32277a08376,2025-11-04 21:40:03+00:00,1890.0,No,2025-11-05 05:56:23+00:00,8.272222222222222,0.999000001,0.05400000100000002
0xb48b9192dc52eed724fa58c66fa8926d06a3648e,BUY,104468181147316868388088006861839293041095272602974154655578369735976654024471,0xc40cbb2d7f5d2c43c624bd5b1d0b18cd3d0682b3937363ec7c1ad1d13bee107e,2095.8,0.945,1762292133,Will Andrew Cuomo win the 2025 NYC mayoral election?,will-andrew-cuomo-win-the-2025-nyc-mayoral-election,https://polymarket-upload.s3.us-east-2.amazonaws.com/will-andrew-cuomo-win-the-2025-nyc-mayoral-election-CFbNR1wG_T2X.jpg,new-york-city-mayoral-election,No,1,Cookedtan,Icky-Tide,6650,https://polymarket-upload.s3.us-east-2.amazonaws.com/profile-image-2799922-15b860f4-0011-4c70-8833-f11d9f457b01.jpeg,,0x45d5a65f19156954506fedf9a48b883a661b87375b246d6446167397f7e85f8e,2025-11-04 21:35:33+00:00,1980.5310000000002,No,2025-11-05 05:56:23+00:00,8.347222222222221,0.999000001,0.05400000100000002
0x3f7aee8f1fafcd873343105b24f83f3f98a9248e,BUY,104468181147316868388088006861839293041095272602974154655578369735976654024471,0xc40cbb2d7f5d2c43c624bd5b1d0b18cd3d0682b3937363ec7c1ad1d13bee107e,1220.0,0.945,1762292073,Will Andrew Cuomo win the 2025 NYC mayoral election?,will-andrew-cuomo-win-the-2025-nyc-mayoral-election,https://polymarket-upload.s3.us-east-2.amazonaws.com/will-andrew-cuomo-win-the-2025-nyc-mayoral-election-CFbNR1wG_T2X.jpg,new-york-city-mayoral-election,No,1,costcostaff01,Cool-Spread,,,,0x02cf08ad089665eb529235303f3d3731744787d662d31c4b5185eacf1b917d5d,2025-11-04 21:34:33+00:00,1152.8999999999999,No,2025-11-05 05:56:23+00:00,8.363888888888889,0.999000001,0.05400000100000002
0x63d43bbb87f85af03b8f2f9e2fad7b54334fa2f1,BUY,104468181147316868388088006861839293041095272602974154655578369735976654024471,0xc40cbb2d7f5d2c43c624bd5b1d0b18cd3d0682b3937363ec7c1ad1d13bee107e,5134.02,0.943,1762292067,Will Andrew Cuomo win the 2025 NYC mayoral election?,will-andrew-cuomo-win-the-2025-nyc-mayoral-election,https://polymarket-upload.s3.us-east-2.amazonaws.com/will-andrew-cuomo-win-the-2025-nyc-mayoral-election-CFbNR1wG_T2X.jpg,new-york-city-mayoral-election,No,1,wokerjoesleeper,Vivid-Macrofauna,,,,0x3029cefc2c182fa2ca08462d51c41bcc80a98b27a9e16a4ed93649af8e6750ab,2025-11-04 21:34:27+00:00,4841.38086,No,2025-11-05 05:56:23+00:00,8.365555555555556,0.999000001,0.05600000100000002
0x3f7aee8f1fafcd873343105b24f83f3f98a9248e,BUY,104468181147316868388088006861839293041095272602974154655578369735976654024471,0xc40cbb2d7f5d2c43c624bd5b1d0b18cd3d0682b3937363ec7c1ad1d13bee107e,1166.0,0.943,1762292021,Will Andrew Cuomo win the 2025 NYC mayoral election?,will-andrew-cuomo-win-the-2025-nyc-mayoral-election,https://polymarket-upload.s3.us-east-2.amazonaws.com/will-andrew-cuomo-win-the-2025-nyc-mayoral-election-CFbNR1wG_T2X.jpg,new-york-city-mayoral-election,No,1,costcostaff01,Cool-Spread,,,,0xf6f4bb051c21217e862a1a79965a764251ad85785f5327cc5369057b665e2a83,2025-11-04 21:33:41+00:00,1099.538,No,2025-11-05 05:56:23+00:00,8.378333333333334,0.999000001,0.05600000100000002
0x3f7aee8f1fafcd873343105b24f83f3f98a9248e,BUY,104468181147316868388088006861839293041095272602974154655578369735976654024471,0xc40cbb2d7f5d2c43c624bd5b1d0b18cd3d0682b3937363ec7c1ad1d13bee107e,3357.0,0.943,1762292015,Will Andrew Cuomo win the 2025 NYC mayoral election?,will-andrew-cuomo-win-the-2025-nyc-mayoral-election,https://polymarket-upload.s3.us-east-2.amazonaws.com/will-andrew-cuomo-win-the-2025-nyc-mayoral-election-CFbNR1wG_T2X.jpg,new-york-city-mayoral-election,No,1,costcostaff01,Cool-Spread,,,,0xb3790e9e7339ccf4f7c56bca35897ac386b7c7415cfa1252a91218adfea673d4,2025-11-04 21:33:35+00:00,3165.651,No,2025-11-05 05:56:23+00:00,8.38,0.999000001,0.05600000100000002
0x63d43bbb87f85af03b8f2f9e2fad7b54334fa2f1,BUY,104468181147316868388088006861839293041095272602974154655578369735976654024471,0xc40cbb2d7f5d2c43c624bd5b1d0b18cd3d0682b3937363ec7c1ad1d13bee107e,1995.78,0.943,1762291941,Will Andrew Cuomo win the 2025 NYC mayoral election?,will-andrew-cuomo-win-the-2025-nyc-mayoral-election,https://polymarket-upload.s3.us-east-2.amazonaws.com/will-andrew-cuomo-win-the-2025-nyc-mayoral-election-CFbNR1wG_T2X.jpg,new-york-city-mayoral-election,No,1,wokerjoesleeper,Vivid-Macrofauna,,,,0xccc5c2437e06949fbb192b9abe6f601e6d5a4247cab901436d69c893479ae3fc,2025-11-04 21:32:21+00:00,1882.02054,No,2025-11-05 05:56:23+00:00,8.400555555555556,0.999000001,0.05600000100000002
0x3f7aee8f1fafcd873343105b24f83f3f98a9248e,BUY,104468181147316868388088006861839293041095272602974154655578369735976654024471,0xc40cbb2d7f5d2c43c624bd5b1d0b18cd3d0682b3937363ec7c1ad1d13bee107e,1118.0,0.943,1762291935,Will Andrew Cuomo win the 2025 NYC mayoral election?,will-andrew-cuomo-win-the-2025-nyc-mayoral-election,https://polymarket-upload.s3.us-east-2.amazonaws.com/will-andrew-cuomo-win-the-2025-nyc-mayoral-election-CFbNR1wG_T2X.jpg,new-york-city-mayoral-election,No,1,costcostaff01,Cool-Spread,,,,0xa45eba12a2b87c57e03cdf5891ae390bc11866b16187a996667a00a166a43c76,2025-11-04 21:32:15+00:00,1054.274,No,2025-11-05 05:56:23+00:00,8.402222222222223,0.999000001,0.05600000100000002
0x63d43bbb87f85af03b8f2f9e2fad7b54334fa2f1,BUY,104468181147316868388088006861839293041095272602974154655578369735976654024471,0xc40cbb2d7f5d2c43c624bd5b1d0b18cd3d0682b3937363ec7c1ad1d13bee107e,1214.66,0.947,1762291847,Will Andrew Cuomo win the 2025 NYC mayoral election?,will-andrew-cuomo-win-the-2025-nyc-mayoral-election,https://polymarket-upload.s3.us-east-2.amazonaws.com/will-andrew-cuomo-win-the-2025-nyc-mayoral-election-CFbNR1wG_T2X.jpg,new-york-city-mayoral-election,No,1,wokerjoesleeper,Vivid-Macrofauna,,,,0xe6b200a7273af4575fae09152e495cf7b3aa963fc749df6ac5640902280f3895,2025-11-04 21:30:47+00:00,1150.28302,No,2025-11-05 05:56:23+00:00,8.426666666666666,0.999000001,0.05200000100000002
0x3f7aee8f1fafcd873343105b24f83f3f98a9248e,BUY,104468181147316868388088006861839293041095272602974154655578369735976654024471,0xc40cbb2d7f5d2c43c624bd5b1d0b18cd3d0682b3937363ec7c1ad1d13bee107e,1856.0,0.946,1762291823,Will Andrew Cuomo win the 2025 NYC mayoral election?,will-andrew-cuomo-win-the-2025-nyc-mayoral-election,https://polymarket-upload.s3.us-east-2.amazonaws.com/will-andrew-cuomo-win-the-2025-nyc-mayoral-election-CFbNR1wG_T2X.jpg,new-york-city-mayoral-election,No,1,costcostaff01,Cool-Spread,,,,0x18a4995fce144a61ea93433d1cb11f821441c70c85679ccaf9ed96dec1f53e56,2025-11-04 21:30:23+00:00,1755.7759999999998,No,2025-11-05 05:56:23+00:00,8.433333333333334,0.999000001,0.05300000100000002
0x3f7aee8f1fafcd873343105b24f83f3f98a9248e,BUY,104468181147316868388088006861839293041095272602974154655578369735976654024471,0xc40cbb2d7f5d2c43c624bd5b1d0b18cd3d0682b3937363ec7c1ad1d13bee107e,1856.0,0.946,1762291815,Will Andrew Cuomo win the 2025 NYC mayoral election?,will-andrew-cuomo-win-the-2025-nyc-mayoral-election,https://polymarket-upload.s3.us-east-2.amazonaws.com/will-andrew-cuomo-win-the-2025-nyc-mayoral-election-CFbNR1wG_T2X.jpg,new-york-city-mayoral-election,No,1,costcostaff01,Cool-Spread,,,,0x79e06e6e3ca4b1cd08d9048036d74014cd0e2e19e1f4dfdd42a1b58cab3f1d0b,2025-11-04 21:30:15+00:00,1755.7759999999998,No,2025-11-05 05:56:23+00:00,8.435555555555556,0.999000001,0.05300000100000002
0x3f7aee8f1fafcd873343105b24f83f3f98a9248e,BUY,104468181147316868388088006861839293041095272602974154655578369735976654024471,0xc40cbb2d7f5d2c43c624bd5b1d0b18cd3d0682b3937363ec7c1ad1d13bee107e,2134.0,0.947,1762291759,Will Andrew Cuomo win the 2025 NYC mayoral election?,will-andrew-cuomo-win-the-2025-nyc-mayoral-election,https://polymarket-upload.s3.us-east-2.amazonaws.com/will-andrew-cuomo-win-the-2025-nyc-mayoral-election-CFbNR1wG_T2X.jpg,new-york-city-mayoral-election,No,1,costcostaff01,Cool-Spread,,,,0xbde5a9b057114a4ec1bc64ea1863a11e7a6c1be5d8ff10d0a820c1c0a82584e9,2025-11-04 21:29:19+00:00,2020.898,No,2025-11-05 05:56:23+00:00,8.45111111111111,0.999000001,0.05200000100000002
0x3f7aee8f1fafcd873343105b24f83f3f98a9248e,BUY,104468181147316868388088006861839293041095272602974154655578369735976654024471,0xc40cbb2d7f5d2c43c624bd5b1d0b18cd3d0682b3937363ec7c1ad1d13bee107e,3065.0,0.947,1762291753,Will Andrew Cuomo win the 2025 NYC mayoral election?,will-andrew-cuomo-win-the-2025-nyc-mayoral-election,https://polymarket-upload.s3.us-east-2.amazonaws.com/will-andrew-cuomo-win-the-2025-nyc-mayoral-election-CFbNR1wG_T2X.jpg,new-york-city-mayoral-election,No,1,costcostaff01,Cool-Spread,,,,0x30fe4c06a04e3e51e1fba22f9e8b4289035410d81685c1994ef740ecc7824080,2025-11-04 21:29:13+00:00,2902.555,No,2025-11-05 05:56:23+00:00,8.452777777777778,0.999000001,0.05200000100000002
0x3f7aee8f1fafcd873343105b24f83f3f98a9248e,BUY,104468181147316868388088006861839293041095272602974154655578369735976654024471,0xc40cbb2d7f5d2c43c624bd5b1d0b18cd3d0682b3937363ec7c1ad1d13bee107e,2445.0,0.942,1762288791,Will Andrew Cuomo win the 2025 NYC mayoral election?,will-andrew-cuomo-win-the-2025-nyc-mayoral-election,https://polymarket-upload.s3.us-east-2.amazonaws.com/will-andrew-cuomo-win-the-2025-nyc-mayoral-election-CFbNR1wG_T2X.jpg,new-york-city-mayoral-election,No,1,costcostaff01,Cool-Spread,,,,0x235084c4e3cbc3ed86550c1c812a9d529b9ea355494a2fd366feab934f01643b,2025-11-04 20:39:51+00:00,2303.19,No,2025-11-05 05:56:23+00:00,9.275555555555556,0.999000001,0.05700000100000002
0x3f7aee8f1fafcd873343105b24f83f3f98a9248e,BUY,104468181147316868388088006861839293041095272602974154655578369735976654024471,0xc40cbb2d7f5d2c43c624bd5b1d0b18cd3d0682b3937363ec7c1ad1d13bee107e,3582.0,0.942,1762288785,Will Andrew Cuomo win the 2025 NYC mayoral election?,will-andrew-cuomo-win-the-2025-nyc-mayoral-election,https://polymarket-upload.s3.us-east-2.amazonaws.com/will-andrew-cuomo-win-the-2025-nyc-mayoral-election-CFbNR1wG_T2X.jpg,new-york-city-mayoral-election,No,1,costcostaff01,Cool-Spread,,,,0xf044827a02d602376eff120fd7f117b0dc1768c55a5632b4ed6e1d6589cc4c50,2025-11-04 20:39:45+00:00,3374.2439999999997,No,2025-11-05 05:56:23+00:00,9.277222222222223,0.999000001,0.05700000100000002
0x3f7aee8f1fafcd873343105b24f83f3f98a9248e,BUY,104468181147316868388088006861839293041095272602974154655578369735976654024471,0xc40cbb2d7f5d2c43c624bd5b1d0b18cd3d0682b3937363ec7c1ad1d13bee107e,1303.0,0.941,1762287271,Will Andrew Cuomo win the 2025 NYC mayoral election?,will-andrew-cuomo-win-the-2025-nyc-mayoral-election,https://polymarket-upload.s3.us-east-2.amazonaws.com/will-andrew-cuomo-win-the-2025-nyc-mayoral-election-CFbNR1wG_T2X.jpg,new-york-city-mayoral-election,No,1,costcostaff01,Cool-Spread,,,,0x85b1b6006b0f6dce36cfda6d90dd04a0568283738540208ca6cd44a18f47ccb7,2025-11-04 20:14:31+00:00,1226.1229999999998,No,2025-11-05 05:56:23+00:00,9.697777777777778,0.999,0.05800000000000005
0x3f7aee8f1fafcd873343105b24f83f3f98a9248e,BUY,104468181147316868388088006861839293041095272602974154655578369735976654024471,0xc40cbb2d7f5d2c43c624bd5b1d0b18cd3d0682b3937363ec7c1ad1d13bee107e,1917.0,0.941,1762287265,Will Andrew Cuomo win the 2025 NYC mayoral election?,will-andrew-cuomo-win-the-2025-nyc-mayoral-election,https://polymarket-upload.s3.us-east-2.amazonaws.com/will-andrew-cuomo-win-the-2025-nyc-mayoral-election-CFbNR1wG_T2X.jpg,new-york-city-mayoral-election,No,1,costcostaff01,Cool-Spread,,,,0x8c615ed0331c62537bf9aa28ee5e70fa26e2699d64f9953132b5f4021a61579e,2025-11-04 20:14:25+00:00,1803.897,No,2025-11-05 05:56:23+00:00,9.699444444444444,0.999,0.05800000000000005
0x3f7aee8f1fafcd873343105b24f83f3f98a9248e,BUY,104468181147316868388088006861839293041095272602974154655578369735976654024471,0xc40cbb2d7f5d2c43c624bd5b1d0b18cd3d0682b3937363ec7c1ad1d13bee107e,2739.0,0.941,1762287259,Will Andrew Cuomo win the 2025 NYC mayoral election?,will-andrew-cuomo-win-the-2025-nyc-mayoral-election,https://polymarket-upload.s3.us-east-2.amazonaws.com/will-andrew-cuomo-win-the-2025-nyc-mayoral-election-CFbNR1wG_T2X.jpg,new-york-city-mayoral-election,No,1,costcostaff01,Cool-Spread,,,,0x3243e8bffe116f41979c7d42eaf1c805f46f87aa7cdcf4c126d3e4700772ced1,2025-11-04 20:14:19+00:00,2577.399,No,2025-11-05 05:56:23+00:00,9.70111111111111,0.999,0.05800000000000005
0x63d43bbb87f85af03b8f2f9e2fad7b54334fa2f1,BUY,104468181147316868388088006861839293041095272602974154655578369735976654024471,0xc40cbb2d7f5d2c43c624bd5b1d0b18cd3d0682b3937363ec7c1ad1d13bee107e,3454.55,0.941,1762287257,Will Andrew Cuomo win the 2025 NYC mayoral election?,will-andrew-cuomo-win-the-2025-nyc-mayoral-election,https://polymarket-upload.s3.us-east-2.amazonaws.com/will-andrew-cuomo-win-the-2025-nyc-mayoral-election-CFbNR1wG_T2X.jpg,new-york-city-mayoral-election,No,1,wokerjoesleeper,Vivid-Macrofauna,,,,0x3834d96073ee79154d7008675dbeefad169b5dc4ae4c8dabbe3519ef534c3907,2025-11-04 20:14:17+00:00,3250.73155,No,2025-11-05 05:56:23+00:00,9.701666666666666,0.999,0.05800000000000005
0x63d43bbb87f85af03b8f2f9e2fad7b54334fa2f1,BUY,104468181147316868388088006861839293041095272602974154655578369735976654024471,0xc40cbb2d7f5d2c43c624bd5b1d0b18cd3d0682b3937363ec7c1ad1d13bee107e,7097.13,0.944,1762286941,Will Andrew Cuomo win the 2025 NYC mayoral election?,will-andrew-cuomo-win-the-2025-nyc-mayoral-election,https://polymarket-upload.s3.us-east-2.amazonaws.com/will-andrew-cuomo-win-the-2025-nyc-mayoral-election-CFbNR1wG_T2X.jpg,new-york-city-mayoral-election,No,1,wokerjoesleeper,Vivid-Macrofauna,,,,0x50c96dbac70d9fb7dbf07d15321393c38957dcb8c2aab8f2f17699854b425dec,2025-11-04 20:09:01+00:00,6699.69072,No,2025-11-05 05:56:23+00:00,9.789444444444445,0.999,0.05500000000000005
0xb48b9192dc52eed724fa58c66fa8926d06a3648e,BUY,104468181147316868388088006861839293041095272602974154655578369735976654024471,0xc40cbb2d7f5d2c43c624bd5b1d0b18cd3d0682b3937363ec7c1ad1d13bee107e,3434.65,0.946733015,1762286935,Will Andrew Cuomo win the 2025 NYC mayoral election?,will-andrew-cuomo-win-the-2025-nyc-mayoral-election,https://polymarket-upload.s3.us-east-2.amazonaws.com/will-andrew-cuomo-win-the-2025-nyc-mayoral-election-CFbNR1wG_T2X.jpg,new-york-city-mayoral-election,No,1,Cookedtan,Icky-Tide,6650,https://polymarket-upload.s3.us-east-2.amazonaws.com/profile-image-2799922-15b860f4-0011-4c70-8833-f11d9f457b01.jpeg,,0x95b11ce9130662cce92e1280efc48cf2942854fc173ffde4b805227cd6c8e160,2025-11-04 20:08:55+00:00,3251.69654996975,No,2025-11-05 05:56:23+00:00,9.79111111111111,0.999,0.052266985000000044
0x3f7aee8f1fafcd873343105b24f83f3f98a9248e,BUY,104468181147316868388088006861839293041095272602974154655578369735976654024471,0xc40cbb2d7f5d2c43c624bd5b1d0b18cd3d0682b3937363ec7c1ad1d13bee107e,1279.0,0.947,1762286529,Will Andrew Cuomo win the 2025 NYC mayoral election?,will-andrew-cuomo-win-the-2025-nyc-mayoral-election,https://polymarket-upload.s3.us-east-2.amazonaws.com/will-andrew-cuomo-win-the-2025-nyc-mayoral-election-CFbNR1wG_T2X.jpg,new-york-city-mayoral-election,No,1,costcostaff01,Cool-Spread,,,,0x938910732339fc69917118be9daa8d1b512482333e6dda18dd7719c11732c778,2025-11-04 20:02:09+00:00,1211.213,No,2025-11-05 05:56:23+00:00,9.903888888888888,0.9779999998,0.03099999980000001
0x63d43bbb87f85af03b8f2f9e2fad7b54334fa2f1,BUY,104468181147316868388088006861839293041095272602974154655578369735976654024471,0xc40cbb2d7f5d2c43c624bd5b1d0b18cd3d0682b3937363ec7c1ad1d13bee107e,1770.0,0.943,1762283665,Will Andrew Cuomo win the 2025 NYC mayoral election?,will-andrew-cuomo-win-the-2025-nyc-mayoral-election,https://polymarket-upload.s3.us-east-2.amazonaws.com/will-andrew-cuomo-win-the-2025-nyc-mayoral-election-CFbNR1wG_T2X.jpg,new-york-city-mayoral-election,No,1,wokerjoesleeper,Vivid-Macrofauna,,,,0x3eed139f0b96f87bc8fc55942dae6a2d6333de59fc2920a75409b9ef4c68d176,2025-11-04 19:14:25+00:00,1669.11,No,2025-11-05 05:56:23+00:00,10.699444444444444,0.964,0.02100000000000002
0xe8dd7741ccb12350957ec71e9ee332e0d1e6ec86,BUY,104468181147316868388088006861839293041095272602974154655578369735976654024471,0xc40cbb2d7f5d2c43c624bd5b1d0b18cd3d0682b3937363ec7c1ad1d13bee107e,1657.997339,0.946997895,1762282345,Will Andrew Cuomo win the 2025 NYC mayoral election?,will-andrew-cuomo-win-the-2025-nyc-mayoral-election,https://polymarket-upload.s3.us-east-2.amazonaws.com/will-andrew-cuomo-win-the-2025-nyc-mayoral-election-CFbNR1wG_T2X.jpg,new-york-city-mayoral-election,No,1,influenz.eth,Real-Veteran,,,,0x520dd033f8e443b04400935c060c6d5e449c600c2ea68ed6e16bbfd87adc2d5f,2025-11-04 18:52:25+00:00,1570.1199899486014,No,2025-11-05 05:56:23+00:00,11.06611111111111,0.964,0.01700210499999999
0xd218e474776403a330142299f7796e8ba32eb5c9,BUY,104468181147316868388088006861839293041095272602974154655578369735976654024471,0xc40cbb2d7f5d2c43c624bd5b1d0b18cd3d0682b3937363ec7c1ad1d13bee107e,1900.0,0.9470068421,1762281153,Will Andrew Cuomo win the 2025 NYC mayoral election?,will-andrew-cuomo-win-the-2025-nyc-mayoral-election,https://polymarket-upload.s3.us-east-2.amazonaws.com/will-andrew-cuomo-win-the-2025-nyc-mayoral-election-CFbNR1wG_T2X.jpg,new-york-city-mayoral-election,No,1,cigarettes,Attentive-Crewman,broken grid,,,0x817f972d13fe0a6095484f2afbe5c2d7530ef044f1ad3ec65e9395e9948ce5e5,2025-11-04 18:32:33+00:00,1799.31299999,No,2025-11-05 05:56:23+00:00,11.397222222222222,0.964,0.0169931579
0x63d43bbb87f85af03b8f2f9e2fad7b54334fa2f1,BUY,104468181147316868388088006861839293041095272602974154655578369735976654024471,0xc40cbb2d7f5d2c43c624bd5b1d0b18cd3d0682b3937363ec7c1ad1d13bee107e,1917.0,0.947,1762281153,Will Andrew Cuomo win the 2025 NYC mayoral election?,will-andrew-cuomo-win-the-2025-nyc-mayoral-election,https://polymarket-upload.s3.us-east-2.amazonaws.com/will-andrew-cuomo-win-the-2025-nyc-mayoral-election-CFbNR1wG_T2X.jpg,new-york-city-mayoral-election,No,1,wokerjoesleeper,Vivid-Macrofauna,,,,0x9e5487673e955c4b71089b1eb3f17b66205f966608f2a42696058eec3a1db845,2025-11-04 18:32:33+00:00,1815.399,No,2025-11-05 05:56:23+00:00,11.397222222222222,0.964,0.017000000000000015
0xe8dd7741ccb12350957ec71e9ee332e0d1e6ec86,BUY,104468181147316868388088006861839293041095272602974154655578369735976654024471,0xc40cbb2d7f5d2c43c624bd5b1d0b18cd3d0682b3937363ec7c1ad1d13bee107e,1081.7405,0.948,1762281151,Will Andrew Cuomo win the 2025 NYC mayoral election?,will-andrew-cuomo-win-the-2025-nyc-mayoral-election,https://polymarket-upload.s3.us-east-2.amazonaws.com/will-andrew-cuomo-win-the-2025-nyc-mayoral-election-CFbNR1wG_T2X.jpg,new-york-city-mayoral-election,No,1,influenz.eth,Real-Veteran,,,,0xb7ce564abc8bb5525fd3f351eeccf094d80b6e9b560c912603dac3ab81add955,2025-11-04 18:32:31+00:00,1025.489994,No,2025-11-05 05:56:23+00:00,11.397777777777778,0.964,0.016000000000000014
0xd218e474776403a330142299f7796e8ba32eb5c9,BUY,104468181147316868388088006861839293041095272602974154655578369735976654024471,0xc40cbb2d7f5d2c43c624bd5b1d0b18cd3d0682b3937363ec7c1ad1d13bee107e,2320.0,0.945,1762281087,Will Andrew Cuomo win the 2025 NYC mayoral election?,will-andrew-cuomo-win-the-2025-nyc-mayoral-election,https://polymarket-upload.s3.us-east-2.amazonaws.com/will-andrew-cuomo-win-the-2025-nyc-mayoral-election-CFbNR1wG_T2X.jpg,new-york-city-mayoral-election,No,1,cigarettes,Attentive-Crewman,broken grid,,,0x68aa0ca0c4ff1942898b5dc9dfda6666973ec09a97fc5dd88fd6edfec232afac,2025-11-04 18:31:27+00:00,2192.4,No,2025-11-05 05:56:23+00:00,11.415555555555555,0.964,0.019000000000000017
0xd218e474776403a330142299f7796e8ba32eb5c9,BUY,104468181147316868388088006861839293041095272602974154655578369735976654024471,0xc40cbb2d7f5d2c43c624bd5b1d0b18cd3d0682b3937363ec7c1ad1d13bee107e,1460.0,0.946,1762280331,Will Andrew Cuomo win the 2025 NYC mayoral election?,will-andrew-cuomo-win-the-2025-nyc-mayoral-election,https://polymarket-upload.s3.us-east-2.amazonaws.com/will-andrew-cuomo-win-the-2025-nyc-mayoral-election-CFbNR1wG_T2X.jpg,new-york-city-mayoral-election,No,1,cigarettes,Attentive-Crewman,broken grid,,,0x4d3b12472028705145cf9adb30c991dc026b76cf180b47f0e8313eb3ad17f230,2025-11-04 18:18:51+00:00,1381.1599999999999,No,2025-11-05 05:56:23+00:00,11.625555555555556,0.964,0.018000000000000016
0x63d43bbb87f85af03b8f2f9e2fad7b54334fa2f1,BUY,104468181147316868388088006861839293041095272602974154655578369735976654024471,0xc40cbb2d7f5d2c43c624bd5b1d0b18cd3d0682b3937363ec7c1ad1d13bee107e,2000.0,0.946,1762280045,Will Andrew Cuomo win the 2025 NYC mayoral election?,will-andrew-cuomo-win-the-2025-nyc-mayoral-election,https://polymarket-upload.s3.us-east-2.amazonaws.com/will-andrew-cuomo-win-the-2025-nyc-mayoral-election-CFbNR1wG_T2X.jpg,new-york-city-mayoral-election,No,1,wokerjoesleeper,Vivid-Macrofauna,,,,0x10666ee090c642cb14cee7342d6f2fbac361d50f5afbe59d3f858c5ad6465394,2025-11-04 18:14:05+00:00,1892.0,No,2025-11-05 05:56:23+00:00,11.705,0.964,0.018000000000000016
0xe8dd7741ccb12350957ec71e9ee332e0d1e6ec86,BUY,104468181147316868388088006861839293041095272602974154655578369735976654024471,0xc40cbb2d7f5d2c43c624bd5b1d0b18cd3d0682b3937363ec7c1ad1d13bee107e,3500.0,0.946,1762280045,Will Andrew Cuomo win the 2025 NYC mayoral election?,will-andrew-cuomo-win-the-2025-nyc-mayoral-election,https://polymarket-upload.s3.us-east-2.amazonaws.com/will-andrew-cuomo-win-the-2025-nyc-mayoral-election-CFbNR1wG_T2X.jpg,new-york-city-mayoral-election,No,1,influenz.eth,Real-Veteran,,,,0x79f760e1709c960f5b358f1e78d4c1c4a55b91e76f00e91db79703427f9922e5,2025-11-04 18:14:05+00:00,3311.0,No,2025-11-05 05:56:23+00:00,11.705,0.964,0.018000000000000016
0x63d43bbb87f85af03b8f2f9e2fad7b54334fa2f1,BUY,104468181147316868388088006861839293041095272602974154655578369735976654024471,0xc40cbb2d7f5d2c43c624bd5b1d0b18cd3d0682b3937363ec7c1ad1d13bee107e,1068.27,0.945,1762279711,Will Andrew Cuomo win the 2025 NYC mayoral election?,will-andrew-cuomo-win-the-2025-nyc-mayoral-election,https://polymarket-upload.s3.us-east-2.amazonaws.com/will-andrew-cuomo-win-the-2025-nyc-mayoral-election-CFbNR1wG_T2X.jpg,new-york-city-mayoral-election,No,1,wokerjoesleeper,Vivid-Macrofauna,,,,0x4271336d52dba6a8ed1029be9a05998f3463080224ed27322f79190c7c66d37a,2025-11-04 18:08:31+00:00,1009.51515,No,2025-11-05 05:56:23+00:00,11.797777777777778,0.964,0.019000000000000017
0x12d6cccfc7470a3f4bafc53599a4779cbf2cf2a8,BUY,104468181147316868388088006861839293041095272602974154655578369735976654024471,0xc40cbb2d7f5d2c43c624bd5b1d0b18cd3d0682b3937363ec7c1ad1d13bee107e,1655.74,0.945,1762279553,Will Andrew Cuomo win the 2025 NYC mayoral election?,will-andrew-cuomo-win-the-2025-nyc-mayoral-election,https://polymarket-upload.s3.us-east-2.amazonaws.com/will-andrew-cuomo-win-the-2025-nyc-mayoral-election-CFbNR1wG_T2X.jpg,new-york-city-mayoral-election,No,1,classified,Personal-Bake,REDACTED,https://polymarket-upload.s3.us-east-2.amazonaws.com/profile-image-2637613-f573f7f0-53b7-4a8d-b884-fec7b37d1b7d.png,,0x58dce68c0f6dd8a7daabfd76d5a9b3ce8a6c4b4b1f0c4f32dff452b346f51973,2025-11-04 18:05:53+00:00,1564.6743,No,2025-11-05 05:56:23+00:00,11.841666666666667,0.9614850135,0.01648501350000009
0x63d43bbb87f85af03b8f2f9e2fad7b54334fa2f1,BUY,104468181147316868388088006861839293041095272602974154655578369735976654024471,0xc40cbb2d7f5d2c43c624bd5b1d0b18cd3d0682b3937363ec7c1ad1d13bee107e,2383.17,0.944,1762279543,Will Andrew Cuomo win the 2025 NYC mayoral election?,will-andrew-cuomo-win-the-2025-nyc-mayoral-election,https://polymarket-upload.s3.us-east-2.amazonaws.com/will-andrew-cuomo-win-the-2025-nyc-mayoral-election-CFbNR1wG_T2X.jpg,new-york-city-mayoral-election,No,1,wokerjoesleeper,Vivid-Macrofauna,,,,0x5174a6bf65685a88e4f0531a9175ff2976daa68e27a32a9963e9916542496d57,2025-11-04 18:05:43+00:00,2249.71248,No,2025-11-05 05:56:23+00:00,11.844444444444445,0.9614850135,0.01748501350000009
0xe8dd7741ccb12350957ec71e9ee332e0d1e6ec86,BUY,104468181147316868388088006861839293041095272602974154655578369735976654024471,0xc40cbb2d7f5d2c43c624bd5b1d0b18cd3d0682b3937363ec7c1ad1d13bee107e,1724.004232,0.944,1762279525,Will Andrew Cuomo win the 2025 NYC mayoral election?,will-andrew-cuomo-win-the-2025-nyc-mayoral-election,https://polymarket-upload.s3.us-east-2.amazonaws.com/will-andrew-cuomo-win-the-2025-nyc-mayoral-election-CFbNR1wG_T2X.jpg,new-york-city-mayoral-election,No,1,influenz.eth,Real-Veteran,,,,0x8da65cf90a0070812a30d4e4d3a0657a1b93967cddb55accd283d68cec7cdb70,2025-11-04 18:05:25+00:00,1627.4599950079999,No,2025-11-05 05:56:23+00:00,11.849444444444444,0.9614850135,0.01748501350000009
0xd218e474776403a330142299f7796e8ba32eb5c9,BUY,104468181147316868388088006861839293041095272602974154655578369735976654024471,0xc40cbb2d7f5d2c43c624bd5b1d0b18cd3d0682b3937363ec7c1ad1d13bee107e,19960.0,0.9430701528,1762279519,Will Andrew Cuomo win the 2025 NYC mayoral election?,will-andrew-cuomo-win-the-2025-nyc-mayoral-election,https://polymarket-upload.s3.us-east-2.amazonaws.com/will-andrew-cuomo-win-the-2025-nyc-mayoral-election-CFbNR1wG_T2X.jpg,new-york-city-mayoral-election,No,1,cigarettes,Attentive-Crewman,broken grid,,,0x09d5d0e1a0e1124733ec7297f2d929fe231d956f2f04d80ee03e5536f1072531,2025-11-04 18:05:19+00:00,18823.680249888,No,2025-11-05 05:56:23+00:00,11.851111111111111,0.9614850135,0.01841486070000009
0x3f7aee8f1fafcd873343105b24f83f3f98a9248e,BUY,104468181147316868388088006861839293041095272602974154655578369735976654024471,0xc40cbb2d7f5d2c43c624bd5b1d0b18cd3d0682b3937363ec7c1ad1d13bee107e,1229.0,0.94,1762279315,Will Andrew Cuomo win the 2025 NYC mayoral election?,will-andrew-cuomo-win-the-2025-nyc-mayoral-election,https://polymarket-upload.s3.us-east-2.amazonaws.com/will-andrew-cuomo-win-the-2025-nyc-mayoral-election-CFbNR1wG_T2X.jpg,new-york-city-mayoral-election,No,1,costcostaff01,Cool-Spread,,,,0x1fa02619a14db4688b5740f6a66766aec4e25e1f7ed6a2d1266cbf35059d88b9,2025-11-04 18:01:55+00:00,1155.26,No,2025-11-05 05:56:23+00:00,11.907777777777778,0.96,0.020000000000000018
0xe8dd7741ccb12350957ec71e9ee332e0d1e6ec86,BUY,104468181147316868388088006861839293041095272602974154655578369735976654024471,0xc40cbb2d7f5d2c43c624bd5b1d0b18cd3d0682b3937363ec7c1ad1d13bee107e,2004.67098,0.9269999998,1762278661,Will Andrew Cuomo win the 2025 NYC mayoral election?,will-andrew-cuomo-win-the-2025-nyc-mayoral-election,https://polymarket-upload.s3.us-east-2.amazonaws.com/will-andrew-cuomo-win-the-2025-nyc-mayoral-election-CFbNR1wG_T2X.jpg,new-york-city-mayoral-election,No,1,influenz.eth,Real-Veteran,,,,0xb93534fe020d67df3c5579b57e7d932b2d1d7240597afe1bbbb717ee60a4e6ee,2025-11-04 17:51:01+00:00,1858.329998059066,No,2025-11-05 05:56:23+00:00,12.089444444444444,0.958,0.031000000199999933
0xd218e474776403a330142299f7796e8ba32eb5c9,BUY,104468181147316868388088006861839293041095272602974154655578369735976654024471,0xc40cbb2d7f5d2c43c624bd5b1d0b18cd3d0682b3937363ec7c1ad1d13bee107e,1120.0,0.927,1762278661,Will Andrew Cuomo win the 2025 NYC mayoral election?,will-andrew-cuomo-win-the-2025-nyc-mayoral-election,https://polymarket-upload.s3.us-east-2.amazonaws.com/will-andrew-cuomo-win-the-2025-nyc-mayoral-election-CFbNR1wG_T2X.jpg,new-york-city-mayoral-election,No,1,cigarettes,Attentive-Crewman,broken grid,,,0x330d731cfdf5a61485133b383ffcab4aa2355c7c79a0deb0f68a525d26bd5f38,2025-11-04 17:51:01+00:00,1038.24,No,2025-11-05 05:56:23+00:00,12.089444444444444,0.958,0.030999999999999917
0xd218e474776403a330142299f7796e8ba32eb5c9,BUY,104468181147316868388088006861839293041095272602974154655578369735976654024471,0xc40cbb2d7f5d2c43c624bd5b1d0b18cd3d0682b3937363ec7c1ad1d13bee107e,1935.5,0.926,1762278431,Will Andrew Cuomo win the 2025 NYC mayoral election?,will-andrew-cuomo-win-the-2025-nyc-mayoral-election,https://polymarket-upload.s3.us-east-2.amazonaws.com/will-andrew-cuomo-win-the-2025-nyc-mayoral-election-CFbNR1wG_T2X.jpg,new-york-city-mayoral-election,No,1,cigarettes,Attentive-Crewman,broken grid,,,0x7a666086fe7c66c7bc8f124f33f9505357a3484f94d32f0d596b8a91f8a3a0ea,2025-11-04 17:47:11+00:00,1792.2730000000001,No,2025-11-05 05:56:23+00:00,12.153333333333334,0.956,0.029999999999999916
0x448861155279dbf833d041b963e3ac854599e319,BUY,104468181147316868388088006861839293041095272602974154655578369735976654024471,0xc40cbb2d7f5d2c43c624bd5b1d0b18cd3d0682b3937363ec7c1ad1d13bee107e,40957.95,0.925,1762278279,Will Andrew Cuomo win the 2025 NYC mayoral election?,will-andrew-cuomo-win-the-2025-nyc-mayoral-election,https://polymarket-upload.s3.us-east-2.amazonaws.com/will-andrew-cuomo-win-the-2025-nyc-mayoral-election-CFbNR1wG_T2X.jpg,new-york-city-mayoral-election,No,1,Flipadelphia,,High risk low reward,https://polymarket-upload.s3.us-east-2.amazonaws.com/profile-image-108046-a7cbec59-4bd4-4efc-8ade-4e81e102acb0.png,,0x89b00b8ddf76f7b358a4688ee1a0d9e59ca369f36d65d82cd63d56aec27abd15,2025-11-04 17:44:39+00:00,37886.10375,No,2025-11-05 05:56:23+00:00,12.195555555555556,0.953,0.027999999999999914
0xd218e474776403a330142299f7796e8ba32eb5c9,BUY,104468181147316868388088006861839293041095272602974154655578369735976654024471,0xc40cbb2d7f5d2c43c624bd5b1d0b18cd3d0682b3937363ec7c1ad1d13bee107e,5000.0,0.924,1762278197,Will Andrew Cuomo win the 2025 NYC mayoral election?,will-andrew-cuomo-win-the-2025-nyc-mayoral-election,https://polymarket-upload.s3.us-east-2.amazonaws.com/will-andrew-cuomo-win-the-2025-nyc-mayoral-election-CFbNR1wG_T2X.jpg,new-york-city-mayoral-election,No,1,cigarettes,Attentive-Crewman,broken grid,,,0xb95dbb963cb97759593e601130d1481ac93bd29fec98b1ae2929daada52fd605,2025-11-04 17:43:17+00:00,4620.0,No,2025-11-05 05:56:23+00:00,12.218333333333334,0.95,0.025999999999999912
0x3f7aee8f1fafcd873343105b24f83f3f98a9248e,BUY,104468181147316868388088006861839293041095272602974154655578369735976654024471,0xc40cbb2d7f5d2c43c624bd5b1d0b18cd3d0682b3937363ec7c1ad1d13bee107e,1281.0,0.925,1762276929,Will Andrew Cuomo win the 2025 NYC mayoral election?,will-andrew-cuomo-win-the-2025-nyc-mayoral-election,https://polymarket-upload.s3.us-east-2.amazonaws.com/will-andrew-cuomo-win-the-2025-nyc-mayoral-election-CFbNR1wG_T2X.jpg,new-york-city-mayoral-election,No,1,costcostaff01,Cool-Spread,,,,0x45fd19fea71c516edd7229f5e91b4c4d9bf7b3ef87361b9eab11af7a2740c220,2025-11-04 17:22:09+00:00,1184.925,No,2025-11-05 05:56:23+00:00,12.570555555555556,0.95,0.02499999999999991
0xd218e474776403a330142299f7796e8ba32eb5c9,BUY,104468181147316868388088006861839293041095272602974154655578369735976654024471,0xc40cbb2d7f5d2c43c624bd5b1d0b18cd3d0682b3937363ec7c1ad1d13bee107e,1340.0,0.926,1762276291,Will Andrew Cuomo win the 2025 NYC mayoral election?,will-andrew-cuomo-win-the-2025-nyc-mayoral-election,https://polymarket-upload.s3.us-east-2.amazonaws.com/will-andrew-cuomo-win-the-2025-nyc-mayoral-election-CFbNR1wG_T2X.jpg,new-york-city-mayoral-election,No,1,cigarettes,Attentive-Crewman,broken grid,,,0x19ba520438441952a1f4d7e3c9e645450f151670adbf47733ff2a2e391ec53c3,2025-11-04 17:11:31+00:00,1240.8400000000001,No,2025-11-05 05:56:23+00:00,12.747777777777777,0.95,0.02399999999999991
0x3f7aee8f1fafcd873343105b24f83f3f98a9248e,BUY,104468181147316868388088006861839293041095272602974154655578369735976654024471,0xc40cbb2d7f5d2c43c624bd5b1d0b18cd3d0682b3937363ec7c1ad1d13bee107e,1647.0,0.923,1762275441,Will Andrew Cuomo win the 2025 NYC mayoral election?,will-andrew-cuomo-win-the-2025-nyc-mayoral-election,https://polymarket-upload.s3.us-east-2.amazonaws.com/will-andrew-cuomo-win-the-2025-nyc-mayoral-election-CFbNR1wG_T2X.jpg,new-york-city-mayoral-election,No,1,costcostaff01,Cool-Spread,,,,0x70d92a061e35e047f8005b1aeadf0ea9219dd1e88713597b00421201f46bb4ae,2025-11-04 16:57:21+00:00,1520.181,No,2025-11-05 05:56:23+00:00,12.983888888888888,0.95,0.026999999999999913
0xc6dd722558dbfbd8fa780efcbe819ed8c6604b9f,BUY,104468181147316868388088006861839293041095272602974154655578369735976654024471,0xc40cbb2d7f5d2c43c624bd5b1d0b18cd3d0682b3937363ec7c1ad1d13bee107e,2603.24,0.922,1762270889,Will Andrew Cuomo win the 2025 NYC mayoral election?,will-andrew-cuomo-win-the-2025-nyc-mayoral-election,https://polymarket-upload.s3.us-east-2.amazonaws.com/will-andrew-cuomo-win-the-2025-nyc-mayoral-election-CFbNR1wG_T2X.jpg,new-york-city-mayoral-election,No,1,tourists,Trusting-Bungalow,Do you wanna go to Bali or Borneo,https://polymarket-upload.s3.us-east-2.amazonaws.com/profile-image-2909538-0895d69a-234c-409a-b0f4-ca4253ab5cb6.jpg,,0xf67f836227ba2e5726e61104298fb69fa7a9f43e907e150facc1db788c45d8c8,2025-11-04 15:41:29+00:00,2400.18728,No,2025-11-05 05:56:23+00:00,14.248333333333333,0.95,0.027999999999999914
0x63d43bbb87f85af03b8f2f9e2fad7b54334fa2f1,BUY,104468181147316868388088006861839293041095272602974154655578369735976654024471,0xc40cbb2d7f5d2c43c624bd5b1d0b18cd3d0682b3937363ec7c1ad1d13bee107e,2905.96,0.919,1762270283,Will Andrew Cuomo win the 2025 NYC mayoral election?,will-andrew-cuomo-win-the-2025-nyc-mayoral-election,https://polymarket-upload.s3.us-east-2.amazonaws.com/will-andrew-cuomo-win-the-2025-nyc-mayoral-election-CFbNR1wG_T2X.jpg,new-york-city-mayoral-election,No,1,wokerjoesleeper,Vivid-Macrofauna,,,,0x0a8b735efe2478366c28cf43d80180bcdcbad13881c4f5364a64968cfd250fb1,2025-11-04 15:31:23+00:00,2670.57724,No,2025-11-05 05:56:23+00:00,14.416666666666666,0.95,0.030999999999999917
0xe8dd7741ccb12350957ec71e9ee332e0d1e6ec86,BUY,104468181147316868388088006861839293041095272602974154655578369735976654024471,0xc40cbb2d7f5d2c43c624bd5b1d0b18cd3d0682b3937363ec7c1ad1d13bee107e,1161.893358,0.919,1762270029,Will Andrew Cuomo win the 2025 NYC mayoral election?,will-andrew-cuomo-win-the-2025-nyc-mayoral-election,https://polymarket-upload.s3.us-east-2.amazonaws.com/will-andrew-cuomo-win-the-2025-nyc-mayoral-election-CFbNR1wG_T2X.jpg,new-york-city-mayoral-election,No,1,influenz.eth,Real-Veteran,,,,0xd3df9465b3dd3d58aa7a970546bf6496aeb06ab404b2cf58e392edd5853c7d75,2025-11-04 15:27:09+00:00,1067.7799960020002,No,2025-11-05 05:56:23+00:00,14.487222222222222,0.95,0.030999999999999917
0xd218e474776403a330142299f7796e8ba32eb5c9,BUY,104468181147316868388088006861839293041095272602974154655578369735976654024471,0xc40cbb2d7f5d2c43c624bd5b1d0b18cd3d0682b3937363ec7c1ad1d13bee107e,1160.0,0.918,1762270029,Will Andrew Cuomo win the 2025 NYC mayoral election?,will-andrew-cuomo-win-the-2025-nyc-mayoral-election,https://polymarket-upload.s3.us-east-2.amazonaws.com/will-andrew-cuomo-win-the-2025-nyc-mayoral-election-CFbNR1wG_T2X.jpg,new-york-city-mayoral-election,No,1,cigarettes,Attentive-Crewman,broken grid,,,0xc25ca2ba21745a5211364e8a3e1e9cafa373750150a3d58382587580694a6ecd,2025-11-04 15:27:09+00:00,1064.88,No,2025-11-05 05:56:23+00:00,14.487222222222222,0.95,0.03199999999999992
0x3f7aee8f1fafcd873343105b24f83f3f98a9248e,BUY,104468181147316868388088006861839293041095272602974154655578369735976654024471,0xc40cbb2d7f5d2c43c624bd5b1d0b18cd3d0682b3937363ec7c1ad1d13bee107e,1491.0,0.916,1762268895,Will Andrew Cuomo win the 2025 NYC mayoral election?,will-andrew-cuomo-win-the-2025-nyc-mayoral-election,https://polymarket-upload.s3.us-east-2.amazonaws.com/will-andrew-cuomo-win-the-2025-nyc-mayoral-election-CFbNR1wG_T2X.jpg,new-york-city-mayoral-election,No,1,costcostaff01,Cool-Spread,,,,0x583d6417796e6e1d23964eb180bb9d50c721da2c6d9a8fb6e91b75339d5092c3,2025-11-04 15:08:15+00:00,1365.756,No,2025-11-05 05:56:23+00:00,14.802222222222222,0.95,0.03399999999999992
0xe8dd7741ccb12350957ec71e9ee332e0d1e6ec86,BUY,104468181147316868388088006861839293041095272602974154655578369735976654024471,0xc40cbb2d7f5d2c43c624bd5b1d0b18cd3d0682b3937363ec7c1ad1d13bee107e,3173.037036,0.9179911756,1762266791,Will Andrew Cuomo win the 2025 NYC mayoral election?,will-andrew-cuomo-win-the-2025-nyc-mayoral-election,https://polymarket-upload.s3.us-east-2.amazonaws.com/will-andrew-cuomo-win-the-2025-nyc-mayoral-election-CFbNR1wG_T2X.jpg,new-york-city-mayoral-election,No,1,influenz.eth,Real-Veteran,,,,0x1be7dca15ea8b384474e21fc5bebf069d08bc2112f9536fd5b0d2d7b179293a4,2025-11-04 14:33:11+00:00,2912.8199988999795,No,2025-11-05 05:56:23+00:00,15.386666666666667,0.95,0.03200882439999997
0x3f7aee8f1fafcd873343105b24f83f3f98a9248e,BUY,104468181147316868388088006861839293041095272602974154655578369735976654024471,0xc40cbb2d7f5d2c43c624bd5b1d0b18cd3d0682b3937363ec7c1ad1d13bee107e,1442.0,0.92,1762266401,Will Andrew Cuomo win the 2025 NYC mayoral election?,will-andrew-cuomo-win-the-2025-nyc-mayoral-election,https://polymarket-upload.s3.us-east-2.amazonaws.com/will-andrew-cuomo-win-the-2025-nyc-mayoral-election-CFbNR1wG_T2X.jpg,new-york-city-mayoral-election,No,1,costcostaff01,Cool-Spread,,,,0x10a0ef3561dd6af480b89fe0931aef0cd093b4f5c46685a780892177d275e3d0,2025-11-04 14:26:41+00:00,1326.64,No,2025-11-05 05:56:23+00:00,15.495,0.95,0.029999999999999916
0x3f7aee8f1fafcd873343105b24f83f3f98a9248e,BUY,104468181147316868388088006861839293041095272602974154655578369735976654024471,0xc40cbb2d7f5d2c43c624bd5b1d0b18cd3d0682b3937363ec7c1ad1d13bee107e,2060.0,0.92,1762266395,Will Andrew Cuomo win the 2025 NYC mayoral election?,will-andrew-cuomo-win-the-2025-nyc-mayoral-election,https://polymarket-upload.s3.us-east-2.amazonaws.com/will-andrew-cuomo-win-the-2025-nyc-mayoral-election-CFbNR1wG_T2X.jpg,new-york-city-mayoral-election,No,1,costcostaff01,Cool-Spread,,,,0x9bf2e450ce60d65c25d3afbf3681da66053b871d47ae0ff8fafc04e5d10bceb8,2025-11-04 14:26:35+00:00,1895.2,No,2025-11-05 05:56:23+00:00,15.496666666666666,0.95,0.029999999999999916
0x3f7aee8f1fafcd873343105b24f83f3f98a9248e,BUY,104468181147316868388088006861839293041095272602974154655578369735976654024471,0xc40cbb2d7f5d2c43c624bd5b1d0b18cd3d0682b3937363ec7c1ad1d13bee107e,2943.0,0.92,1762266389,Will Andrew Cuomo win the 2025 NYC mayoral election?,will-andrew-cuomo-win-the-2025-nyc-mayoral-election,https://polymarket-upload.s3.us-east-2.amazonaws.com/will-andrew-cuomo-win-the-2025-nyc-mayoral-election-CFbNR1wG_T2X.jpg,new-york-city-mayoral-election,No,1,costcostaff01,Cool-Spread,,,,0x50f4d2e53457dff7871be5ba9d84b3d90cb36f113cad44fa25ee549deaab7400,2025-11-04 14:26:29+00:00,2707.56,No,2025-11-05 05:56:23+00:00,15.498333333333333,0.95,0.029999999999999916
0x3f7aee8f1fafcd873343105b24f83f3f98a9248e,BUY,104468181147316868388088006861839293041095272602974154655578369735976654024471,0xc40cbb2d7f5d2c43c624bd5b1d0b18cd3d0682b3937363ec7c1ad1d13bee107e,4229.0,0.92,1762266383,Will Andrew Cuomo win the 2025 NYC mayoral election?,will-andrew-cuomo-win-the-2025-nyc-mayoral-election,https://polymarket-upload.s3.us-east-2.amazonaws.com/will-andrew-cuomo-win-the-2025-nyc-mayoral-election-CFbNR1wG_T2X.jpg,new-york-city-mayoral-election,No,1,costcostaff01,Cool-Spread,,,,0x8e5c67d241d9cfbfd4e88fdfe30f9b33b4782e3069c07dfecb1176be854222a4,2025-11-04 14:26:23+00:00,3890.6800000000003,No,2025-11-05 05:56:23+00:00,15.5,0.95,0.029999999999999916
0x3f7aee8f1fafcd873343105b24f83f3f98a9248e,BUY,104468181147316868388088006861839293041095272602974154655578369735976654024471,0xc40cbb2d7f5d2c43c624bd5b1d0b18cd3d0682b3937363ec7c1ad1d13bee107e,4332.0,0.92,1762266377,Will Andrew Cuomo win the 2025 NYC mayoral election?,will-andrew-cuomo-win-the-2025-nyc-mayoral-election,https://polymarket-upload.s3.us-east-2.amazonaws.com/will-andrew-cuomo-win-the-2025-nyc-mayoral-election-CFbNR1wG_T2X.jpg,new-york-city-mayoral-election,No,1,costcostaff01,Cool-Spread,,,,0x894fc37522ef00db566ae2b1703c1872a4c16dda5454791a1e302f6d03fd9548,2025-11-04 14:26:17+00:00,3985.44,No,2025-11-05 05:56:23+00:00,15.501666666666667,0.95,0.029999999999999916
0x3f7aee8f1fafcd873343105b24f83f3f98a9248e,BUY,104468181147316868388088006861839293041095272602974154655578369735976654024471,0xc40cbb2d7f5d2c43c624bd5b1d0b18cd3d0682b3937363ec7c1ad1d13bee107e,1627.0,0.92,1762266371,Will Andrew Cuomo win the 2025 NYC mayoral election?,will-andrew-cuomo-win-the-2025-nyc-mayoral-election,https://polymarket-upload.s3.us-east-2.amazonaws.com/will-andrew-cuomo-win-the-2025-nyc-mayoral-election-CFbNR1wG_T2X.jpg,new-york-city-mayoral-election,No,1,costcostaff01,Cool-Spread,,,,0xfff0f4cd6ed7a9c6008b2b00f29887598fd2b8a4b6a662e554fe3fe327c4ed66,2025-11-04 14:26:11+00:00,1496.8400000000001,No,2025-11-05 05:56:23+00:00,15.503333333333334,0.95,0.029999999999999916
0xd218e474776403a330142299f7796e8ba32eb5c9,BUY,104468181147316868388088006861839293041095272602974154655578369735976654024471,0xc40cbb2d7f5d2c43c624bd5b1d0b18cd3d0682b3937363ec7c1ad1d13bee107e,2700.0,0.9182562667,1762265295,Will Andrew Cuomo win the 2025 NYC mayoral election?,will-andrew-cuomo-win-the-2025-nyc-mayoral-election,https://polymarket-upload.s3.us-east-2.amazonaws.com/will-andrew-cuomo-win-the-2025-nyc-mayoral-election-CFbNR1wG_T2X.jpg,new-york-city-mayoral-election,No,1,cigarettes,Attentive-Crewman,broken grid,,,0x205f38ee06413ff1ebe11676f322a4fcfef43695b40ef22c1a91a06764341d2f,2025-11-04 14:08:15+00:00,2479.29192009,No,2025-11-05 05:56:23+00:00,15.802222222222222,0.95,0.03174373329999991
0xe8dd7741ccb12350957ec71e9ee332e0d1e6ec86,BUY,104468181147316868388088006861839293041095272602974154655578369735976654024471,0xc40cbb2d7f5d2c43c624bd5b1d0b18cd3d0682b3937363ec7c1ad1d13bee107e,3500.0,0.918,1762265285,Will Andrew Cuomo win the 2025 NYC mayoral election?,will-andrew-cuomo-win-the-2025-nyc-mayoral-election,https://polymarket-upload.s3.us-east-2.amazonaws.com/will-andrew-cuomo-win-the-2025-nyc-mayoral-election-CFbNR1wG_T2X.jpg,new-york-city-mayoral-election,No,1,influenz.eth,Real-Veteran,,,,0x52fbacc7bed5fe34105660b1bb9f568117c21e663696d7bc721ac4b13ac2849e,2025-11-04 14:08:05+00:00,3213.0,No,2025-11-05 05:56:23+00:00,15.805,0.95,0.03199999999999992
0xd218e474776403a330142299f7796e8ba32eb5c9,BUY,104468181147316868388088006861839293041095272602974154655578369735976654024471,0xc40cbb2d7f5d2c43c624bd5b1d0b18cd3d0682b3937363ec7c1ad1d13bee107e,6460.0,0.9173651502,1762265223,Will Andrew Cuomo win the 2025 NYC mayoral election?,will-andrew-cuomo-win-the-2025-nyc-mayoral-election,https://polymarket-upload.s3.us-east-2.amazonaws.com/will-andrew-cuomo-win-the-2025-nyc-mayoral-election-CFbNR1wG_T2X.jpg,new-york-city-mayoral-election,No,1,cigarettes,Attentive-Crewman,broken grid,,,0x7e1503b4e6fdcbc79133605b46de6099e10b89d92840d954b2376a210b1e923e,2025-11-04 14:07:03+00:00,5926.178870292,No,2025-11-05 05:56:23+00:00,15.822222222222223,0.95,0.032634849799999976
0xe8dd7741ccb12350957ec71e9ee332e0d1e6ec86,BUY,104468181147316868388088006861839293041095272602974154655578369735976654024471,0xc40cbb2d7f5d2c43c624bd5b1d0b18cd3d0682b3937363ec7c1ad1d13bee107e,2605.474361,0.917,1762265221,Will Andrew Cuomo win the 2025 NYC mayoral election?,will-andrew-cuomo-win-the-2025-nyc-mayoral-election,https://polymarket-upload.s3.us-east-2.amazonaws.com/will-andrew-cuomo-win-the-2025-nyc-mayoral-election-CFbNR1wG_T2X.jpg,new-york-city-mayoral-election,No,1,influenz.eth,Real-Veteran,,,,0x1957482b7a14ac34c7a1ad96e5252cd737ae0ad32d3ad17d9dee32c274427186,2025-11-04 14:07:01+00:00,2389.2199890370002,No,2025-11-05 05:56:23+00:00,15.822777777777778,0.95,0.03299999999999992
0x12d6cccfc7470a3f4bafc53599a4779cbf2cf2a8,BUY,104468181147316868388088006861839293041095272602974154655578369735976654024471,0xc40cbb2d7f5d2c43c624bd5b1d0b18cd3d0682b3937363ec7c1ad1d13bee107e,3500.0,0.917,1762265053,Will Andrew Cuomo win the 2025 NYC mayoral election?,will-andrew-cuomo-win-the-2025-nyc-mayoral-election,https://polymarket-upload.s3.us-east-2.amazonaws.com/will-andrew-cuomo-win-the-2025-nyc-mayoral-election-CFbNR1wG_T2X.jpg,new-york-city-mayoral-election,No,1,classified,Personal-Bake,REDACTED,https://polymarket-upload.s3.us-east-2.amazonaws.com/profile-image-2637613-f573f7f0-53b7-4a8d-b884-fec7b37d1b7d.png,,0x120b2089c23e7a7b4306d42cfced7e12a64b8dc6e5daea224c2e6567cd1679f5,2025-11-04 14:04:13+00:00,3209.5,No,2025-11-05 05:56:23+00:00,15.869444444444444,0.95,0.03299999999999992
0x63d43bbb87f85af03b8f2f9e2fad7b54334fa2f1,BUY,104468181147316868388088006861839293041095272602974154655578369735976654024471,0xc40cbb2d7f5d2c43c624bd5b1d0b18cd3d0682b3937363ec7c1ad1d13bee107e,2300.0,0.914,1762262111,Will Andrew Cuomo win the 2025 NYC mayoral election?,will-andrew-cuomo-win-the-2025-nyc-mayoral-election,https://polymarket-upload.s3.us-east-2.amazonaws.com/will-andrew-cuomo-win-the-2025-nyc-mayoral-election-CFbNR1wG_T2X.jpg,new-york-city-mayoral-election,No,1,wokerjoesleeper,Vivid-Macrofauna,,,,0xc34226dc62ff7be7c6ddaf946e33235811a3ba90b2b99d933e8d46f871e8f2b4,2025-11-04 13:15:11+00:00,2102.2000000000003,No,2025-11-05 05:56:23+00:00,16.686666666666667,0.9489999973,0.03499999729999992
0x63d43bbb87f85af03b8f2f9e2fad7b54334fa2f1,BUY,104468181147316868388088006861839293041095272602974154655578369735976654024471,0xc40cbb2d7f5d2c43c624bd5b1d0b18cd3d0682b3937363ec7c1ad1d13bee107e,4949.78,0.918,1762261339,Will Andrew Cuomo win the 2025 NYC mayoral election?,will-andrew-cuomo-win-the-2025-nyc-mayoral-election,https://polymarket-upload.s3.us-east-2.amazonaws.com/will-andrew-cuomo-win-the-2025-nyc-mayoral-election-CFbNR1wG_T2X.jpg,new-york-city-mayoral-election,No,1,wokerjoesleeper,Vivid-Macrofauna,,,,0x4ec6c6e15424b2a38bfad25f00028baf6c01d0287ad5b10736774d5af90297fa,2025-11-04 13:02:19+00:00,4543.89804,No,2025-11-05 05:56:23+00:00,16.90111111111111,0.9489999973,0.030999997299999915
0x3f7aee8f1fafcd873343105b24f83f3f98a9248e,BUY,104468181147316868388088006861839293041095272602974154655578369735976654024471,0xc40cbb2d7f5d2c43c624bd5b1d0b18cd3d0682b3937363ec7c1ad1d13bee107e,1454.0,0.92,1762260931,Will Andrew Cuomo win the 2025 NYC mayoral election?,will-andrew-cuomo-win-the-2025-nyc-mayoral-election,https://polymarket-upload.s3.us-east-2.amazonaws.com/will-andrew-cuomo-win-the-2025-nyc-mayoral-election-CFbNR1wG_T2X.jpg,new-york-city-mayoral-election,No,1,costcostaff01,Cool-Spread,,,,0xd169dec8fb70dc688ba4efe862ef487788c94a143f9ce4f0117563ba3de0c0fd,2025-11-04 12:55:31+00:00,1337.68,No,2025-11-05 05:56:23+00:00,17.014444444444443,0.9489999973,0.028999997299999913
0xd218e474776403a330142299f7796e8ba32eb5c9,BUY,104468181147316868388088006861839293041095272602974154655578369735976654024471,0xc40cbb2d7f5d2c43c624bd5b1d0b18cd3d0682b3937363ec7c1ad1d13bee107e,4720.0,0.92,1762260405,Will Andrew Cuomo win the 2025 NYC mayoral election?,will-andrew-cuomo-win-the-2025-nyc-mayoral-election,https://polymarket-upload.s3.us-east-2.amazonaws.com/will-andrew-cuomo-win-the-2025-nyc-mayoral-election-CFbNR1wG_T2X.jpg,new-york-city-mayoral-election,No,1,cigarettes,Attentive-Crewman,broken grid,,,0x569e3d6c094f5f8385831b684ec3d5be9cdf5716861447d3ec6036dc1bd7732f,2025-11-04 12:46:45+00:00,4342.400000000001,No,2025-11-05 05:56:23+00:00,17.160555555555554,0.9489999973,0.028999997299999913
0xd218e474776403a330142299f7796e8ba32eb5c9,BUY,104468181147316868388088006861839293041095272602974154655578369735976654024471,0xc40cbb2d7f5d2c43c624bd5b1d0b18cd3d0682b3937363ec7c1ad1d13bee107e,1180.0,0.9170381356,1762259885,Will Andrew Cuomo win the 2025 NYC mayoral election?,will-andrew-cuomo-win-the-2025-nyc-mayoral-election,https://polymarket-upload.s3.us-east-2.amazonaws.com/will-andrew-cuomo-win-the-2025-nyc-mayoral-election-CFbNR1wG_T2X.jpg,new-york-city-mayoral-election,No,1,cigarettes,Attentive-Crewman,broken grid,,,0x57394505f3bfe219fc6007083ff30210f341c9eb07ab4fde79172dcc903ed4ce,2025-11-04 12:38:05+00:00,1082.105000008,No,2025-11-05 05:56:23+00:00,17.305,0.9489999973,0.03196186169999993
0x3f7aee8f1fafcd873343105b24f83f3f98a9248e,BUY,104468181147316868388088006861839293041095272602974154655578369735976654024471,0xc40cbb2d7f5d2c43c624bd5b1d0b18cd3d0682b3937363ec7c1ad1d13bee107e,1273.0,0.917,1762259771,Will Andrew Cuomo win the 2025 NYC mayoral election?,will-andrew-cuomo-win-the-2025-nyc-mayoral-election,https://polymarket-upload.s3.us-east-2.amazonaws.com/will-andrew-cuomo-win-the-2025-nyc-mayoral-election-CFbNR1wG_T2X.jpg,new-york-city-mayoral-election,No,1,costcostaff01,Cool-Spread,,,,0xa9f5baa607a0a74095529ef43e30436d26749a3c3da06df632e1347a0672d522,2025-11-04 12:36:11+00:00,1167.3410000000001,No,2025-11-05 05:56:23+00:00,17.336666666666666,0.9489999973,0.031999997299999916
0x3f7aee8f1fafcd873343105b24f83f3f98a9248e,BUY,104468181147316868388088006861839293041095272602974154655578369735976654024471,0xc40cbb2d7f5d2c43c624bd5b1d0b18cd3d0682b3937363ec7c1ad1d13bee107e,1818.0,0.917,1762259765,Will Andrew Cuomo win the 2025 NYC mayoral election?,will-andrew-cuomo-win-the-2025-nyc-mayoral-election,https://polymarket-upload.s3.us-east-2.amazonaws.com/will-andrew-cuomo-win-the-2025-nyc-mayoral-election-CFbNR1wG_T2X.jpg,new-york-city-mayoral-election,No,1,costcostaff01,Cool-Spread,,,,0x1ac2b2845ae6851a59c52af62970216d921da9e3d1185edafacb1cac5965a33b,2025-11-04 12:36:05+00:00,1667.106,No,2025-11-05 05:56:23+00:00,17.338333333333335,0.9489999973,0.031999997299999916
0x3f7aee8f1fafcd873343105b24f83f3f98a9248e,BUY,104468181147316868388088006861839293041095272602974154655578369735976654024471,0xc40cbb2d7f5d2c43c624bd5b1d0b18cd3d0682b3937363ec7c1ad1d13bee107e,2597.0,0.917,1762259759,Will Andrew Cuomo win the 2025 NYC mayoral election?,will-andrew-cuomo-win-the-2025-nyc-mayoral-election,https://polymarket-upload.s3.us-east-2.amazonaws.com/will-andrew-cuomo-win-the-2025-nyc-mayoral-election-CFbNR1wG_T2X.jpg,new-york-city-mayoral-election,No,1,costcostaff01,Cool-Spread,,,,0xa13ea63967565fec9646bb4a597566643d52d103ae016159865bb6692c807279,2025-11-04 12:35:59+00:00,2381.449,No,2025-11-05 05:56:23+00:00,17.34,0.9489999973,0.031999997299999916
0x3f7aee8f1fafcd873343105b24f83f3f98a9248e,BUY,104468181147316868388088006861839293041095272602974154655578369735976654024471,0xc40cbb2d7f5d2c43c624bd5b1d0b18cd3d0682b3937363ec7c1ad1d13bee107e,3711.0,0.917,1762259753,Will Andrew Cuomo win the 2025 NYC mayoral election?,will-andrew-cuomo-win-the-2025-nyc-mayoral-election,https://polymarket-upload.s3.us-east-2.amazonaws.com/will-andrew-cuomo-win-the-2025-nyc-mayoral-election-CFbNR1wG_T2X.jpg,new-york-city-mayoral-election,No,1,costcostaff01,Cool-Spread,,,,0xa3bb2b63e2cf9bd0025dd3cb2d62978b33b9b5dd92dfb73f399b1470016a5041,2025-11-04 12:35:53+00:00,3402.987,No,2025-11-05 05:56:23+00:00,17.341666666666665,0.9489999973,0.031999997299999916
0x12d6cccfc7470a3f4bafc53599a4779cbf2cf2a8,BUY,104468181147316868388088006861839293041095272602974154655578369735976654024471,0xc40cbb2d7f5d2c43c624bd5b1d0b18cd3d0682b3937363ec7c1ad1d13bee107e,6371.25,0.912,1762255767,Will Andrew Cuomo win the 2025 NYC mayoral election?,will-andrew-cuomo-win-the-2025-nyc-mayoral-election,https://polymarket-upload.s3.us-east-2.amazonaws.com/will-andrew-cuomo-win-the-2025-nyc-mayoral-election-CFbNR1wG_T2X.jpg,new-york-city-mayoral-election,No,1,classified,Personal-Bake,REDACTED,https://polymarket-upload.s3.us-east-2.amazonaws.com/profile-image-2637613-f573f7f0-53b7-4a8d-b884-fec7b37d1b7d.png,,0xd1d2de6229e46929afd2947a0df245f2741ba99cdd96a69a813172e3353a2c42,2025-11-04 11:29:27+00:00,5810.58,No,2025-11-05 05:56:23+00:00,18.448888888888888,0.931,0.019000000000000017
0x241f846866c2de4fb67cdb0ca6b963d85e56ef50,BUY,104468181147316868388088006861839293041095272602974154655578369735976654024471,0xc40cbb2d7f5d2c43c624bd5b1d0b18cd3d0682b3937363ec7c1ad1d13bee107e,15000.0,0.923,1762254677,Will Andrew Cuomo win the 2025 NYC mayoral election?,will-andrew-cuomo-win-the-2025-nyc-mayoral-election,https://polymarket-upload.s3.us-east-2.amazonaws.com/will-andrew-cuomo-win-the-2025-nyc-mayoral-election-CFbNR1wG_T2X.jpg,new-york-city-mayoral-election,No,1,Pestle,Excitable-Saviour,,https://polymarket-upload.s3.us-east-2.amazonaws.com/profile-image-1793305-ecb4f75a-82a9-4acd-9054-9921831874b4.png,,0x1dca7477a312ef5b4a9eaccad8048ce062d6949b1ba7dbdc03384d4638faa6f7,2025-11-04 11:11:17+00:00,13845.0,No,2025-11-05 05:56:23+00:00,18.751666666666665,0.931,0.008000000000000007
0x7ba5354929bf388707f397c8b21b8322dc954252,BUY,104468181147316868388088006861839293041095272602974154655578369735976654024471,0xc40cbb2d7f5d2c43c624bd5b1d0b18cd3d0682b3937363ec7c1ad1d13bee107e,6500.0,0.923,1762253721,Will Andrew Cuomo win the 2025 NYC mayoral election?,will-andrew-cuomo-win-the-2025-nyc-mayoral-election,https://polymarket-upload.s3.us-east-2.amazonaws.com/will-andrew-cuomo-win-the-2025-nyc-mayoral-election-CFbNR1wG_T2X.jpg,new-york-city-mayoral-election,No,1,Snpe,Stormy-Trolley,,https://polymarket-upload.s3.us-east-2.amazonaws.com/profile-image-2905476-3de3fdc3-ed29-483c-8436-fa77f947e1cc.png,,0x2b5b6d8db7de8be1324161fd52f394e7db0f1f2e0d5c157857ac5bd273312f00,2025-11-04 10:55:21+00:00,5999.5,No,2025-11-05 05:56:23+00:00,19.017222222222223,0.931,0.008000000000000007
0xd218e474776403a330142299f7796e8ba32eb5c9,BUY,104468181147316868388088006861839293041095272602974154655578369735976654024471,0xc40cbb2d7f5d2c43c624bd5b1d0b18cd3d0682b3937363ec7c1ad1d13bee107e,2036.34,0.923,1762253657,Will Andrew Cuomo win the 2025 NYC mayoral election?,will-andrew-cuomo-win-the-2025-nyc-mayoral-election,https://polymarket-upload.s3.us-east-2.amazonaws.com/will-andrew-cuomo-win-the-2025-nyc-mayoral-election-CFbNR1wG_T2X.jpg,new-york-city-mayoral-election,No,1,cigarettes,Attentive-Crewman,broken grid,,,0x1016bb6353ab10a24cb8b122d02e30b2ee123db7cc03e2e29937cc05f2b977b3,2025-11-04 10:54:17+00:00,1879.54182,No,2025-11-05 05:56:23+00:00,19.035,0.931,0.008000000000000007
0xd218e474776403a330142299f7796e8ba32eb5c9,BUY,104468181147316868388088006861839293041095272602974154655578369735976654024471,0xc40cbb2d7f5d2c43c624bd5b1d0b18cd3d0682b3937363ec7c1ad1d13bee107e,1655.01,0.923,1762253623,Will Andrew Cuomo win the 2025 NYC mayoral election?,will-andrew-cuomo-win-the-2025-nyc-mayoral-election,https://polymarket-upload.s3.us-east-2.amazonaws.com/will-andrew-cuomo-win-the-2025-nyc-mayoral-election-CFbNR1wG_T2X.jpg,new-york-city-mayoral-election,No,1,cigarettes,Attentive-Crewman,broken grid,,,0x5e5a0fa4144b622e1367ad358886000b9400eba9725f4d575bdd1f617369c6f9,2025-11-04 10:53:43+00:00,1527.5742300000002,No,2025-11-05 05:56:23+00:00,19.044444444444444,0.931,0.008000000000000007
0xd218e474776403a330142299f7796e8ba32eb5c9,BUY,104468181147316868388088006861839293041095272602974154655578369735976654024471,0xc40cbb2d7f5d2c43c624bd5b1d0b18cd3d0682b3937363ec7c1ad1d13bee107e,2060.0,0.924,1762253007,Will Andrew Cuomo win the 2025 NYC mayoral election?,will-andrew-cuomo-win-the-2025-nyc-mayoral-election,https://polymarket-upload.s3.us-east-2.amazonaws.com/will-andrew-cuomo-win-the-2025-nyc-mayoral-election-CFbNR1wG_T2X.jpg,new-york-city-mayoral-election,No,1,cigarettes,Attentive-Crewman,broken grid,,,0xf607bebda176c505e87c8e74886a16be1aa2f094ea6edfd59ba8feffbe80bfd0,2025-11-04 10:43:27+00:00,1903.44,No,2025-11-05 05:56:23+00:00,19.215555555555557,0.931,0.007000000000000006
0x63d43bbb87f85af03b8f2f9e2fad7b54334fa2f1,BUY,104468181147316868388088006861839293041095272602974154655578369735976654024471,0xc40cbb2d7f5d2c43c624bd5b1d0b18cd3d0682b3937363ec7c1ad1d13bee107e,1184.0,0.922,1762252451,Will Andrew Cuomo win the 2025 NYC mayoral election?,will-andrew-cuomo-win-the-2025-nyc-mayoral-election,https://polymarket-upload.s3.us-east-2.amazonaws.com/will-andrew-cuomo-win-the-2025-nyc-mayoral-election-CFbNR1wG_T2X.jpg,new-york-city-mayoral-election,No,1,wokerjoesleeper,Vivid-Macrofauna,,,,0xc04fb2d42e1e307c54637830d85964a1eae93dc09edb2681ae30e8e830701bd4,2025-11-04 10:34:11+00:00,1091.6480000000001,No,2025-11-05 05:56:23+00:00,19.37,0.931,0.009000000000000008
0x63d43bbb87f85af03b8f2f9e2fad7b54334fa2f1,BUY,104468181147316868388088006861839293041095272602974154655578369735976654024471,0xc40cbb2d7f5d2c43c624bd5b1d0b18cd3d0682b3937363ec7c1ad1d13bee107e,1778.48,0.922,1762252415,Will Andrew Cuomo win the 2025 NYC mayoral election?,will-andrew-cuomo-win-the-2025-nyc-mayoral-election,https://polymarket-upload.s3.us-east-2.amazonaws.com/will-andrew-cuomo-win-the-2025-nyc-mayoral-election-CFbNR1wG_T2X.jpg,new-york-city-mayoral-election,No,1,wokerjoesleeper,Vivid-Macrofauna,,,,0xb4bdafc4e5b880b1299e25df454a0eee7f95e55ff9521265c58acbf12cb6dadb,2025-11-04 10:33:35+00:00,1639.75856,No,2025-11-05 05:56:23+00:00,19.38,0.931,0.009000000000000008
0xd218e474776403a330142299f7796e8ba32eb5c9,BUY,104468181147316868388088006861839293041095272602974154655578369735976654024471,0xc40cbb2d7f5d2c43c624bd5b1d0b18cd3d0682b3937363ec7c1ad1d13bee107e,8984.03,0.922,1762252415,Will Andrew Cuomo win the 2025 NYC mayoral election?,will-andrew-cuomo-win-the-2025-nyc-mayoral-election,https://polymarket-upload.s3.us-east-2.amazonaws.com/will-andrew-cuomo-win-the-2025-nyc-mayoral-election-CFbNR1wG_T2X.jpg,new-york-city-mayoral-election,No,1,cigarettes,Attentive-Crewman,broken grid,,,0x85c0577bc5a223dd1759c9f73824b98b23ba7e8906a79e867f35bbeb7a018090,2025-11-04 10:33:35+00:00,8283.275660000001,No,2025-11-05 05:56:23+00:00,19.38,0.931,0.009000000000000008
0xb48b9192dc52eed724fa58c66fa8926d06a3648e,BUY,104468181147316868388088006861839293041095272602974154655578369735976654024471,0xc40cbb2d7f5d2c43c624bd5b1d0b18cd3d0682b3937363ec7c1ad1d13bee107e,1233.96,0.922,1762252415,Will Andrew Cuomo win the 2025 NYC mayoral election?,will-andrew-cuomo-win-the-2025-nyc-mayoral-election,https://polymarket-upload.s3.us-east-2.amazonaws.com/will-andrew-cuomo-win-the-2025-nyc-mayoral-election-CFbNR1wG_T2X.jpg,new-york-city-mayoral-election,No,1,Cookedtan,Icky-Tide,6650,https://polymarket-upload.s3.us-east-2.amazonaws.com/profile-image-2799922-15b860f4-0011-4c70-8833-f11d9f457b01.jpeg,,0x9437bdbb2eafeb185c9663b716cbf1c3ac85d937f6b380d43b22f5c22e13a13e,2025-11-04 10:33:35+00:00,1137.7111200000002,No,2025-11-05 05:56:23+00:00,19.38,0.931,0.009000000000000008
0x63d43bbb87f85af03b8f2f9e2fad7b54334fa2f1,BUY,104468181147316868388088006861839293041095272602974154655578369735976654024471,0xc40cbb2d7f5d2c43c624bd5b1d0b18cd3d0682b3937363ec7c1ad1d13bee107e,2000.0,0.919,1762250355,Will Andrew Cuomo win the 2025 NYC mayoral election?,will-andrew-cuomo-win-the-2025-nyc-mayoral-election,https://polymarket-upload.s3.us-east-2.amazonaws.com/will-andrew-cuomo-win-the-2025-nyc-mayoral-election-CFbNR1wG_T2X.jpg,new-york-city-mayoral-election,No,1,wokerjoesleeper,Vivid-Macrofauna,,,,0x9131a711c7fc4a10adad9e12a22317430c8a508c3e529aa6eafb8f2e44aefd62,2025-11-04 09:59:15+00:00,1838.0,No,2025-11-05 05:56:23+00:00,19.952222222222222,0.93,0.01100000000000001
0x63d43bbb87f85af03b8f2f9e2fad7b54334fa2f1,BUY,104468181147316868388088006861839293041095272602974154655578369735976654024471,0xc40cbb2d7f5d2c43c624bd5b1d0b18cd3d0682b3937363ec7c1ad1d13bee107e,6021.73,0.919,1762250355,Will Andrew Cuomo win the 2025 NYC mayoral election?,will-andrew-cuomo-win-the-2025-nyc-mayoral-election,https://polymarket-upload.s3.us-east-2.amazonaws.com/will-andrew-cuomo-win-the-2025-nyc-mayoral-election-CFbNR1wG_T2X.jpg,new-york-city-mayoral-election,No,1,wokerjoesleeper,Vivid-Macrofauna,,,,0xafee4b3e96d4280d192e965576306845688be4949ddf638a40088ae191e3a266,2025-11-04 09:59:15+00:00,5533.96987,No,2025-11-05 05:56:23+00:00,19.952222222222222,0.93,0.01100000000000001
0x12d6cccfc7470a3f4bafc53599a4779cbf2cf2a8,BUY,104468181147316868388088006861839293041095272602974154655578369735976654024471,0xc40cbb2d7f5d2c43c624bd5b1d0b18cd3d0682b3937363ec7c1ad1d13bee107e,4990.28,0.918,1762250231,Will Andrew Cuomo win the 2025 NYC mayoral election?,will-andrew-cuomo-win-the-2025-nyc-mayoral-election,https://polymarket-upload.s3.us-east-2.amazonaws.com/will-andrew-cuomo-win-the-2025-nyc-mayoral-election-CFbNR1wG_T2X.jpg,new-york-city-mayoral-election,No,1,classified,Personal-Bake,REDACTED,https://polymarket-upload.s3.us-east-2.amazonaws.com/profile-image-2637613-f573f7f0-53b7-4a8d-b884-fec7b37d1b7d.png,,0x57417313e81c276acb09aa682843c9a7568a128c77affaeb201e093a64f92d5b,2025-11-04 09:57:11+00:00,4581.07704,No,2025-11-05 05:56:23+00:00,19.986666666666668,0.93,0.01200000000000001
0xd218e474776403a330142299f7796e8ba32eb5c9,BUY,104468181147316868388088006861839293041095272602974154655578369735976654024471,0xc40cbb2d7f5d2c43c624bd5b1d0b18cd3d0682b3937363ec7c1ad1d13bee107e,1150.61,0.915,1762250113,Will Andrew Cuomo win the 2025 NYC mayoral election?,will-andrew-cuomo-win-the-2025-nyc-mayoral-election,https://polymarket-upload.s3.us-east-2.amazonaws.com/will-andrew-cuomo-win-the-2025-nyc-mayoral-election-CFbNR1wG_T2X.jpg,new-york-city-mayoral-election,No,1,cigarettes,Attentive-Crewman,broken grid,,,0x3c8ff261203a513c82ba17f739aa306da5ed50fb944378ea62d20263cb051358,2025-11-04 09:55:13+00:00,1052.8081499999998,No,2025-11-05 05:56:23+00:00,20.019444444444446,0.93,0.015000000000000013
0xd218e474776403a330142299f7796e8ba32eb5c9,BUY,104468181147316868388088006861839293041095272602974154655578369735976654024471,0xc40cbb2d7f5d2c43c624bd5b1d0b18cd3d0682b3937363ec7c1ad1d13bee107e,1293.48,0.915,1762247413,Will Andrew Cuomo win the 2025 NYC mayoral election?,will-andrew-cuomo-win-the-2025-nyc-mayoral-election,https://polymarket-upload.s3.us-east-2.amazonaws.com/will-andrew-cuomo-win-the-2025-nyc-mayoral-election-CFbNR1wG_T2X.jpg,new-york-city-mayoral-election,No,1,cigarettes,Attentive-Crewman,broken grid,,,0xa6c5d7640184641319e586906377f41c7ec240a28fbcee4b5baccbfc069e7b37,2025-11-04 09:10:13+00:00,1183.5342,No,2025-11-05 05:56:23+00:00,20.769444444444446,0.924,0.009000000000000008
0xe8dd7741ccb12350957ec71e9ee332e0d1e6ec86,BUY,104468181147316868388088006861839293041095272602974154655578369735976654024471,0xc40cbb2d7f5d2c43c624bd5b1d0b18cd3d0682b3937363ec7c1ad1d13bee107e,1190.0,0.915,1762247397,Will Andrew Cuomo win the 2025 NYC mayoral election?,will-andrew-cuomo-win-the-2025-nyc-mayoral-election,https://polymarket-upload.s3.us-east-2.amazonaws.com/will-andrew-cuomo-win-the-2025-nyc-mayoral-election-CFbNR1wG_T2X.jpg,new-york-city-mayoral-election,No,1,influenz.eth,Real-Veteran,,,,0xf033b24171c690dde38e101642a3627e121ab9954a93d800d0b8559de321af02,2025-11-04 09:09:57+00:00,1088.8500000000001,No,2025-11-05 05:56:23+00:00,20.773888888888887,0.924,0.009000000000000008
0xe8dd7741ccb12350957ec71e9ee332e0d1e6ec86,BUY,104468181147316868388088006861839293041095272602974154655578369735976654024471,0xc40cbb2d7f5d2c43c624bd5b1d0b18cd3d0682b3937363ec7c1ad1d13bee107e,1190.0,0.915,1762247395,Will Andrew Cuomo win the 2025 NYC mayoral election?,will-andrew-cuomo-win-the-2025-nyc-mayoral-election,https://polymarket-upload.s3.us-east-2.amazonaws.com/will-andrew-cuomo-win-the-2025-nyc-mayoral-election-CFbNR1wG_T2X.jpg,new-york-city-mayoral-election,No,1,influenz.eth,Real-Veteran,,,,0x0fb93bf90e830bb4df5878bf6bc9f9f4e1b147b414055a11c6c6b8c813dc9006,2025-11-04 09:09:55+00:00,1088.8500000000001,No,2025-11-05 05:56:23+00:00,20.774444444444445,0.924,0.009000000000000008
0xb48b9192dc52eed724fa58c66fa8926d06a3648e,BUY,104468181147316868388088006861839293041095272602974154655578369735976654024471,0xc40cbb2d7f5d2c43c624bd5b1d0b18cd3d0682b3937363ec7c1ad1d13bee107e,4766.49,0.915,1762247383,Will Andrew Cuomo win the 2025 NYC mayoral election?,will-andrew-cuomo-win-the-2025-nyc-mayoral-election,https://polymarket-upload.s3.us-east-2.amazonaws.com/will-andrew-cuomo-win-the-2025-nyc-mayoral-election-CFbNR1wG_T2X.jpg,new-york-city-mayoral-election,No,1,Cookedtan,Icky-Tide,6650,https://polymarket-upload.s3.us-east-2.amazonaws.com/profile-image-2799922-15b860f4-0011-4c70-8833-f11d9f457b01.jpeg,,0xc1416a66cb121248a34fb8e5f5ee7354a5add0180f24709ef8c67ba71a765190,2025-11-04 09:09:43+00:00,4361.33835,No,2025-11-05 05:56:23+00:00,20.77777777777778,0.924,0.009000000000000008
0x63d43bbb87f85af03b8f2f9e2fad7b54334fa2f1,BUY,104468181147316868388088006861839293041095272602974154655578369735976654024471,0xc40cbb2d7f5d2c43c624bd5b1d0b18cd3d0682b3937363ec7c1ad1d13bee107e,2000.0,0.915,1762247381,Will Andrew Cuomo win the 2025 NYC mayoral election?,will-andrew-cuomo-win-the-2025-nyc-mayoral-election,https://polymarket-upload.s3.us-east-2.amazonaws.com/will-andrew-cuomo-win-the-2025-nyc-mayoral-election-CFbNR1wG_T2X.jpg,new-york-city-mayoral-election,No,1,wokerjoesleeper,Vivid-Macrofauna,,,,0xa0fe892ab8f11e07f7d88734a1b953d933da028b5fc0067fec46c2643eab535e,2025-11-04 09:09:41+00:00,1830.0,No,2025-11-05 05:56:23+00:00,20.778333333333332,0.924,0.009000000000000008
0xd218e474776403a330142299f7796e8ba32eb5c9,BUY,104468181147316868388088006861839293041095272602974154655578369735976654024471,0xc40cbb2d7f5d2c43c624bd5b1d0b18cd3d0682b3937363ec7c1ad1d13bee107e,4760.0,0.9140091408,1762247381,Will Andrew Cuomo win the 2025 NYC mayoral election?,will-andrew-cuomo-win-the-2025-nyc-mayoral-election,https://polymarket-upload.s3.us-east-2.amazonaws.com/will-andrew-cuomo-win-the-2025-nyc-mayoral-election-CFbNR1wG_T2X.jpg,new-york-city-mayoral-election,No,1,cigarettes,Attentive-Crewman,broken grid,,,0xb2d3d3a2ed4d6133112aa4da8622e0ac8302c5964d2c5e50726e4379006336c3,2025-11-04 09:09:41+00:00,4350.6835102079995,No,2025-11-05 05:56:23+00:00,20.778333333333332,0.924,0.00999085920000009
0x7ba5354929bf388707f397c8b21b8322dc954252,BUY,104468181147316868388088006861839293041095272602974154655578369735976654024471,0xc40cbb2d7f5d2c43c624bd5b1d0b18cd3d0682b3937363ec7c1ad1d13bee107e,6500.0,0.913,1762246869,Will Andrew Cuomo win the 2025 NYC mayoral election?,will-andrew-cuomo-win-the-2025-nyc-mayoral-election,https://polymarket-upload.s3.us-east-2.amazonaws.com/will-andrew-cuomo-win-the-2025-nyc-mayoral-election-CFbNR1wG_T2X.jpg,new-york-city-mayoral-election,No,1,Snpe,Stormy-Trolley,,https://polymarket-upload.s3.us-east-2.amazonaws.com/profile-image-2905476-3de3fdc3-ed29-483c-8436-fa77f947e1cc.png,,0x134c1a1262a7c5d87b96fa2f6db91cb69b476d93b7924d255cfd2bcf9a6b3489,2025-11-04 09:01:09+00:00,5934.5,No,2025-11-05 05:56:23+00:00,20.920555555555556,0.924,0.01100000000000001
0xe8dd7741ccb12350957ec71e9ee332e0d1e6ec86,BUY,104468181147316868388088006861839293041095272602974154655578369735976654024471,0xc40cbb2d7f5d2c43c624bd5b1d0b18cd3d0682b3937363ec7c1ad1d13bee107e,1204.153844,0.909958477,1762245709,Will Andrew Cuomo win the 2025 NYC mayoral election?,will-andrew-cuomo-win-the-2025-nyc-mayoral-election,https://polymarket-upload.s3.us-east-2.amazonaws.com/will-andrew-cuomo-win-the-2025-nyc-mayoral-election-CFbNR1wG_T2X.jpg,new-york-city-mayoral-election,No,1,influenz.eth,Real-Veteran,,,,0x7a5004a928ec9f672a482e21d0ce3cdf621ace60aa903d56ffc9ca2eea65e445,2025-11-04 08:41:49+00:00,1095.7299979599354,No,2025-11-05 05:56:23+00:00,21.24277777777778,0.924,0.014041523000000056
0x12d6cccfc7470a3f4bafc53599a4779cbf2cf2a8,BUY,104468181147316868388088006861839293041095272602974154655578369735976654024471,0xc40cbb2d7f5d2c43c624bd5b1d0b18cd3d0682b3937363ec7c1ad1d13bee107e,2613.72,0.906,1762245513,Will Andrew Cuomo win the 2025 NYC mayoral election?,will-andrew-cuomo-win-the-2025-nyc-mayoral-election,https://polymarket-upload.s3.us-east-2.amazonaws.com/will-andrew-cuomo-win-the-2025-nyc-mayoral-election-CFbNR1wG_T2X.jpg,new-york-city-mayoral-election,No,1,classified,Personal-Bake,REDACTED,https://polymarket-upload.s3.us-east-2.amazonaws.com/profile-image-2637613-f573f7f0-53b7-4a8d-b884-fec7b37d1b7d.png,,0x5681a2e5bfc5a1e22cfccf9cec6b3e5b4a4af8a4c75a338094df23dff1c7289e,2025-11-04 08:38:33+00:00,2368.03032,No,2025-11-05 05:56:23+00:00,21.29722222222222,0.924,0.018000000000000016
0xd218e474776403a330142299f7796e8ba32eb5c9,BUY,104468181147316868388088006861839293041095272602974154655578369735976654024471,0xc40cbb2d7f5d2c43c624bd5b1d0b18cd3d0682b3937363ec7c1ad1d13bee107e,1900.0,0.906,1762245411,Will Andrew Cuomo win the 2025 NYC mayoral election?,will-andrew-cuomo-win-the-2025-nyc-mayoral-election,https://polymarket-upload.s3.us-east-2.amazonaws.com/will-andrew-cuomo-win-the-2025-nyc-mayoral-election-CFbNR1wG_T2X.jpg,new-york-city-mayoral-election,No,1,cigarettes,Attentive-Crewman,broken grid,,,0xe745b11debd1d803abdb5c43661f3c4de26fb9ed46be651b5f6780ae6120c1ff,2025-11-04 08:36:51+00:00,1721.4,No,2025-11-05 05:56:23+00:00,21.325555555555557,0.924,0.018000000000000016
0xe8dd7741ccb12350957ec71e9ee332e0d1e6ec86,BUY,104468181147316868388088006861839293041095272602974154655578369735976654024471,0xc40cbb2d7f5d2c43c624bd5b1d0b18cd3d0682b3937363ec7c1ad1d13bee107e,1306.986744,0.906,1762245411,Will Andrew Cuomo win the 2025 NYC mayoral election?,will-andrew-cuomo-win-the-2025-nyc-mayoral-election,https://polymarket-upload.s3.us-east-2.amazonaws.com/will-andrew-cuomo-win-the-2025-nyc-mayoral-election-CFbNR1wG_T2X.jpg,new-york-city-mayoral-election,No,1,influenz.eth,Real-Veteran,,,,0x9aee54cdc37d5718a2b6bcdcd103609cf27d328411d08cfa6c27ba2e6d5a7c0e,2025-11-04 08:36:51+00:00,1184.1299900640001,No,2025-11-05 05:56:23+00:00,21.325555555555557,0.924,0.018000000000000016
0xb48b9192dc52eed724fa58c66fa8926d06a3648e,BUY,104468181147316868388088006861839293041095272602974154655578369735976654024471,0xc40cbb2d7f5d2c43c624bd5b1d0b18cd3d0682b3937363ec7c1ad1d13bee107e,2145.17,0.905970394,1762245379,Will Andrew Cuomo win the 2025 NYC mayoral election?,will-andrew-cuomo-win-the-2025-nyc-mayoral-election,https://polymarket-upload.s3.us-east-2.amazonaws.com/will-andrew-cuomo-win-the-2025-nyc-mayoral-election-CFbNR1wG_T2X.jpg,new-york-city-mayoral-election,No,1,Cookedtan,Icky-Tide,6650,https://polymarket-upload.s3.us-east-2.amazonaws.com/profile-image-2799922-15b860f4-0011-4c70-8833-f11d9f457b01.jpeg,,0x7adaccbf56a4c02af5af1922e1e4fc52a330e33e07a55bc5310832d96658ee8e,2025-11-04 08:36:19+00:00,1943.46051009698,No,2025-11-05 05:56:23+00:00,21.334444444444443,0.924,0.01802960600000003
0x7ba5354929bf388707f397c8b21b8322dc954252,BUY,104468181147316868388088006861839293041095272602974154655578369735976654024471,0xc40cbb2d7f5d2c43c624bd5b1d0b18cd3d0682b3937363ec7c1ad1d13bee107e,6500.0,0.904,1762244733,Will Andrew Cuomo win the 2025 NYC mayoral election?,will-andrew-cuomo-win-the-2025-nyc-mayoral-election,https://polymarket-upload.s3.us-east-2.amazonaws.com/will-andrew-cuomo-win-the-2025-nyc-mayoral-election-CFbNR1wG_T2X.jpg,new-york-city-mayoral-election,No,1,Snpe,Stormy-Trolley,,https://polymarket-upload.s3.us-east-2.amazonaws.com/profile-image-2905476-3de3fdc3-ed29-483c-8436-fa77f947e1cc.png,,0x03a45f94522ad629d31b7e4d28ae686d00e8bd0eaa130f1f3b6fc249620e8991,2025-11-04 08:25:33+00:00,5876.0,No,2025-11-05 05:56:23+00:00,21.51388888888889,0.924,0.020000000000000018
0x63d43bbb87f85af03b8f2f9e2fad7b54334fa2f1,BUY,104468181147316868388088006861839293041095272602974154655578369735976654024471,0xc40cbb2d7f5d2c43c624bd5b1d0b18cd3d0682b3937363ec7c1ad1d13bee107e,4070.0,0.901,1762243475,Will Andrew Cuomo win the 2025 NYC mayoral election?,will-andrew-cuomo-win-the-2025-nyc-mayoral-election,https://polymarket-upload.s3.us-east-2.amazonaws.com/will-andrew-cuomo-win-the-2025-nyc-mayoral-election-CFbNR1wG_T2X.jpg,new-york-city-mayoral-election,No,1,wokerjoesleeper,Vivid-Macrofauna,,,,0xb16a9992ebb747c410fb9ccbf11556f8d66c2ad6dff672a171e02a862b5ffd30,2025-11-04 08:04:35+00:00,3667.07,No,2025-11-05 05:56:23+00:00,21.863333333333333,0.924,0.02300000000000002
0x63d43bbb87f85af03b8f2f9e2fad7b54334fa2f1,BUY,104468181147316868388088006861839293041095272602974154655578369735976654024471,0xc40cbb2d7f5d2c43c624bd5b1d0b18cd3d0682b3937363ec7c1ad1d13bee107e,1468.24,0.901,1762243439,Will Andrew Cuomo win the 2025 NYC mayoral election?,will-andrew-cuomo-win-the-2025-nyc-mayoral-election,https://polymarket-upload.s3.us-east-2.amazonaws.com/will-andrew-cuomo-win-the-2025-nyc-mayoral-election-CFbNR1wG_T2X.jpg,new-york-city-mayoral-election,No,1,wokerjoesleeper,Vivid-Macrofauna,,,,0xc31ae2a1f172155de78f9464442151e16034fbe4636a3ba017b27acf6f25fef7,2025-11-04 08:03:59+00:00,1322.88424,No,2025-11-05 05:56:23+00:00,21.873333333333335,0.924,0.02300000000000002
0x7ba5354929bf388707f397c8b21b8322dc954252,BUY,104468181147316868388088006861839293041095272602974154655578369735976654024471,0xc40cbb2d7f5d2c43c624bd5b1d0b18cd3d0682b3937363ec7c1ad1d13bee107e,7000.0,0.903,1762243349,Will Andrew Cuomo win the 2025 NYC mayoral election?,will-andrew-cuomo-win-the-2025-nyc-mayoral-election,https://polymarket-upload.s3.us-east-2.amazonaws.com/will-andrew-cuomo-win-the-2025-nyc-mayoral-election-CFbNR1wG_T2X.jpg,new-york-city-mayoral-election,No,1,Snpe,Stormy-Trolley,,https://polymarket-upload.s3.us-east-2.amazonaws.com/profile-image-2905476-3de3fdc3-ed29-483c-8436-fa77f947e1cc.png,,0x12fc8c83a627b951207f029e820a3216ea8f320e8bdf6bf87a74fa618ed2f402,2025-11-04 08:02:29+00:00,6321.0,No,2025-11-05 05:56:23+00:00,21.898333333333333,0.924,0.02100000000000002
0x12d6cccfc7470a3f4bafc53599a4779cbf2cf2a8,BUY,104468181147316868388088006861839293041095272602974154655578369735976654024471,0xc40cbb2d7f5d2c43c624bd5b1d0b18cd3d0682b3937363ec7c1ad1d13bee107e,1792.38,0.901,1762242833,Will Andrew Cuomo win the 2025 NYC mayoral election?,will-andrew-cuomo-win-the-2025-nyc-mayoral-election,https://polymarket-upload.s3.us-east-2.amazonaws.com/will-andrew-cuomo-win-the-2025-nyc-mayoral-election-CFbNR1wG_T2X.jpg,new-york-city-mayoral-election,No,1,classified,Personal-Bake,REDACTED,https://polymarket-upload.s3.us-east-2.amazonaws.com/profile-image-2637613-f573f7f0-53b7-4a8d-b884-fec7b37d1b7d.png,,0x5a1aec468ec232ce4d8c708f233bf9bdc3245aa39d331a77659ac12ed757ebc6,2025-11-04 07:53:53+00:00,1614.9343800000001,No,2025-11-05 05:56:23+00:00,22.041666666666668,0.924,0.02300000000000002
0x63d43bbb87f85af03b8f2f9e2fad7b54334fa2f1,BUY,104468181147316868388088006861839293041095272602974154655578369735976654024471,0xc40cbb2d7f5d2c43c624bd5b1d0b18cd3d0682b3937363ec7c1ad1d13bee107e,3810.31,0.901,1762242825,Will Andrew Cuomo win the 2025 NYC mayoral election?,will-andrew-cuomo-win-the-2025-nyc-mayoral-election,https://polymarket-upload.s3.us-east-2.amazonaws.com/will-andrew-cuomo-win-the-2025-nyc-mayoral-election-CFbNR1wG_T2X.jpg,new-york-city-mayoral-election,No,1,wokerjoesleeper,Vivid-Macrofauna,,,,0x85028d61095dd84bd1a97131efe134616896fcf96390a00d83c61e53687943f9,2025-11-04 07:53:45+00:00,3433.08931,No,2025-11-05 05:56:23+00:00,22.04388888888889,0.924,0.02300000000000002
0x63d43bbb87f85af03b8f2f9e2fad7b54334fa2f1,BUY,104468181147316868388088006861839293041095272602974154655578369735976654024471,0xc40cbb2d7f5d2c43c624bd5b1d0b18cd3d0682b3937363ec7c1ad1d13bee107e,1671.0,0.9,1762242561,Will Andrew Cuomo win the 2025 NYC mayoral election?,will-andrew-cuomo-win-the-2025-nyc-mayoral-election,https://polymarket-upload.s3.us-east-2.amazonaws.com/will-andrew-cuomo-win-the-2025-nyc-mayoral-election-CFbNR1wG_T2X.jpg,new-york-city-mayoral-election,No,1,wokerjoesleeper,Vivid-Macrofauna,,,,0x7dbede2b395ddc516d085132c494cc113f15dcfd4f6f61971c5ac229a70843d7,2025-11-04 07:49:21+00:00,1503.9,No,2025-11-05 05:56:23+00:00,22.11722222222222,0.924,0.02400000000000002
0xc4d1a863e9cc45d02ba22d3a1ae9ba7822018ce8,BUY,104468181147316868388088006861839293041095272602974154655578369735976654024471,0xc40cbb2d7f5d2c43c624bd5b1d0b18cd3d0682b3937363ec7c1ad1d13bee107e,2359.84,0.902,1762241385,Will Andrew Cuomo win the 2025 NYC mayoral election?,will-andrew-cuomo-win-the-2025-nyc-mayoral-election,https://polymarket-upload.s3.us-east-2.amazonaws.com/will-andrew-cuomo-win-the-2025-nyc-mayoral-election-CFbNR1wG_T2X.jpg,new-york-city-mayoral-election,No,1,rdba,Unaware-Birdhouse,,,,0x0f9a732491e7b161db959dc55b77f10b8f94e38e7081550d460d2fd699b828eb,2025-11-04 07:29:45+00:00,2128.5756800000004,No,2025-11-05 05:56:23+00:00,22.44388888888889,0.924,0.02200000000000002
0x63d43bbb87f85af03b8f2f9e2fad7b54334fa2f1,BUY,104468181147316868388088006861839293041095272602974154655578369735976654024471,0xc40cbb2d7f5d2c43c624bd5b1d0b18cd3d0682b3937363ec7c1ad1d13bee107e,1590.0,0.903,1762238641,Will Andrew Cuomo win the 2025 NYC mayoral election?,will-andrew-cuomo-win-the-2025-nyc-mayoral-election,https://polymarket-upload.s3.us-east-2.amazonaws.com/will-andrew-cuomo-win-the-2025-nyc-mayoral-election-CFbNR1wG_T2X.jpg,new-york-city-mayoral-election,No,1,wokerjoesleeper,Vivid-Macrofauna,,,,0x4656eb6a4e317d80ee2ac563551e3362458bbdbb6fefcf8a39adc7c73acdb258,2025-11-04 06:44:01+00:00,1435.77,No,2025-11-05 05:56:23+00:00,23.20611111111111,0.924,0.02100000000000002
0x3f7aee8f1fafcd873343105b24f83f3f98a9248e,BUY,104468181147316868388088006861839293041095272602974154655578369735976654024471,0xc40cbb2d7f5d2c43c624bd5b1d0b18cd3d0682b3937363ec7c1ad1d13bee107e,2400.0,0.904,1762238633,Will Andrew Cuomo win the 2025 NYC mayoral election?,will-andrew-cuomo-win-the-2025-nyc-mayoral-election,https://polymarket-upload.s3.us-east-2.amazonaws.com/will-andrew-cuomo-win-the-2025-nyc-mayoral-election-CFbNR1wG_T2X.jpg,new-york-city-mayoral-election,No,1,costcostaff01,Cool-Spread,,,,0x4a5c6db30f7f43deda180cf62be01f86b0a18fd314a807354c267b409c027680,2025-11-04 06:43:53+00:00,2169.6,No,2025-11-05 05:56:23+00:00,23.208333333333332,0.924,0.020000000000000018
0x3f7aee8f1fafcd873343105b24f83f3f98a9248e,BUY,104468181147316868388088006861839293041095272602974154655578369735976654024471,0xc40cbb2d7f5d2c43c624bd5b1d0b18cd3d0682b3937363ec7c1ad1d13bee107e,1138.0,0.904,1762238605,Will Andrew Cuomo win the 2025 NYC mayoral election?,will-andrew-cuomo-win-the-2025-nyc-mayoral-election,https://polymarket-upload.s3.us-east-2.amazonaws.com/will-andrew-cuomo-win-the-2025-nyc-mayoral-election-CFbNR1wG_T2X.jpg,new-york-city-mayoral-election,No,1,costcostaff01,Cool-Spread,,,,0x52cda62807b7de5863535e942beb72c066be57905d0582b1d97d01f7158b036b,2025-11-04 06:43:25+00:00,1028.752,No,2025-11-05 05:56:23+00:00,23.21611111111111,0.924,0.020000000000000018
0x0e3226217752d7247c67b870b72b99ba3e20535b,BUY,104468181147316868388088006861839293041095272602974154655578369735976654024471,0xc40cbb2d7f5d2c43c624bd5b1d0b18cd3d0682b3937363ec7c1ad1d13bee107e,2000.0,0.90498796,1762237407,Will Andrew Cuomo win the 2025 NYC mayoral election?,will-andrew-cuomo-win-the-2025-nyc-mayoral-election,https://polymarket-upload.s3.us-east-2.amazonaws.com/will-andrew-cuomo-win-the-2025-nyc-mayoral-election-CFbNR1wG_T2X.jpg,new-york-city-mayoral-election,No,1,JPLP,Recent-Witchhunt,,,,0x0a86b6a41fd8b14708a325929ef1cb304633f0c953c8462fcb2e1be6a59e88fa,2025-11-04 06:23:27+00:00,1809.97592,No,2025-11-05 05:56:23+00:00,23.54888888888889,0.924,0.019012040000000008
0xd218e474776403a330142299f7796e8ba32eb5c9,BUY,104468181147316868388088006861839293041095272602974154655578369735976654024471,0xc40cbb2d7f5d2c43c624bd5b1d0b18cd3d0682b3937363ec7c1ad1d13bee107e,2968.92,0.902,1762237235,Will Andrew Cuomo win the 2025 NYC mayoral election?,will-andrew-cuomo-win-the-2025-nyc-mayoral-election,https://polymarket-upload.s3.us-east-2.amazonaws.com/will-andrew-cuomo-win-the-2025-nyc-mayoral-election-CFbNR1wG_T2X.jpg,new-york-city-mayoral-election,No,1,cigarettes,Attentive-Crewman,broken grid,,,0x05d2048bd6d07a6ad1a75042d6c2b86b9e2e9dc81b154810da947c98ac48a6f8,2025-11-04 06:20:35+00:00,2677.9658400000003,No,2025-11-05 05:56:23+00:00,23.596666666666668,0.924,0.02200000000000002
0xe8dd7741ccb12350957ec71e9ee332e0d1e6ec86,BUY,104468181147316868388088006861839293041095272602974154655578369735976654024471,0xc40cbb2d7f5d2c43c624bd5b1d0b18cd3d0682b3937363ec7c1ad1d13bee107e,3236.518846,0.902,1762237057,Will Andrew Cuomo win the 2025 NYC mayoral election?,will-andrew-cuomo-win-the-2025-nyc-mayoral-election,https://polymarket-upload.s3.us-east-2.amazonaws.com/will-andrew-cuomo-win-the-2025-nyc-mayoral-election-CFbNR1wG_T2X.jpg,new-york-city-mayoral-election,No,1,influenz.eth,Real-Veteran,,,,0xad68f985724cbc0097b8a3e5d5b263fe956bb5e191bd4cd6fb1cd1d35808e37c,2025-11-04 06:17:37+00:00,2919.339999092,No,2025-11-05 05:56:23+00:00,23.64611111111111,0.924,0.02200000000000002
0x0e3226217752d7247c67b870b72b99ba3e20535b,BUY,104468181147316868388088006861839293041095272602974154655578369735976654024471,0xc40cbb2d7f5d2c43c624bd5b1d0b18cd3d0682b3937363ec7c1ad1d13bee107e,5000.0,0.898470162,1762236623,Will Andrew Cuomo win the 2025 NYC mayoral election?,will-andrew-cuomo-win-the-2025-nyc-mayoral-election,https://polymarket-upload.s3.us-east-2.amazonaws.com/will-andrew-cuomo-win-the-2025-nyc-mayoral-election-CFbNR1wG_T2X.jpg,new-york-city-mayoral-election,No,1,JPLP,Recent-Witchhunt,,,,0x65d5f83f176bdf7211564f9b7c8f32ee52f4eceba466375d4b4832b4cedd78c7,2025-11-04 06:10:23+00:00,4492.35081,No,2025-11-05 05:56:23+00:00,23.766666666666666,0.924,0.025529838000000082
0xd218e474776403a330142299f7796e8ba32eb5c9,BUY,104468181147316868388088006861839293041095272602974154655578369735976654024471,0xc40cbb2d7f5d2c43c624bd5b1d0b18cd3d0682b3937363ec7c1ad1d13bee107e,1155.36,0.896,1762233629,Will Andrew Cuomo win the 2025 NYC mayoral election?,will-andrew-cuomo-win-the-2025-nyc-mayoral-election,https://polymarket-upload.s3.us-east-2.amazonaws.com/will-andrew-cuomo-win-the-2025-nyc-mayoral-election-CFbNR1wG_T2X.jpg,new-york-city-mayoral-election,No,1,cigarettes,Attentive-Crewman,broken grid,,,0x26bf21d1bc4a3729d9d85be8f6281e203a7d7747bc2f8b266241ec1695f67216,2025-11-04 05:20:29+00:00,1035.20256,No,2025-11-05 05:56:23+00:00,24.598333333333333,0.924,0.028000000000000025
0xd218e474776403a330142299f7796e8ba32eb5c9,BUY,104468181147316868388088006861839293041095272602974154655578369735976654024471,0xc40cbb2d7f5d2c43c624bd5b1d0b18cd3d0682b3937363ec7c1ad1d13bee107e,1511.76,0.888,1762232273,Will Andrew Cuomo win the 2025 NYC mayoral election?,will-andrew-cuomo-win-the-2025-nyc-mayoral-election,https://polymarket-upload.s3.us-east-2.amazonaws.com/will-andrew-cuomo-win-the-2025-nyc-mayoral-election-CFbNR1wG_T2X.jpg,new-york-city-mayoral-election,No,1,cigarettes,Attentive-Crewman,broken grid,,,0xc4c2d490e53970aa9df8dc79af6d95f2db8a1e38d9ead224351349729341630a,2025-11-04 04:57:53+00:00,1342.44288,No,2025-11-05 05:56:23+00:00,24.975,0.924,0.03600000000000003
0x12d6cccfc7470a3f4bafc53599a4779cbf2cf2a8,BUY,104468181147316868388088006861839293041095272602974154655578369735976654024471,0xc40cbb2d7f5d2c43c624bd5b1d0b18cd3d0682b3937363ec7c1ad1d13bee107e,1365.01,0.884,1762232139,Will Andrew Cuomo win the 2025 NYC mayoral election?,will-andrew-cuomo-win-the-2025-nyc-mayoral-election,https://polymarket-upload.s3.us-east-2.amazonaws.com/will-andrew-cuomo-win-the-2025-nyc-mayoral-election-CFbNR1wG_T2X.jpg,new-york-city-mayoral-election,No,1,classified,Personal-Bake,REDACTED,https://polymarket-upload.s3.us-east-2.amazonaws.com/profile-image-2637613-f573f7f0-53b7-4a8d-b884-fec7b37d1b7d.png,,0xf4bee324050d299dd84563f837da70b0925fd79c6e463cad6b47be407151f152,2025-11-04 04:55:39+00:00,1206.66884,No,2025-11-05 05:56:23+00:00,25.01222222222222,0.924,0.040000000000000036
0x3f7aee8f1fafcd873343105b24f83f3f98a9248e,BUY,104468181147316868388088006861839293041095272602974154655578369735976654024471,0xc40cbb2d7f5d2c43c624bd5b1d0b18cd3d0682b3937363ec7c1ad1d13bee107e,1410.0,0.884,1762232127,Will Andrew Cuomo win the 2025 NYC mayoral election?,will-andrew-cuomo-win-the-2025-nyc-mayoral-election,https://polymarket-upload.s3.us-east-2.amazonaws.com/will-andrew-cuomo-win-the-2025-nyc-mayoral-election-CFbNR1wG_T2X.jpg,new-york-city-mayoral-election,No,1,costcostaff01,Cool-Spread,,,,0xb14a9fd49e6cd186e4beba9beb7b759d989754cd98c9b0aa64ffac98c92692b7,2025-11-04 04:55:27+00:00,1246.44,No,2025-11-05 05:56:23+00:00,25.015555555555554,0.924,0.040000000000000036
0x63d43bbb87f85af03b8f2f9e2fad7b54334fa2f1,BUY,104468181147316868388088006861839293041095272602974154655578369735976654024471,0xc40cbb2d7f5d2c43c624bd5b1d0b18cd3d0682b3937363ec7c1ad1d13bee107e,2071.87,0.88,1762231815,Will Andrew Cuomo win the 2025 NYC mayoral election?,will-andrew-cuomo-win-the-2025-nyc-mayoral-election,https://polymarket-upload.s3.us-east-2.amazonaws.com/will-andrew-cuomo-win-the-2025-nyc-mayoral-election-CFbNR1wG_T2X.jpg,new-york-city-mayoral-election,No,1,wokerjoesleeper,Vivid-Macrofauna,,,,0xcd7c948d00f293c1264c06228e8617e0f5de99cd8a57f199c0a733594cb66de3,2025-11-04 04:50:15+00:00,1823.2456,No,2025-11-05 05:56:23+00:00,25.102222222222224,0.924,0.04400000000000004
0x3f7aee8f1fafcd873343105b24f83f3f98a9248e,BUY,104468181147316868388088006861839293041095272602974154655578369735976654024471,0xc40cbb2d7f5d2c43c624bd5b1d0b18cd3d0682b3937363ec7c1ad1d13bee107e,1779.0,0.891,1762231757,Will Andrew Cuomo win the 2025 NYC mayoral election?,will-andrew-cuomo-win-the-2025-nyc-mayoral-election,https://polymarket-upload.s3.us-east-2.amazonaws.com/will-andrew-cuomo-win-the-2025-nyc-mayoral-election-CFbNR1wG_T2X.jpg,new-york-city-mayoral-election,No,1,costcostaff01,Cool-Spread,,,,0xbd05cfaac99cb9a1633067e5703fa1f3e4cbc2c40f35ea39e2c931cec1a8b057,2025-11-04 04:49:17+00:00,1585.089,No,2025-11-05 05:56:23+00:00,25.118333333333332,0.924,0.03300000000000003
0x3f7aee8f1fafcd873343105b24f83f3f98a9248e,BUY,104468181147316868388088006861839293041095272602974154655578369735976654024471,0xc40cbb2d7f5d2c43c624bd5b1d0b18cd3d0682b3937363ec7c1ad1d13bee107e,2100.0,0.891,1762231751,Will Andrew Cuomo win the 2025 NYC mayoral election?,will-andrew-cuomo-win-the-2025-nyc-mayoral-election,https://polymarket-upload.s3.us-east-2.amazonaws.com/will-andrew-cuomo-win-the-2025-nyc-mayoral-election-CFbNR1wG_T2X.jpg,new-york-city-mayoral-election,No,1,costcostaff01,Cool-Spread,,,,0x43851040568dc297c293e65d80ae7791c82fa3e4718a1f787e809ac31a9bfeec,2025-11-04 04:49:11+00:00,1871.1000000000001,No,2025-11-05 05:56:23+00:00,25.12,0.924,0.03300000000000003
0x3f7aee8f1fafcd873343105b24f83f3f98a9248e,BUY,104468181147316868388088006861839293041095272602974154655578369735976654024471,0xc40cbb2d7f5d2c43c624bd5b1d0b18cd3d0682b3937363ec7c1ad1d13bee107e,3000.0,0.891,1762231745,Will Andrew Cuomo win the 2025 NYC mayoral election?,will-andrew-cuomo-win-the-2025-nyc-mayoral-election,https://polymarket-upload.s3.us-east-2.amazonaws.com/will-andrew-cuomo-win-the-2025-nyc-mayoral-election-CFbNR1wG_T2X.jpg,new-york-city-mayoral-election,No,1,costcostaff01,Cool-Spread,,,,0x871876ae0a57720fd09e1d57ab3336312c22c9a702591bd81d75a87bffc4dcea,2025-11-04 04:49:05+00:00,2673.0,No,2025-11-05 05:56:23+00:00,25.121666666666666,0.924,0.03300000000000003
0x3f7aee8f1fafcd873343105b24f83f3f98a9248e,BUY,104468181147316868388088006861839293041095272602974154655578369735976654024471,0xc40cbb2d7f5d2c43c624bd5b1d0b18cd3d0682b3937363ec7c1ad1d13bee107e,1156.0,0.896982699,1762229459,Will Andrew Cuomo win the 2025 NYC mayoral election?,will-andrew-cuomo-win-the-2025-nyc-mayoral-election,https://polymarket-upload.s3.us-east-2.amazonaws.com/will-andrew-cuomo-win-the-2025-nyc-mayoral-election-CFbNR1wG_T2X.jpg,new-york-city-mayoral-election,No,1,costcostaff01,Cool-Spread,,,,0x98d2b633bf8a4aa2e977846cc0ba33c6681197d73be626842ba7fed780426716,2025-11-04 04:10:59+00:00,1036.912000044,No,2025-11-05 05:56:23+00:00,25.756666666666668,0.921,0.02401730099999999
0x3f7aee8f1fafcd873343105b24f83f3f98a9248e,BUY,104468181147316868388088006861839293041095272602974154655578369735976654024471,0xc40cbb2d7f5d2c43c624bd5b1d0b18cd3d0682b3937363ec7c1ad1d13bee107e,1500.0,0.895,1762229409,Will Andrew Cuomo win the 2025 NYC mayoral election?,will-andrew-cuomo-win-the-2025-nyc-mayoral-election,https://polymarket-upload.s3.us-east-2.amazonaws.com/will-andrew-cuomo-win-the-2025-nyc-mayoral-election-CFbNR1wG_T2X.jpg,new-york-city-mayoral-election,No,1,costcostaff01,Cool-Spread,,,,0x3e51710528a1934a30acb1ba4481ba137220611a9e57b3e5d586d46fa6765cd8,2025-11-04 04:10:09+00:00,1342.5,No,2025-11-05 05:56:23+00:00,25.770555555555557,0.921,0.026000000000000023
0x3f7aee8f1fafcd873343105b24f83f3f98a9248e,BUY,104468181147316868388088006861839293041095272602974154655578369735976654024471,0xc40cbb2d7f5d2c43c624bd5b1d0b18cd3d0682b3937363ec7c1ad1d13bee107e,1291.0,0.902,1762228367,Will Andrew Cuomo win the 2025 NYC mayoral election?,will-andrew-cuomo-win-the-2025-nyc-mayoral-election,https://polymarket-upload.s3.us-east-2.amazonaws.com/will-andrew-cuomo-win-the-2025-nyc-mayoral-election-CFbNR1wG_T2X.jpg,new-york-city-mayoral-election,No,1,costcostaff01,Cool-Spread,,,,0xa1d3004ac4bb153065d2518808ea31674403de47efa6e9ef7fb1c123723f682a,2025-11-04 03:52:47+00:00,1164.482,No,2025-11-05 05:56:23+00:00,26.06,0.9179995281,0.015999528099999938
0x3f7aee8f1fafcd873343105b24f83f3f98a9248e,BUY,104468181147316868388088006861839293041095272602974154655578369735976654024471,0xc40cbb2d7f5d2c43c624bd5b1d0b18cd3d0682b3937363ec7c1ad1d13bee107e,1315.0,0.905,1762228143,Will Andrew Cuomo win the 2025 NYC mayoral election?,will-andrew-cuomo-win-the-2025-nyc-mayoral-election,https://polymarket-upload.s3.us-east-2.amazonaws.com/will-andrew-cuomo-win-the-2025-nyc-mayoral-election-CFbNR1wG_T2X.jpg,new-york-city-mayoral-election,No,1,costcostaff01,Cool-Spread,,,,0x6d80f779abd59e0e05889dc7191d481f6e268e31ed7098a252bab4115852f17f,2025-11-04 03:49:03+00:00,1190.075,No,2025-11-05 05:56:23+00:00,26.122222222222224,0.9179995281,0.012999528099999935
0x3f7aee8f1fafcd873343105b24f83f3f98a9248e,BUY,104468181147316868388088006861839293041095272602974154655578369735976654024471,0xc40cbb2d7f5d2c43c624bd5b1d0b18cd3d0682b3937363ec7c1ad1d13bee107e,1879.0,0.905,1762228137,Will Andrew Cuomo win the 2025 NYC mayoral election?,will-andrew-cuomo-win-the-2025-nyc-mayoral-election,https://polymarket-upload.s3.us-east-2.amazonaws.com/will-andrew-cuomo-win-the-2025-nyc-mayoral-election-CFbNR1wG_T2X.jpg,new-york-city-mayoral-election,No,1,costcostaff01,Cool-Spread,,,,0x7118e4fec1615e413c9ea0ebba9b1ea42a6b09822a32efd5e9343322ddd3dea0,2025-11-04 03:48:57+00:00,1700.4950000000001,No,2025-11-05 05:56:23+00:00,26.12388888888889,0.9179995281,0.012999528099999935
0x3f7aee8f1fafcd873343105b24f83f3f98a9248e,BUY,104468181147316868388088006861839293041095272602974154655578369735976654024471,0xc40cbb2d7f5d2c43c624bd5b1d0b18cd3d0682b3937363ec7c1ad1d13bee107e,2684.0,0.905,1762228131,Will Andrew Cuomo win the 2025 NYC mayoral election?,will-andrew-cuomo-win-the-2025-nyc-mayoral-election,https://polymarket-upload.s3.us-east-2.amazonaws.com/will-andrew-cuomo-win-the-2025-nyc-mayoral-election-CFbNR1wG_T2X.jpg,new-york-city-mayoral-election,No,1,costcostaff01,Cool-Spread,,,,0xf96518e499a9813a2b57887d6b43da783c369f053ec21ccbfda73852ad520f57,2025-11-04 03:48:51+00:00,2429.02,No,2025-11-05 05:56:23+00:00,26.125555555555554,0.9179995281,0.012999528099999935
0x3f7aee8f1fafcd873343105b24f83f3f98a9248e,BUY,104468181147316868388088006861839293041095272602974154655578369735976654024471,0xc40cbb2d7f5d2c43c624bd5b1d0b18cd3d0682b3937363ec7c1ad1d13bee107e,3834.0,0.905,1762228125,Will Andrew Cuomo win the 2025 NYC mayoral election?,will-andrew-cuomo-win-the-2025-nyc-mayoral-election,https://polymarket-upload.s3.us-east-2.amazonaws.com/will-andrew-cuomo-win-the-2025-nyc-mayoral-election-CFbNR1wG_T2X.jpg,new-york-city-mayoral-election,No,1,costcostaff01,Cool-Spread,,,,0x1aea91c7cfd98435d79599e5e23cfe5ef31c2779fb193d776b72b57f5960358d,2025-11-04 03:48:45+00:00,3469.77,No,2025-11-05 05:56:23+00:00,26.127222222222223,0.9179995281,0.012999528099999935
0x3f7aee8f1fafcd873343105b24f83f3f98a9248e,BUY,104468181147316868388088006861839293041095272602974154655578369735976654024471,0xc40cbb2d7f5d2c43c624bd5b1d0b18cd3d0682b3937363ec7c1ad1d13bee107e,5000.0,0.905,1762228119,Will Andrew Cuomo win the 2025 NYC mayoral election?,will-andrew-cuomo-win-the-2025-nyc-mayoral-election,https://polymarket-upload.s3.us-east-2.amazonaws.com/will-andrew-cuomo-win-the-2025-nyc-mayoral-election-CFbNR1wG_T2X.jpg,new-york-city-mayoral-election,No,1,costcostaff01,Cool-Spread,,,,0x7b40d065d9eec9a318eb0872a4b4b8f9301034627c07a581ee4d7afa07ca5b9a,2025-11-04 03:48:39+00:00,4525.0,No,2025-11-05 05:56:23+00:00,26.128888888888888,0.9179995281,0.012999528099999935
0x3f7aee8f1fafcd873343105b24f83f3f98a9248e,BUY,104468181147316868388088006861839293041095272602974154655578369735976654024471,0xc40cbb2d7f5d2c43c624bd5b1d0b18cd3d0682b3937363ec7c1ad1d13bee107e,5000.0,0.905,1762228113,Will Andrew Cuomo win the 2025 NYC mayoral election?,will-andrew-cuomo-win-the-2025-nyc-mayoral-election,https://polymarket-upload.s3.us-east-2.amazonaws.com/will-andrew-cuomo-win-the-2025-nyc-mayoral-election-CFbNR1wG_T2X.jpg,new-york-city-mayoral-election,No,1,costcostaff01,Cool-Spread,,,,0x8e0934d492b7b7af246a7a3b4f50e43a9751c0a2bf880ae30b3fc6cfc5283d41,2025-11-04 03:48:33+00:00,4525.0,No,2025-11-05 05:56:23+00:00,26.130555555555556,0.9179995281,0.012999528099999935
0x3f7aee8f1fafcd873343105b24f83f3f98a9248e,BUY,104468181147316868388088006861839293041095272602974154655578369735976654024471,0xc40cbb2d7f5d2c43c624bd5b1d0b18cd3d0682b3937363ec7c1ad1d13bee107e,5000.0,0.905,1762228105,Will Andrew Cuomo win the 2025 NYC mayoral election?,will-andrew-cuomo-win-the-2025-nyc-mayoral-election,https://polymarket-upload.s3.us-east-2.amazonaws.com/will-andrew-cuomo-win-the-2025-nyc-mayoral-election-CFbNR1wG_T2X.jpg,new-york-city-mayoral-election,No,1,costcostaff01,Cool-Spread,,,,0x66f543d1da481980616ad88bfa841a4a8c8eb8300fa821ad04b3ba2ea0298abd,2025-11-04 03:48:25+00:00,4525.0,No,2025-11-05 05:56:23+00:00,26.13277777777778,0.9179995281,0.012999528099999935
0x3f7aee8f1fafcd873343105b24f83f3f98a9248e,BUY,104468181147316868388088006861839293041095272602974154655578369735976654024471,0xc40cbb2d7f5d2c43c624bd5b1d0b18cd3d0682b3937363ec7c1ad1d13bee107e,1132.0,0.904,1762228081,Will Andrew Cuomo win the 2025 NYC mayoral election?,will-andrew-cuomo-win-the-2025-nyc-mayoral-election,https://polymarket-upload.s3.us-east-2.amazonaws.com/will-andrew-cuomo-win-the-2025-nyc-mayoral-election-CFbNR1wG_T2X.jpg,new-york-city-mayoral-election,No,1,costcostaff01,Cool-Spread,,,,0x347a6599e118151a5d7f0da26715fba6a6a947f4b515150d5b4629da3a379e26,2025-11-04 03:48:01+00:00,1023.328,No,2025-11-05 05:56:23+00:00,26.139444444444443,0.9179995281,0.013999528099999936
0x3f7aee8f1fafcd873343105b24f83f3f98a9248e,BUY,104468181147316868388088006861839293041095272602974154655578369735976654024471,0xc40cbb2d7f5d2c43c624bd5b1d0b18cd3d0682b3937363ec7c1ad1d13bee107e,1404.0,0.904,1762228077,Will Andrew Cuomo win the 2025 NYC mayoral election?,will-andrew-cuomo-win-the-2025-nyc-mayoral-election,https://polymarket-upload.s3.us-east-2.amazonaws.com/will-andrew-cuomo-win-the-2025-nyc-mayoral-election-CFbNR1wG_T2X.jpg,new-york-city-mayoral-election,No,1,costcostaff01,Cool-Spread,,,,0xdb235318b11ba53e4e86714cb15850d2a619f4864fdfe782d8ac213c6b4821e8,2025-11-04 03:47:57+00:00,1269.2160000000001,No,2025-11-05 05:56:23+00:00,26.140555555555554,0.9179995281,0.013999528099999936
0xe8dd7741ccb12350957ec71e9ee332e0d1e6ec86,BUY,104468181147316868388088006861839293041095272602974154655578369735976654024471,0xc40cbb2d7f5d2c43c624bd5b1d0b18cd3d0682b3937363ec7c1ad1d13bee107e,3500.0,0.905,1762227867,Will Andrew Cuomo win the 2025 NYC mayoral election?,will-andrew-cuomo-win-the-2025-nyc-mayoral-election,https://polymarket-upload.s3.us-east-2.amazonaws.com/will-andrew-cuomo-win-the-2025-nyc-mayoral-election-CFbNR1wG_T2X.jpg,new-york-city-mayoral-election,No,1,influenz.eth,Real-Veteran,,,,0xf791252f06a6d4b4f26abded99b71d5743b23eff2ee388d3b515b63879de2a42,2025-11-04 03:44:27+00:00,3167.5,No,2025-11-05 05:56:23+00:00,26.198888888888888,0.9179995281,0.012999528099999935
0x63d43bbb87f85af03b8f2f9e2fad7b54334fa2f1,BUY,104468181147316868388088006861839293041095272602974154655578369735976654024471,0xc40cbb2d7f5d2c43c624bd5b1d0b18cd3d0682b3937363ec7c1ad1d13bee107e,1197.48,0.905,1762227867,Will Andrew Cuomo win the 2025 NYC mayoral election?,will-andrew-cuomo-win-the-2025-nyc-mayoral-election,https://polymarket-upload.s3.us-east-2.amazonaws.com/will-andrew-cuomo-win-the-2025-nyc-mayoral-election-CFbNR1wG_T2X.jpg,new-york-city-mayoral-election,No,1,wokerjoesleeper,Vivid-Macrofauna,,,,0x65865027556611aac29ea452f4073f7c07fa63a24e2f32bd7a57e9c366bf8c79,2025-11-04 03:44:27+00:00,1083.7194,No,2025-11-05 05:56:23+00:00,26.198888888888888,0.9179995281,0.012999528099999935
0x3f7aee8f1fafcd873343105b24f83f3f98a9248e,BUY,104468181147316868388088006861839293041095272602974154655578369735976654024471,0xc40cbb2d7f5d2c43c624bd5b1d0b18cd3d0682b3937363ec7c1ad1d13bee107e,1170.0,0.905,1762227791,Will Andrew Cuomo win the 2025 NYC mayoral election?,will-andrew-cuomo-win-the-2025-nyc-mayoral-election,https://polymarket-upload.s3.us-east-2.amazonaws.com/will-andrew-cuomo-win-the-2025-nyc-mayoral-election-CFbNR1wG_T2X.jpg,new-york-city-mayoral-election,No,1,costcostaff01,Cool-Spread,,,,0x38d568fb616e40319604f92ceab64cbedf61868956e03c7c17b7157b00eb18a1,2025-11-04 03:43:11+00:00,1058.8500000000001,No,2025-11-05 05:56:23+00:00,26.22,0.9179995281,0.012999528099999935
0x3f7aee8f1fafcd873343105b24f83f3f98a9248e,BUY,104468181147316868388088006861839293041095272602974154655578369735976654024471,0xc40cbb2d7f5d2c43c624bd5b1d0b18cd3d0682b3937363ec7c1ad1d13bee107e,1671.0,0.905,1762227787,Will Andrew Cuomo win the 2025 NYC mayoral election?,will-andrew-cuomo-win-the-2025-nyc-mayoral-election,https://polymarket-upload.s3.us-east-2.amazonaws.com/will-andrew-cuomo-win-the-2025-nyc-mayoral-election-CFbNR1wG_T2X.jpg,new-york-city-mayoral-election,No,1,costcostaff01,Cool-Spread,,,,0x35bcd6adb5f7e5201cdc91ecd429a8c13c6cc986deb68f0aa21cdad52bdd98f2,2025-11-04 03:43:07+00:00,1512.255,No,2025-11-05 05:56:23+00:00,26.22111111111111,0.9179995281,0.012999528099999935
0x3f7aee8f1fafcd873343105b24f83f3f98a9248e,BUY,104468181147316868388088006861839293041095272602974154655578369735976654024471,0xc40cbb2d7f5d2c43c624bd5b1d0b18cd3d0682b3937363ec7c1ad1d13bee107e,2388.0,0.905,1762227779,Will Andrew Cuomo win the 2025 NYC mayoral election?,will-andrew-cuomo-win-the-2025-nyc-mayoral-election,https://polymarket-upload.s3.us-east-2.amazonaws.com/will-andrew-cuomo-win-the-2025-nyc-mayoral-election-CFbNR1wG_T2X.jpg,new-york-city-mayoral-election,No,1,costcostaff01,Cool-Spread,,,,0x548344d8c9d3c937ca5d576f90847c66a23a7589944fbc84a04f8109dec0ecee,2025-11-04 03:42:59+00:00,2161.14,No,2025-11-05 05:56:23+00:00,26.223333333333333,0.9179995281,0.012999528099999935
0x3f7aee8f1fafcd873343105b24f83f3f98a9248e,BUY,104468181147316868388088006861839293041095272602974154655578369735976654024471,0xc40cbb2d7f5d2c43c624bd5b1d0b18cd3d0682b3937363ec7c1ad1d13bee107e,3617.0,0.905,1762227773,Will Andrew Cuomo win the 2025 NYC mayoral election?,will-andrew-cuomo-win-the-2025-nyc-mayoral-election,https://polymarket-upload.s3.us-east-2.amazonaws.com/will-andrew-cuomo-win-the-2025-nyc-mayoral-election-CFbNR1wG_T2X.jpg,new-york-city-mayoral-election,No,1,costcostaff01,Cool-Spread,,,,0x8a655943e5a322af4a0d66a5bd648d140dde7d9352f0ea6218e7bc1d411dd3e1,2025-11-04 03:42:53+00:00,3273.385,No,2025-11-05 05:56:23+00:00,26.225,0.9179995281,0.012999528099999935
0x3f7aee8f1fafcd873343105b24f83f3f98a9248e,BUY,104468181147316868388088006861839293041095272602974154655578369735976654024471,0xc40cbb2d7f5d2c43c624bd5b1d0b18cd3d0682b3937363ec7c1ad1d13bee107e,1252.0,0.905,1762227761,Will Andrew Cuomo win the 2025 NYC mayoral election?,will-andrew-cuomo-win-the-2025-nyc-mayoral-election,https://polymarket-upload.s3.us-east-2.amazonaws.com/will-andrew-cuomo-win-the-2025-nyc-mayoral-election-CFbNR1wG_T2X.jpg,new-york-city-mayoral-election,No,1,costcostaff01,Cool-Spread,,,,0xf70515f374aecf474390dabeac2f4d1bd854ddb20c3f5c6e96e1668ed3f2b8a4,2025-11-04 03:42:41+00:00,1133.06,No,2025-11-05 05:56:23+00:00,26.22833333333333,0.9179995281,0.012999528099999935
0x3f7aee8f1fafcd873343105b24f83f3f98a9248e,BUY,104468181147316868388088006861839293041095272602974154655578369735976654024471,0xc40cbb2d7f5d2c43c624bd5b1d0b18cd3d0682b3937363ec7c1ad1d13bee107e,1575.0,0.905,1762227755,Will Andrew Cuomo win the 2025 NYC mayoral election?,will-andrew-cuomo-win-the-2025-nyc-mayoral-election,https://polymarket-upload.s3.us-east-2.amazonaws.com/will-andrew-cuomo-win-the-2025-nyc-mayoral-election-CFbNR1wG_T2X.jpg,new-york-city-mayoral-election,No,1,costcostaff01,Cool-Spread,,,,0x5860f244fb57512a7be2e618660230b2ec0f1a0ac46b2d19ffed5589c8c9ed36,2025-11-04 03:42:35+00:00,1425.375,No,2025-11-05 05:56:23+00:00,26.23,0.9179995281,0.012999528099999935
0x3f7aee8f1fafcd873343105b24f83f3f98a9248e,BUY,104468181147316868388088006861839293041095272602974154655578369735976654024471,0xc40cbb2d7f5d2c43c624bd5b1d0b18cd3d0682b3937363ec7c1ad1d13bee107e,2250.0,0.905,1762227749,Will Andrew Cuomo win the 2025 NYC mayoral election?,will-andrew-cuomo-win-the-2025-nyc-mayoral-election,https://polymarket-upload.s3.us-east-2.amazonaws.com/will-andrew-cuomo-win-the-2025-nyc-mayoral-election-CFbNR1wG_T2X.jpg,new-york-city-mayoral-election,No,1,costcostaff01,Cool-Spread,,,,0xb120f1a33bd1cb31a70882b9675da066d68777129970d00b7efbd327e6770d50,2025-11-04 03:42:29+00:00,2036.25,No,2025-11-05 05:56:23+00:00,26.231666666666666,0.9179995281,0.012999528099999935
0x3f7aee8f1fafcd873343105b24f83f3f98a9248e,BUY,104468181147316868388088006861839293041095272602974154655578369735976654024471,0xc40cbb2d7f5d2c43c624bd5b1d0b18cd3d0682b3937363ec7c1ad1d13bee107e,1226.0,0.909,1762226625,Will Andrew Cuomo win the 2025 NYC mayoral election?,will-andrew-cuomo-win-the-2025-nyc-mayoral-election,https://polymarket-upload.s3.us-east-2.amazonaws.com/will-andrew-cuomo-win-the-2025-nyc-mayoral-election-CFbNR1wG_T2X.jpg,new-york-city-mayoral-election,No,1,costcostaff01,Cool-Spread,,,,0x595041bb270c5c7b258203823ab8037673754c306c4b443028c544481dd9c52a,2025-11-04 03:23:45+00:00,1114.434,No,2025-11-05 05:56:23+00:00,26.54388888888889,0.915,0.006000000000000005
0x3f7aee8f1fafcd873343105b24f83f3f98a9248e,BUY,104468181147316868388088006861839293041095272602974154655578369735976654024471,0xc40cbb2d7f5d2c43c624bd5b1d0b18cd3d0682b3937363ec7c1ad1d13bee107e,2172.0,0.91,1762225405,Will Andrew Cuomo win the 2025 NYC mayoral election?,will-andrew-cuomo-win-the-2025-nyc-mayoral-election,https://polymarket-upload.s3.us-east-2.amazonaws.com/will-andrew-cuomo-win-the-2025-nyc-mayoral-election-CFbNR1wG_T2X.jpg,new-york-city-mayoral-election,No,1,costcostaff01,Cool-Spread,,,,0x429da757dd825c5173f39165c227a4d966eeab16d30c2bce5bc76c479f9f3643,2025-11-04 03:03:25+00:00,1976.52,No,2025-11-05 05:56:23+00:00,26.88277777777778,0.913,0.0030000000000000027
0x3f7aee8f1fafcd873343105b24f83f3f98a9248e,BUY,104468181147316868388088006861839293041095272602974154655578369735976654024471,0xc40cbb2d7f5d2c43c624bd5b1d0b18cd3d0682b3937363ec7c1ad1d13bee107e,3017.0,0.91,1762225399,Will Andrew Cuomo win the 2025 NYC mayoral election?,will-andrew-cuomo-win-the-2025-nyc-mayoral-election,https://polymarket-upload.s3.us-east-2.amazonaws.com/will-andrew-cuomo-win-the-2025-nyc-mayoral-election-CFbNR1wG_T2X.jpg,new-york-city-mayoral-election,No,1,costcostaff01,Cool-Spread,,,,0xd83f53dbe65ba38c4d7449dc83abebad6c6288fa94a7ec03aa05385697418945,2025-11-04 03:03:19+00:00,2745.4700000000003,No,2025-11-05 05:56:23+00:00,26.884444444444444,0.913,0.0030000000000000027
0x3f7aee8f1fafcd873343105b24f83f3f98a9248e,BUY,104468181147316868388088006861839293041095272602974154655578369735976654024471,0xc40cbb2d7f5d2c43c624bd5b1d0b18cd3d0682b3937363ec7c1ad1d13bee107e,4439.0,0.91,1762225393,Will Andrew Cuomo win the 2025 NYC mayoral election?,will-andrew-cuomo-win-the-2025-nyc-mayoral-election,https://polymarket-upload.s3.us-east-2.amazonaws.com/will-andrew-cuomo-win-the-2025-nyc-mayoral-election-CFbNR1wG_T2X.jpg,new-york-city-mayoral-election,No,1,costcostaff01,Cool-Spread,,,,0x483a25f38cd14183fa634b375f0bdab09cd8a5035cff071fee9f6d0499082f3a,2025-11-04 03:03:13+00:00,4039.4900000000002,No,2025-11-05 05:56:23+00:00,26.886111111111113,0.913,0.0030000000000000027
0x3f7aee8f1fafcd873343105b24f83f3f98a9248e,BUY,104468181147316868388088006861839293041095272602974154655578369735976654024471,0xc40cbb2d7f5d2c43c624bd5b1d0b18cd3d0682b3937363ec7c1ad1d13bee107e,5000.0,0.91,1762225387,Will Andrew Cuomo win the 2025 NYC mayoral election?,will-andrew-cuomo-win-the-2025-nyc-mayoral-election,https://polymarket-upload.s3.us-east-2.amazonaws.com/will-andrew-cuomo-win-the-2025-nyc-mayoral-election-CFbNR1wG_T2X.jpg,new-york-city-mayoral-election,No,1,costcostaff01,Cool-Spread,,,,0x554fafdcc03c678917316425e2464367f51f79604dcae72b4e5d53a70946e796,2025-11-04 03:03:07+00:00,4550.0,No,2025-11-05 05:56:23+00:00,26.887777777777778,0.913,0.0030000000000000027
0x3f7aee8f1fafcd873343105b24f83f3f98a9248e,BUY,104468181147316868388088006861839293041095272602974154655578369735976654024471,0xc40cbb2d7f5d2c43c624bd5b1d0b18cd3d0682b3937363ec7c1ad1d13bee107e,1500.0,0.912,1762223897,Will Andrew Cuomo win the 2025 NYC mayoral election?,will-andrew-cuomo-win-the-2025-nyc-mayoral-election,https://polymarket-upload.s3.us-east-2.amazonaws.com/will-andrew-cuomo-win-the-2025-nyc-mayoral-election-CFbNR1wG_T2X.jpg,new-york-city-mayoral-election,No,1,costcostaff01,Cool-Spread,,,,0xe0f91920a481121c08ef06f04cf338ed1c3cbb6b2454633dbdac38d4cff39563,2025-11-04 02:38:17+00:00,1368.0,No,2025-11-05 05:56:23+00:00,27.301666666666666,0.912,0.0
0x3f7aee8f1fafcd873343105b24f83f3f98a9248e,BUY,104468181147316868388088006861839293041095272602974154655578369735976654024471,0xc40cbb2d7f5d2c43c624bd5b1d0b18cd3d0682b3937363ec7c1ad1d13bee107e,1186.0,0.908,1762222199,Will Andrew Cuomo win the 2025 NYC mayoral election?,will-andrew-cuomo-win-the-2025-nyc-mayoral-election,https://polymarket-upload.s3.us-east-2.amazonaws.com/will-andrew-cuomo-win-the-2025-nyc-mayoral-election-CFbNR1wG_T2X.jpg,new-york-city-mayoral-election,No,1,costcostaff01,Cool-Spread,,,,0xeb44438e5f2c45cdb5cfb35e9aca44365f90a47351636f907cc08554041daf19,2025-11-04 02:09:59+00:00,1076.8880000000001,No,2025-11-05 05:56:23+00:00,27.773333333333333,0.9139999992,0.005999999199999939
0x63d43bbb87f85af03b8f2f9e2fad7b54334fa2f1,BUY,104468181147316868388088006861839293041095272602974154655578369735976654024471,0xc40cbb2d7f5d2c43c624bd5b1d0b18cd3d0682b3937363ec7c1ad1d13bee107e,4260.0,0.906,1762220173,Will Andrew Cuomo win the 2025 NYC mayoral election?,will-andrew-cuomo-win-the-2025-nyc-mayoral-election,https://polymarket-upload.s3.us-east-2.amazonaws.com/will-andrew-cuomo-win-the-2025-nyc-mayoral-election-CFbNR1wG_T2X.jpg,new-york-city-mayoral-election,No,1,wokerjoesleeper,Vivid-Macrofauna,,,,0x76743a6f0e90bca07e310bd039dc28f0b0c77b2373452d960d189af992a7ef4f,2025-11-04 01:36:13+00:00,3859.56,No,2025-11-05 05:56:23+00:00,28.336111111111112,0.9139999992,0.007999999199999941
0x3f7aee8f1fafcd873343105b24f83f3f98a9248e,BUY,104468181147316868388088006861839293041095272602974154655578369735976654024471,0xc40cbb2d7f5d2c43c624bd5b1d0b18cd3d0682b3937363ec7c1ad1d13bee107e,1470.0,0.908,1762217977,Will Andrew Cuomo win the 2025 NYC mayoral election?,will-andrew-cuomo-win-the-2025-nyc-mayoral-election,https://polymarket-upload.s3.us-east-2.amazonaws.com/will-andrew-cuomo-win-the-2025-nyc-mayoral-election-CFbNR1wG_T2X.jpg,new-york-city-mayoral-election,No,1,costcostaff01,Cool-Spread,,,,0xfa3587237ca9830d661d0c4916b7748c4329c9d73f8627a228098295a1fb8834,2025-11-04 00:59:37+00:00,1334.76,No,2025-11-05 05:56:23+00:00,28.94611111111111,0.9139999992,0.005999999199999939
0x3f7aee8f1fafcd873343105b24f83f3f98a9248e,BUY,104468181147316868388088006861839293041095272602974154655578369735976654024471,0xc40cbb2d7f5d2c43c624bd5b1d0b18cd3d0682b3937363ec7c1ad1d13bee107e,2100.0,0.908,1762217971,Will Andrew Cuomo win the 2025 NYC mayoral election?,will-andrew-cuomo-win-the-2025-nyc-mayoral-election,https://polymarket-upload.s3.us-east-2.amazonaws.com/will-andrew-cuomo-win-the-2025-nyc-mayoral-election-CFbNR1wG_T2X.jpg,new-york-city-mayoral-election,No,1,costcostaff01,Cool-Spread,,,,0x7c18ea67f911f3865aed2019440a1239eddb5897c34b6d2b3b3c496e4a8952b3,2025-11-04 00:59:31+00:00,1906.8,No,2025-11-05 05:56:23+00:00,28.947777777777777,0.9139999992,0.005999999199999939
0x3f7aee8f1fafcd873343105b24f83f3f98a9248e,BUY,104468181147316868388088006861839293041095272602974154655578369735976654024471,0xc40cbb2d7f5d2c43c624bd5b1d0b18cd3d0682b3937363ec7c1ad1d13bee107e,3000.0,0.908,1762217965,Will Andrew Cuomo win the 2025 NYC mayoral election?,will-andrew-cuomo-win-the-2025-nyc-mayoral-election,https://polymarket-upload.s3.us-east-2.amazonaws.com/will-andrew-cuomo-win-the-2025-nyc-mayoral-election-CFbNR1wG_T2X.jpg,new-york-city-mayoral-election,No,1,costcostaff01,Cool-Spread,,,,0x9fcb3ecfe760c2af99727aae191c621be9653bc91f54650c10bbafe322916ac9,2025-11-04 00:59:25+00:00,2724.0,No,2025-11-05 05:56:23+00:00,28.949444444444445,0.9139999992,0.005999999199999939
0x3f7aee8f1fafcd873343105b24f83f3f98a9248e,BUY,104468181147316868388088006861839293041095272602974154655578369735976654024471,0xc40cbb2d7f5d2c43c624bd5b1d0b18cd3d0682b3937363ec7c1ad1d13bee107e,1150.0,0.911,1762217495,Will Andrew Cuomo win the 2025 NYC mayoral election?,will-andrew-cuomo-win-the-2025-nyc-mayoral-election,https://polymarket-upload.s3.us-east-2.amazonaws.com/will-andrew-cuomo-win-the-2025-nyc-mayoral-election-CFbNR1wG_T2X.jpg,new-york-city-mayoral-election,No,1,costcostaff01,Cool-Spread,,,,0x832644716f96de733d78f32497cc42979838b85fed4364573dabd171628a70a3,2025-11-04 00:51:35+00:00,1047.65,No,2025-11-05 05:56:23+00:00,29.08,0.9139999992,0.0029999991999999365
0x63d43bbb87f85af03b8f2f9e2fad7b54334fa2f1,BUY,104468181147316868388088006861839293041095272602974154655578369735976654024471,0xc40cbb2d7f5d2c43c624bd5b1d0b18cd3d0682b3937363ec7c1ad1d13bee107e,1579.44,0.91,1762217397,Will Andrew Cuomo win the 2025 NYC mayoral election?,will-andrew-cuomo-win-the-2025-nyc-mayoral-election,https://polymarket-upload.s3.us-east-2.amazonaws.com/will-andrew-cuomo-win-the-2025-nyc-mayoral-election-CFbNR1wG_T2X.jpg,new-york-city-mayoral-election,No,1,wokerjoesleeper,Vivid-Macrofauna,,,,0x0e46a538c0c9d8e4364cd82bb2a14e52220fc5878560f92d1e3dead86f661112,2025-11-04 00:49:57+00:00,1437.2904,No,2025-11-05 05:56:23+00:00,29.107222222222223,0.9139999992,0.003999999199999937
0xe8dd7741ccb12350957ec71e9ee332e0d1e6ec86,BUY,104468181147316868388088006861839293041095272602974154655578369735976654024471,0xc40cbb2d7f5d2c43c624bd5b1d0b18cd3d0682b3937363ec7c1ad1d13bee107e,3500.0,0.91,1762217289,Will Andrew Cuomo win the 2025 NYC mayoral election?,will-andrew-cuomo-win-the-2025-nyc-mayoral-election,https://polymarket-upload.s3.us-east-2.amazonaws.com/will-andrew-cuomo-win-the-2025-nyc-mayoral-election-CFbNR1wG_T2X.jpg,new-york-city-mayoral-election,No,1,influenz.eth,Real-Veteran,,,,0x260ecaba3c6e06c8aca528a724ecb08b8076ab76973d640e20cc9fead4da6214,2025-11-04 00:48:09+00:00,3185.0,No,2025-11-05 05:56:23+00:00,29.13722222222222,0.9139999992,0.003999999199999937
0xe8dd7741ccb12350957ec71e9ee332e0d1e6ec86,BUY,104468181147316868388088006861839293041095272602974154655578369735976654024471,0xc40cbb2d7f5d2c43c624bd5b1d0b18cd3d0682b3937363ec7c1ad1d13bee107e,3419.00989,0.909,1762217271,Will Andrew Cuomo win the 2025 NYC mayoral election?,will-andrew-cuomo-win-the-2025-nyc-mayoral-election,https://polymarket-upload.s3.us-east-2.amazonaws.com/will-andrew-cuomo-win-the-2025-nyc-mayoral-election-CFbNR1wG_T2X.jpg,new-york-city-mayoral-election,No,1,influenz.eth,Real-Veteran,,,,0x9a52a916fee8ab5dd759ba70d73443467a300254e1d651f6d53aa68d08942b67,2025-11-04 00:47:51+00:00,3107.87999001,No,2025-11-05 05:56:23+00:00,29.142222222222223,0.9139999992,0.004999999199999938
0x3f7aee8f1fafcd873343105b24f83f3f98a9248e,BUY,104468181147316868388088006861839293041095272602974154655578369735976654024471,0xc40cbb2d7f5d2c43c624bd5b1d0b18cd3d0682b3937363ec7c1ad1d13bee107e,1396.0,0.909,1762214993,Will Andrew Cuomo win the 2025 NYC mayoral election?,will-andrew-cuomo-win-the-2025-nyc-mayoral-election,https://polymarket-upload.s3.us-east-2.amazonaws.com/will-andrew-cuomo-win-the-2025-nyc-mayoral-election-CFbNR1wG_T2X.jpg,new-york-city-mayoral-election,No,1,costcostaff01,Cool-Spread,,,,0x50f5491a98df9a4a21ecc6e8b46b69b3dcbe192ef95013f20ad3245d7411f571,2025-11-04 00:09:53+00:00,1268.964,No,2025-11-05 05:56:23+00:00,29.775,0.917,0.008000000000000007
0x3f7aee8f1fafcd873343105b24f83f3f98a9248e,BUY,104468181147316868388088006861839293041095272602974154655578369735976654024471,0xc40cbb2d7f5d2c43c624bd5b1d0b18cd3d0682b3937363ec7c1ad1d13bee107e,2540.0,0.909,1762214987,Will Andrew Cuomo win the 2025 NYC mayoral election?,will-andrew-cuomo-win-the-2025-nyc-mayoral-election,https://polymarket-upload.s3.us-east-2.amazonaws.com/will-andrew-cuomo-win-the-2025-nyc-mayoral-election-CFbNR1wG_T2X.jpg,new-york-city-mayoral-election,No,1,costcostaff01,Cool-Spread,,,,0xb9bb1d92b324f312c0b47e4f715002cba5cc1e8e883b5410cc3c5ca39c921e84,2025-11-04 00:09:47+00:00,2308.86,No,2025-11-05 05:56:23+00:00,29.776666666666667,0.917,0.008000000000000007
0x63d43bbb87f85af03b8f2f9e2fad7b54334fa2f1,BUY,104468181147316868388088006861839293041095272602974154655578369735976654024471,0xc40cbb2d7f5d2c43c624bd5b1d0b18cd3d0682b3937363ec7c1ad1d13bee107e,1272.16,0.909,1762214981,Will Andrew Cuomo win the 2025 NYC mayoral election?,will-andrew-cuomo-win-the-2025-nyc-mayoral-election,https://polymarket-upload.s3.us-east-2.amazonaws.com/will-andrew-cuomo-win-the-2025-nyc-mayoral-election-CFbNR1wG_T2X.jpg,new-york-city-mayoral-election,No,1,wokerjoesleeper,Vivid-Macrofauna,,,,0xe10aceeeb266fc20ed500313042bd553767039279be839cbd337144eedd28cbf,2025-11-04 00:09:41+00:00,1156.39344,No,2025-11-05 05:56:23+00:00,29.778333333333332,0.917,0.008000000000000007
0x3f7aee8f1fafcd873343105b24f83f3f98a9248e,BUY,104468181147316868388088006861839293041095272602974154655578369735976654024471,0xc40cbb2d7f5d2c43c624bd5b1d0b18cd3d0682b3937363ec7c1ad1d13bee107e,2276.0,0.91,1762214815,Will Andrew Cuomo win the 2025 NYC mayoral election?,will-andrew-cuomo-win-the-2025-nyc-mayoral-election,https://polymarket-upload.s3.us-east-2.amazonaws.com/will-andrew-cuomo-win-the-2025-nyc-mayoral-election-CFbNR1wG_T2X.jpg,new-york-city-mayoral-election,No,1,costcostaff01,Cool-Spread,,,,0xd6484ad0dcdf09ac761fd5ad82336f7938a95c145206078fcc250da458198810,2025-11-04 00:06:55+00:00,2071.16,No,2025-11-05 05:56:23+00:00,29.824444444444445,0.917,0.007000000000000006
0x3f7aee8f1fafcd873343105b24f83f3f98a9248e,BUY,104468181147316868388088006861839293041095272602974154655578369735976654024471,0xc40cbb2d7f5d2c43c624bd5b1d0b18cd3d0682b3937363ec7c1ad1d13bee107e,3252.0,0.909,1762214809,Will Andrew Cuomo win the 2025 NYC mayoral election?,will-andrew-cuomo-win-the-2025-nyc-mayoral-election,https://polymarket-upload.s3.us-east-2.amazonaws.com/will-andrew-cuomo-win-the-2025-nyc-mayoral-election-CFbNR1wG_T2X.jpg,new-york-city-mayoral-election,No,1,costcostaff01,Cool-Spread,,,,0x7bac2bbbb42694c244630edfc16ca064e0a56cf5d75d72b37d1d57aeb60b0b6e,2025-11-04 00:06:49+00:00,2956.068,No,2025-11-05 05:56:23+00:00,29.82611111111111,0.917,0.008000000000000007
0x3f7aee8f1fafcd873343105b24f83f3f98a9248e,BUY,104468181147316868388088006861839293041095272602974154655578369735976654024471,0xc40cbb2d7f5d2c43c624bd5b1d0b18cd3d0682b3937363ec7c1ad1d13bee107e,1270.0,0.91,1762214709,Will Andrew Cuomo win the 2025 NYC mayoral election?,will-andrew-cuomo-win-the-2025-nyc-mayoral-election,https://polymarket-upload.s3.us-east-2.amazonaws.com/will-andrew-cuomo-win-the-2025-nyc-mayoral-election-CFbNR1wG_T2X.jpg,new-york-city-mayoral-election,No,1,costcostaff01,Cool-Spread,,,,0x585482fdc418b4fa2c948056320e5026f82d70340b34e279f39f3e94a4756221,2025-11-04 00:05:09+00:00,1155.7,No,2025-11-05 05:56:23+00:00,29.85388888888889,0.917,0.007000000000000006
0x3f7aee8f1fafcd873343105b24f83f3f98a9248e,BUY,104468181147316868388088006861839293041095272602974154655578369735976654024471,0xc40cbb2d7f5d2c43c624bd5b1d0b18cd3d0682b3937363ec7c1ad1d13bee107e,1444.0,0.912,1762214161,Will Andrew Cuomo win the 2025 NYC mayoral election?,will-andrew-cuomo-win-the-2025-nyc-mayoral-election,https://polymarket-upload.s3.us-east-2.amazonaws.com/will-andrew-cuomo-win-the-2025-nyc-mayoral-election-CFbNR1wG_T2X.jpg,new-york-city-mayoral-election,No,1,costcostaff01,Cool-Spread,,,,0xe2f97948ff763c7e81d8d1019037c3101cbbcd374cbee8481bf6e34fe405d119,2025-11-03 23:56:01+00:00,1316.928,No,2025-11-05 05:56:23+00:00,30.00611111111111,0.917,0.0050000000000000044
0xdd225a03cd7ed89e3931906c67c75ab31cf89ef1,BUY,104468181147316868388088006861839293041095272602974154655578369735976654024471,0xc40cbb2d7f5d2c43c624bd5b1d0b18cd3d0682b3937363ec7c1ad1d13bee107e,1224.02,0.911,1762214141,Will Andrew Cuomo win the 2025 NYC mayoral election?,will-andrew-cuomo-win-the-2025-nyc-mayoral-election,https://polymarket-upload.s3.us-east-2.amazonaws.com/will-andrew-cuomo-win-the-2025-nyc-mayoral-election-CFbNR1wG_T2X.jpg,new-york-city-mayoral-election,No,1,Euan,Roasted-Expression,Choose updating your profile,https://polymarket-upload.s3.us-east-2.amazonaws.com/profile-image-1327652-8b4890c6-20f2-4d3e-b152-ef07b96f3d4d.gif,,0xf34f41420714cc30a80b07776fc3fffa32bf9e118a4c60517336c48b3c5e629a,2025-11-03 23:55:41+00:00,1115.08222,No,2025-11-05 05:56:23+00:00,30.011666666666667,0.917,0.006000000000000005
0x3f7aee8f1fafcd873343105b24f83f3f98a9248e,BUY,104468181147316868388088006861839293041095272602974154655578369735976654024471,0xc40cbb2d7f5d2c43c624bd5b1d0b18cd3d0682b3937363ec7c1ad1d13bee107e,1527.0,0.911,1762214121,Will Andrew Cuomo win the 2025 NYC mayoral election?,will-andrew-cuomo-win-the-2025-nyc-mayoral-election,https://polymarket-upload.s3.us-east-2.amazonaws.com/will-andrew-cuomo-win-the-2025-nyc-mayoral-election-CFbNR1wG_T2X.jpg,new-york-city-mayoral-election,No,1,costcostaff01,Cool-Spread,,,,0x0304a0d2fc357c668df221481ceb706b391b418b6e12804ad942da5cfd1bd671,2025-11-03 23:55:21+00:00,1391.097,No,2025-11-05 05:56:23+00:00,30.017222222222223,0.917,0.006000000000000005
0x7c3db723f1d4d8cb9c550095203b686cb11e5c6b,BUY,104468181147316868388088006861839293041095272602974154655578369735976654024471,0xc40cbb2d7f5d2c43c624bd5b1d0b18cd3d0682b3937363ec7c1ad1d13bee107e,4954.3,0.917,1762212121,Will Andrew Cuomo win the 2025 NYC mayoral election?,will-andrew-cuomo-win-the-2025-nyc-mayoral-election,https://polymarket-upload.s3.us-east-2.amazonaws.com/will-andrew-cuomo-win-the-2025-nyc-mayoral-election-CFbNR1wG_T2X.jpg,new-york-city-mayoral-election,No,1,Car,Peppery-Capital,what is your plan,https://polymarket-upload.s3.us-east-2.amazonaws.com/profile-image-501613-aa434e55-7732-41b1-9650-83a9d1d716ef.png,,0xed0dcedd02a703603dc9bba71cca3349071fb13c050488042df30802071a3764,2025-11-03 23:22:01+00:00,4543.0931,No,2025-11-05 05:56:23+00:00,30.572777777777777,0.9189999994,0.001999999399999952
0x3f7aee8f1fafcd873343105b24f83f3f98a9248e,BUY,104468181147316868388088006861839293041095272602974154655578369735976654024471,0xc40cbb2d7f5d2c43c624bd5b1d0b18cd3d0682b3937363ec7c1ad1d13bee107e,1458.0,0.914,1762211685,Will Andrew Cuomo win the 2025 NYC mayoral election?,will-andrew-cuomo-win-the-2025-nyc-mayoral-election,https://polymarket-upload.s3.us-east-2.amazonaws.com/will-andrew-cuomo-win-the-2025-nyc-mayoral-election-CFbNR1wG_T2X.jpg,new-york-city-mayoral-election,No,1,costcostaff01,Cool-Spread,,,,0x506edbfd714e1fc90cf5f9be99220dc6ff203d8259e764ca3281a564cf9066a6,2025-11-03 23:14:45+00:00,1332.612,No,2025-11-05 05:56:23+00:00,30.69388888888889,0.9189999994,0.004999999399999955
0x3f7aee8f1fafcd873343105b24f83f3f98a9248e,BUY,104468181147316868388088006861839293041095272602974154655578369735976654024471,0xc40cbb2d7f5d2c43c624bd5b1d0b18cd3d0682b3937363ec7c1ad1d13bee107e,2084.0,0.914,1762211677,Will Andrew Cuomo win the 2025 NYC mayoral election?,will-andrew-cuomo-win-the-2025-nyc-mayoral-election,https://polymarket-upload.s3.us-east-2.amazonaws.com/will-andrew-cuomo-win-the-2025-nyc-mayoral-election-CFbNR1wG_T2X.jpg,new-york-city-mayoral-election,No,1,costcostaff01,Cool-Spread,,,,0x177cc0f6610d608e1686dd0f5b693795bffb1ec5ec712a96a2aa3382827dc91c,2025-11-03 23:14:37+00:00,1904.776,No,2025-11-05 05:56:23+00:00,30.69611111111111,0.9189999994,0.004999999399999955
0x3f7aee8f1fafcd873343105b24f83f3f98a9248e,BUY,104468181147316868388088006861839293041095272602974154655578369735976654024471,0xc40cbb2d7f5d2c43c624bd5b1d0b18cd3d0682b3937363ec7c1ad1d13bee107e,2976.0,0.914,1762211671,Will Andrew Cuomo win the 2025 NYC mayoral election?,will-andrew-cuomo-win-the-2025-nyc-mayoral-election,https://polymarket-upload.s3.us-east-2.amazonaws.com/will-andrew-cuomo-win-the-2025-nyc-mayoral-election-CFbNR1wG_T2X.jpg,new-york-city-mayoral-election,No,1,costcostaff01,Cool-Spread,,,,0x885012d7a54f891a31cef409ea1a12b61af150cd96b3bbc961f0e4d5e5be1e5a,2025-11-03 23:14:31+00:00,2720.0640000000003,No,2025-11-05 05:56:23+00:00,30.697777777777777,0.9189999994,0.004999999399999955
0x63d43bbb87f85af03b8f2f9e2fad7b54334fa2f1,BUY,104468181147316868388088006861839293041095272602974154655578369735976654024471,0xc40cbb2d7f5d2c43c624bd5b1d0b18cd3d0682b3937363ec7c1ad1d13bee107e,2000.0,0.919,1762209687,Will Andrew Cuomo win the 2025 NYC mayoral election?,will-andrew-cuomo-win-the-2025-nyc-mayoral-election,https://polymarket-upload.s3.us-east-2.amazonaws.com/will-andrew-cuomo-win-the-2025-nyc-mayoral-election-CFbNR1wG_T2X.jpg,new-york-city-mayoral-election,No,1,wokerjoesleeper,Vivid-Macrofauna,,,,0x93168a6029edbac803304960868779eefd6a2f904347776fffa3fc036a9a7f83,2025-11-03 22:41:27+00:00,1838.0,No,2025-11-05 05:56:23+00:00,31.24888888888889,0.921,0.0020000000000000018
0xd218e474776403a330142299f7796e8ba32eb5c9,BUY,104468181147316868388088006861839293041095272602974154655578369735976654024471,0xc40cbb2d7f5d2c43c624bd5b1d0b18cd3d0682b3937363ec7c1ad1d13bee107e,2380.0,0.9180189034,1762209685,Will Andrew Cuomo win the 2025 NYC mayoral election?,will-andrew-cuomo-win-the-2025-nyc-mayoral-election,https://polymarket-upload.s3.us-east-2.amazonaws.com/will-andrew-cuomo-win-the-2025-nyc-mayoral-election-CFbNR1wG_T2X.jpg,new-york-city-mayoral-election,No,1,cigarettes,Attentive-Crewman,broken grid,,,0x48ad18396f15df16f5f25ca22faa7d62924ed370816e386e9a2b219e98532310,2025-11-03 22:41:25+00:00,2184.884990092,No,2025-11-05 05:56:23+00:00,31.249444444444446,0.921,0.0029810966000000105
0xe8dd7741ccb12350957ec71e9ee332e0d1e6ec86,BUY,104468181147316868388088006861839293041095272602974154655578369735976654024471,0xc40cbb2d7f5d2c43c624bd5b1d0b18cd3d0682b3937363ec7c1ad1d13bee107e,1743.860409,0.917,1762209459,Will Andrew Cuomo win the 2025 NYC mayoral election?,will-andrew-cuomo-win-the-2025-nyc-mayoral-election,https://polymarket-upload.s3.us-east-2.amazonaws.com/will-andrew-cuomo-win-the-2025-nyc-mayoral-election-CFbNR1wG_T2X.jpg,new-york-city-mayoral-election,No,1,influenz.eth,Real-Veteran,,,,0x659b76cee74914e74333845a3316e6226a0ffba4edfd3356ab2ec295d738a203,2025-11-03 22:37:39+00:00,1599.119995053,No,2025-11-05 05:56:23+00:00,31.31222222222222,0.921,0.0040000000000000036
0x3f7aee8f1fafcd873343105b24f83f3f98a9248e,BUY,104468181147316868388088006861839293041095272602974154655578369735976654024471,0xc40cbb2d7f5d2c43c624bd5b1d0b18cd3d0682b3937363ec7c1ad1d13bee107e,1517.0,0.916,1762209355,Will Andrew Cuomo win the 2025 NYC mayoral election?,will-andrew-cuomo-win-the-2025-nyc-mayoral-election,https://polymarket-upload.s3.us-east-2.amazonaws.com/will-andrew-cuomo-win-the-2025-nyc-mayoral-election-CFbNR1wG_T2X.jpg,new-york-city-mayoral-election,No,1,costcostaff01,Cool-Spread,,,,0x606ab6ba33457e0c76eb32ba93b6d07281ff1d432023e8d0a5d4b69956ed091a,2025-11-03 22:35:55+00:00,1389.5720000000001,No,2025-11-05 05:56:23+00:00,31.34111111111111,0.921,0.0050000000000000044
0x63d43bbb87f85af03b8f2f9e2fad7b54334fa2f1,BUY,104468181147316868388088006861839293041095272602974154655578369735976654024471,0xc40cbb2d7f5d2c43c624bd5b1d0b18cd3d0682b3937363ec7c1ad1d13bee107e,1594.44,0.914,1762209125,Will Andrew Cuomo win the 2025 NYC mayoral election?,will-andrew-cuomo-win-the-2025-nyc-mayoral-election,https://polymarket-upload.s3.us-east-2.amazonaws.com/will-andrew-cuomo-win-the-2025-nyc-mayoral-election-CFbNR1wG_T2X.jpg,new-york-city-mayoral-election,No,1,wokerjoesleeper,Vivid-Macrofauna,,,,0x4eacedf296aeb873f819af12e5af1161a9a682c0328c9204da3fe57150c0db95,2025-11-03 22:32:05+00:00,1457.31816,No,2025-11-05 05:56:23+00:00,31.405,0.921,0.007000000000000006
0x3f7aee8f1fafcd873343105b24f83f3f98a9248e,BUY,104468181147316868388088006861839293041095272602974154655578369735976654024471,0xc40cbb2d7f5d2c43c624bd5b1d0b18cd3d0682b3937363ec7c1ad1d13bee107e,1229.0,0.913,1762206467,Will Andrew Cuomo win the 2025 NYC mayoral election?,will-andrew-cuomo-win-the-2025-nyc-mayoral-election,https://polymarket-upload.s3.us-east-2.amazonaws.com/will-andrew-cuomo-win-the-2025-nyc-mayoral-election-CFbNR1wG_T2X.jpg,new-york-city-mayoral-election,No,1,costcostaff01,Cool-Spread,,,,0xce3af749fad3c7e7da205ebc553f2b685ef5da95db732fb32ca61b3ef58a9986,2025-11-03 21:47:47+00:00,1122.077,No,2025-11-05 05:56:23+00:00,32.14333333333333,0.921,0.008000000000000007
0x3f7aee8f1fafcd873343105b24f83f3f98a9248e,BUY,104468181147316868388088006861839293041095272602974154655578369735976654024471,0xc40cbb2d7f5d2c43c624bd5b1d0b18cd3d0682b3937363ec7c1ad1d13bee107e,1767.0,0.913,1762206461,Will Andrew Cuomo win the 2025 NYC mayoral election?,will-andrew-cuomo-win-the-2025-nyc-mayoral-election,https://polymarket-upload.s3.us-east-2.amazonaws.com/will-andrew-cuomo-win-the-2025-nyc-mayoral-election-CFbNR1wG_T2X.jpg,new-york-city-mayoral-election,No,1,costcostaff01,Cool-Spread,,,,0x4462e089b08c1d7e3771906bf1d79d42b4415069cece4f06e0fffc8d50c09bf3,2025-11-03 21:47:41+00:00,1613.271,No,2025-11-05 05:56:23+00:00,32.145,0.921,0.008000000000000007
0xd218e474776403a330142299f7796e8ba32eb5c9,BUY,104468181147316868388088006861839293041095272602974154655578369735976654024471,0xc40cbb2d7f5d2c43c624bd5b1d0b18cd3d0682b3937363ec7c1ad1d13bee107e,9000.0,0.918,1762205407,Will Andrew Cuomo win the 2025 NYC mayoral election?,will-andrew-cuomo-win-the-2025-nyc-mayoral-election,https://polymarket-upload.s3.us-east-2.amazonaws.com/will-andrew-cuomo-win-the-2025-nyc-mayoral-election-CFbNR1wG_T2X.jpg,new-york-city-mayoral-election,No,1,cigarettes,Attentive-Crewman,broken grid,,,0x47db6463160e99b827d739d6c37950df56003ed7732ccb4a6f4f6bc370777df3,2025-11-03 21:30:07+00:00,8262.0,No,2025-11-05 05:56:23+00:00,32.437777777777775,0.921,0.0030000000000000027
0xd218e474776403a330142299f7796e8ba32eb5c9,BUY,104468181147316868388088006861839293041095272602974154655578369735976654024471,0xc40cbb2d7f5d2c43c624bd5b1d0b18cd3d0682b3937363ec7c1ad1d13bee107e,2103.0,0.918,1762205399,Will Andrew Cuomo win the 2025 NYC mayoral election?,will-andrew-cuomo-win-the-2025-nyc-mayoral-election,https://polymarket-upload.s3.us-east-2.amazonaws.com/will-andrew-cuomo-win-the-2025-nyc-mayoral-election-CFbNR1wG_T2X.jpg,new-york-city-mayoral-election,No,1,cigarettes,Attentive-Crewman,broken grid,,,0xda490e34010e1e1ae32212b770172168598435822f71417ed53a140e643e7518,2025-11-03 21:29:59+00:00,1930.554,No,2025-11-05 05:56:23+00:00,32.44,0.921,0.0030000000000000027
0xe8dd7741ccb12350957ec71e9ee332e0d1e6ec86,BUY,104468181147316868388088006861839293041095272602974154655578369735976654024471,0xc40cbb2d7f5d2c43c624bd5b1d0b18cd3d0682b3937363ec7c1ad1d13bee107e,1827.688108,0.917,1762205399,Will Andrew Cuomo win the 2025 NYC mayoral election?,will-andrew-cuomo-win-the-2025-nyc-mayoral-election,https://polymarket-upload.s3.us-east-2.amazonaws.com/will-andrew-cuomo-win-the-2025-nyc-mayoral-election-CFbNR1wG_T2X.jpg,new-york-city-mayoral-election,No,1,influenz.eth,Real-Veteran,,,,0x2c7ca4bf6853bb296f244fb119cb75a5cec18f60514dda22d0b178c69469693d,2025-11-03 21:29:59+00:00,1675.9899950360002,No,2025-11-05 05:56:23+00:00,32.44,0.921,0.0040000000000000036
0xc6dd722558dbfbd8fa780efcbe819ed8c6604b9f,BUY,104468181147316868388088006861839293041095272602974154655578369735976654024471,0xc40cbb2d7f5d2c43c624bd5b1d0b18cd3d0682b3937363ec7c1ad1d13bee107e,1672.32,0.916,1762205391,Will Andrew Cuomo win the 2025 NYC mayoral election?,will-andrew-cuomo-win-the-2025-nyc-mayoral-election,https://polymarket-upload.s3.us-east-2.amazonaws.com/will-andrew-cuomo-win-the-2025-nyc-mayoral-election-CFbNR1wG_T2X.jpg,new-york-city-mayoral-election,No,1,tourists,Trusting-Bungalow,Do you wanna go to Bali or Borneo,https://polymarket-upload.s3.us-east-2.amazonaws.com/profile-image-2909538-0895d69a-234c-409a-b0f4-ca4253ab5cb6.jpg,,0x62566636f93fde6cfc47baf5c46a9c7b320fbbdb6d84a052ff44011bedf137d2,2025-11-03 21:29:51+00:00,1531.84512,No,2025-11-05 05:56:23+00:00,32.44222222222222,0.921,0.0050000000000000044
0x088ffbbc6f2c0b3839d2832e75f37e1bcecbc9e7,BUY,104468181147316868388088006861839293041095272602974154655578369735976654024471,0xc40cbb2d7f5d2c43c624bd5b1d0b18cd3d0682b3937363ec7c1ad1d13bee107e,44888.6,0.911,1762205139,Will Andrew Cuomo win the 2025 NYC mayoral election?,will-andrew-cuomo-win-the-2025-nyc-mayoral-election,https://polymarket-upload.s3.us-east-2.amazonaws.com/will-andrew-cuomo-win-the-2025-nyc-mayoral-election-CFbNR1wG_T2X.jpg,new-york-city-mayoral-election,No,1,MisTKy3,Supportive-Moai,1974,https://polymarket-upload.s3.us-east-2.amazonaws.com/7f0b77c87a75c15f6c32a1a145909e43_3a107f18-42d8-477d-9572-cee5296011a8_1741675058855.jpg,,0x61bdc1e36da7ddfb70ac957039ff3b814489cf449e6ba550381dfbcdee98c736,2025-11-03 21:25:39+00:00,40893.5146,No,2025-11-05 05:56:23+00:00,32.51222222222222,0.921,0.010000000000000009
0xd218e474776403a330142299f7796e8ba32eb5c9,BUY,104468181147316868388088006861839293041095272602974154655578369735976654024471,0xc40cbb2d7f5d2c43c624bd5b1d0b18cd3d0682b3937363ec7c1ad1d13bee107e,1200.0,0.911,1762205107,Will Andrew Cuomo win the 2025 NYC mayoral election?,will-andrew-cuomo-win-the-2025-nyc-mayoral-election,https://polymarket-upload.s3.us-east-2.amazonaws.com/will-andrew-cuomo-win-the-2025-nyc-mayoral-election-CFbNR1wG_T2X.jpg,new-york-city-mayoral-election,No,1,cigarettes,Attentive-Crewman,broken grid,,,0x103cccef86f96b243871bc627ed5ee1df24d356259d13c53feb294594e6379d9,2025-11-03 21:25:07+00:00,1093.2,No,2025-11-05 05:56:23+00:00,32.52111111111111,0.921,0.010000000000000009
0xd218e474776403a330142299f7796e8ba32eb5c9,BUY,104468181147316868388088006861839293041095272602974154655578369735976654024471,0xc40cbb2d7f5d2c43c624bd5b1d0b18cd3d0682b3937363ec7c1ad1d13bee107e,4901.42,0.911,1762205073,Will Andrew Cuomo win the 2025 NYC mayoral election?,will-andrew-cuomo-win-the-2025-nyc-mayoral-election,https://polymarket-upload.s3.us-east-2.amazonaws.com/will-andrew-cuomo-win-the-2025-nyc-mayoral-election-CFbNR1wG_T2X.jpg,new-york-city-mayoral-election,No,1,cigarettes,Attentive-Crewman,broken grid,,,0xe42a69e3ebfee19841d3a1c76ca87b9030eab2139875f9bafa25e8889f39c11e,2025-11-03 21:24:33+00:00,4465.19362,No,2025-11-05 05:56:23+00:00,32.53055555555556,0.921,0.010000000000000009
0xe8dd7741ccb12350957ec71e9ee332e0d1e6ec86,BUY,104468181147316868388088006861839293041095272602974154655578369735976654024471,0xc40cbb2d7f5d2c43c624bd5b1d0b18cd3d0682b3937363ec7c1ad1d13bee107e,3500.0,0.911,1762205073,Will Andrew Cuomo win the 2025 NYC mayoral election?,will-andrew-cuomo-win-the-2025-nyc-mayoral-election,https://polymarket-upload.s3.us-east-2.amazonaws.com/will-andrew-cuomo-win-the-2025-nyc-mayoral-election-CFbNR1wG_T2X.jpg,new-york-city-mayoral-election,No,1,influenz.eth,Real-Veteran,,,,0x76b158826906719d16595b0cfedadaaf84d9de8bef6b5328da8904882c98cc24,2025-11-03 21:24:33+00:00,3188.5,No,2025-11-05 05:56:23+00:00,32.53055555555556,0.921,0.010000000000000009
0x63d43bbb87f85af03b8f2f9e2fad7b54334fa2f1,BUY,104468181147316868388088006861839293041095272602974154655578369735976654024471,0xc40cbb2d7f5d2c43c624bd5b1d0b18cd3d0682b3937363ec7c1ad1d13bee107e,1528.52,0.909,1762205011,Will Andrew Cuomo win the 2025 NYC mayoral election?,will-andrew-cuomo-win-the-2025-nyc-mayoral-election,https://polymarket-upload.s3.us-east-2.amazonaws.com/will-andrew-cuomo-win-the-2025-nyc-mayoral-election-CFbNR1wG_T2X.jpg,new-york-city-mayoral-election,No,1,wokerjoesleeper,Vivid-Macrofauna,,,,0x95fb07f55cd24d4ebc5e29c079d572ac5b658c7eb89dd4de93d2e0629cac90c5,2025-11-03 21:23:31+00:00,1389.42468,No,2025-11-05 05:56:23+00:00,32.547777777777775,0.921,0.01200000000000001
0x63d43bbb87f85af03b8f2f9e2fad7b54334fa2f1,BUY,104468181147316868388088006861839293041095272602974154655578369735976654024471,0xc40cbb2d7f5d2c43c624bd5b1d0b18cd3d0682b3937363ec7c1ad1d13bee107e,1529.0,0.909,1762205009,Will Andrew Cuomo win the 2025 NYC mayoral election?,will-andrew-cuomo-win-the-2025-nyc-mayoral-election,https://polymarket-upload.s3.us-east-2.amazonaws.com/will-andrew-cuomo-win-the-2025-nyc-mayoral-election-CFbNR1wG_T2X.jpg,new-york-city-mayoral-election,No,1,wokerjoesleeper,Vivid-Macrofauna,,,,0x55a9dfff841e63cbac6a3db6820f5f9332e88e566341a1cead8182f913263674,2025-11-03 21:23:29+00:00,1389.861,No,2025-11-05 05:56:23+00:00,32.54833333333333,0.921,0.01200000000000001
0x63d43bbb87f85af03b8f2f9e2fad7b54334fa2f1,BUY,104468181147316868388088006861839293041095272602974154655578369735976654024471,0xc40cbb2d7f5d2c43c624bd5b1d0b18cd3d0682b3937363ec7c1ad1d13bee107e,8432.0,0.909,1762205009,Will Andrew Cuomo win the 2025 NYC mayoral election?,will-andrew-cuomo-win-the-2025-nyc-mayoral-election,https://polymarket-upload.s3.us-east-2.amazonaws.com/will-andrew-cuomo-win-the-2025-nyc-mayoral-election-CFbNR1wG_T2X.jpg,new-york-city-mayoral-election,No,1,wokerjoesleeper,Vivid-Macrofauna,,,,0x6ad2cbe5213d1199c2426714e8b38600cdd153f4fdfeb20f3886a1bb7b7bcc7a,2025-11-03 21:23:29+00:00,7664.688,No,2025-11-05 05:56:23+00:00,32.54833333333333,0.921,0.01200000000000001
0x63d43bbb87f85af03b8f2f9e2fad7b54334fa2f1,BUY,104468181147316868388088006861839293041095272602974154655578369735976654024471,0xc40cbb2d7f5d2c43c624bd5b1d0b18cd3d0682b3937363ec7c1ad1d13bee107e,2000.0,0.908,1762204997,Will Andrew Cuomo win the 2025 NYC mayoral election?,will-andrew-cuomo-win-the-2025-nyc-mayoral-election,https://polymarket-upload.s3.us-east-2.amazonaws.com/will-andrew-cuomo-win-the-2025-nyc-mayoral-election-CFbNR1wG_T2X.jpg,new-york-city-mayoral-election,No,1,wokerjoesleeper,Vivid-Macrofauna,,,,0xaa58b7d7e28b9d43af9f67b8c32c35b4970d2076c64be8a9cb1f4657de22507c,2025-11-03 21:23:17+00:00,1816.0,No,2025-11-05 05:56:23+00:00,32.55166666666667,0.921,0.013000000000000012
0xe8dd7741ccb12350957ec71e9ee332e0d1e6ec86,BUY,104468181147316868388088006861839293041095272602974154655578369735976654024471,0xc40cbb2d7f5d2c43c624bd5b1d0b18cd3d0682b3937363ec7c1ad1d13bee107e,2023.314967,0.908,1762204997,Will Andrew Cuomo win the 2025 NYC mayoral election?,will-andrew-cuomo-win-the-2025-nyc-mayoral-election,https://polymarket-upload.s3.us-east-2.amazonaws.com/will-andrew-cuomo-win-the-2025-nyc-mayoral-election-CFbNR1wG_T2X.jpg,new-york-city-mayoral-election,No,1,influenz.eth,Real-Veteran,,,,0x8d32d83471e8b4276cc8ba7609824d06373fc5d63271a9cb338f3b5c1ba2eb1a,2025-11-03 21:23:17+00:00,1837.1699900360002,No,2025-11-05 05:56:23+00:00,32.55166666666667,0.921,0.013000000000000012
0x3f7aee8f1fafcd873343105b24f83f3f98a9248e,BUY,104468181147316868388088006861839293041095272602974154655578369735976654024471,0xc40cbb2d7f5d2c43c624bd5b1d0b18cd3d0682b3937363ec7c1ad1d13bee107e,1360.0,0.908,1762204985,Will Andrew Cuomo win the 2025 NYC mayoral election?,will-andrew-cuomo-win-the-2025-nyc-mayoral-election,https://polymarket-upload.s3.us-east-2.amazonaws.com/will-andrew-cuomo-win-the-2025-nyc-mayoral-election-CFbNR1wG_T2X.jpg,new-york-city-mayoral-election,No,1,costcostaff01,Cool-Spread,,,,0x63da2be97312dd7eebc56db03d154420bab287c4db3cf6c174eb9e6dd622730f,2025-11-03 21:23:05+00:00,1234.88,No,2025-11-05 05:56:23+00:00,32.555,0.921,0.013000000000000012
0x3f7aee8f1fafcd873343105b24f83f3f98a9248e,BUY,104468181147316868388088006861839293041095272602974154655578369735976654024471,0xc40cbb2d7f5d2c43c624bd5b1d0b18cd3d0682b3937363ec7c1ad1d13bee107e,1986.0,0.908,1762204979,Will Andrew Cuomo win the 2025 NYC mayoral election?,will-andrew-cuomo-win-the-2025-nyc-mayoral-election,https://polymarket-upload.s3.us-east-2.amazonaws.com/will-andrew-cuomo-win-the-2025-nyc-mayoral-election-CFbNR1wG_T2X.jpg,new-york-city-mayoral-election,No,1,costcostaff01,Cool-Spread,,,,0xa688dcdd5d81f806607bee32e3862f12199180e98ae263adf2b25424967dccdb,2025-11-03 21:22:59+00:00,1803.288,No,2025-11-05 05:56:23+00:00,32.556666666666665,0.921,0.013000000000000012
0x3f7aee8f1fafcd873343105b24f83f3f98a9248e,BUY,104468181147316868388088006861839293041095272602974154655578369735976654024471,0xc40cbb2d7f5d2c43c624bd5b1d0b18cd3d0682b3937363ec7c1ad1d13bee107e,2837.0,0.908,1762204973,Will Andrew Cuomo win the 2025 NYC mayoral election?,will-andrew-cuomo-win-the-2025-nyc-mayoral-election,https://polymarket-upload.s3.us-east-2.amazonaws.com/will-andrew-cuomo-win-the-2025-nyc-mayoral-election-CFbNR1wG_T2X.jpg,new-york-city-mayoral-election,No,1,costcostaff01,Cool-Spread,,,,0xa46665cb4d898adc4137af83e73991ab959f42966cd0423b1d8000e3b0f0497e,2025-11-03 21:22:53+00:00,2575.996,No,2025-11-05 05:56:23+00:00,32.55833333333333,0.921,0.013000000000000012
0x63d43bbb87f85af03b8f2f9e2fad7b54334fa2f1,BUY,104468181147316868388088006861839293041095272602974154655578369735976654024471,0xc40cbb2d7f5d2c43c624bd5b1d0b18cd3d0682b3937363ec7c1ad1d13bee107e,2000.0,0.908,1762204971,Will Andrew Cuomo win the 2025 NYC mayoral election?,will-andrew-cuomo-win-the-2025-nyc-mayoral-election,https://polymarket-upload.s3.us-east-2.amazonaws.com/will-andrew-cuomo-win-the-2025-nyc-mayoral-election-CFbNR1wG_T2X.jpg,new-york-city-mayoral-election,No,1,wokerjoesleeper,Vivid-Macrofauna,,,,0xd5d36cf90d75923516af85cd1fb4563ed2d49018d9b2d2f87a0f47c3424c0ca6,2025-11-03 21:22:51+00:00,1816.0,No,2025-11-05 05:56:23+00:00,32.55888888888889,0.921,0.013000000000000012
0x3f7aee8f1fafcd873343105b24f83f3f98a9248e,BUY,104468181147316868388088006861839293041095272602974154655578369735976654024471,0xc40cbb2d7f5d2c43c624bd5b1d0b18cd3d0682b3937363ec7c1ad1d13bee107e,1556.0,0.908,1762204961,Will Andrew Cuomo win the 2025 NYC mayoral election?,will-andrew-cuomo-win-the-2025-nyc-mayoral-election,https://polymarket-upload.s3.us-east-2.amazonaws.com/will-andrew-cuomo-win-the-2025-nyc-mayoral-election-CFbNR1wG_T2X.jpg,new-york-city-mayoral-election,No,1,costcostaff01,Cool-Spread,,,,0xd2d496d2c6cfb095557772082fc02d16d4db97514a970d4208f0857bd6c5e4f3,2025-11-03 21:22:41+00:00,1412.848,No,2025-11-05 05:56:23+00:00,32.56166666666667,0.921,0.013000000000000012
0xdd225a03cd7ed89e3931906c67c75ab31cf89ef1,BUY,104468181147316868388088006861839293041095272602974154655578369735976654024471,0xc40cbb2d7f5d2c43c624bd5b1d0b18cd3d0682b3937363ec7c1ad1d13bee107e,3257.98,0.908,1762204887,Will Andrew Cuomo win the 2025 NYC mayoral election?,will-andrew-cuomo-win-the-2025-nyc-mayoral-election,https://polymarket-upload.s3.us-east-2.amazonaws.com/will-andrew-cuomo-win-the-2025-nyc-mayoral-election-CFbNR1wG_T2X.jpg,new-york-city-mayoral-election,No,1,Euan,Roasted-Expression,Choose updating your profile,https://polymarket-upload.s3.us-east-2.amazonaws.com/profile-image-1327652-8b4890c6-20f2-4d3e-b152-ef07b96f3d4d.gif,,0xe111e55b0f718c2426c018def6dd46b32833c6ee43742466b7297ae48a6d9751,2025-11-03 21:21:27+00:00,2958.24584,No,2025-11-05 05:56:23+00:00,32.58222222222222,0.921,0.013000000000000012
0x3f7aee8f1fafcd873343105b24f83f3f98a9248e,BUY,104468181147316868388088006861839293041095272602974154655578369735976654024471,0xc40cbb2d7f5d2c43c624bd5b1d0b18cd3d0682b3937363ec7c1ad1d13bee107e,1396.0,0.908,1762204881,Will Andrew Cuomo win the 2025 NYC mayoral election?,will-andrew-cuomo-win-the-2025-nyc-mayoral-election,https://polymarket-upload.s3.us-east-2.amazonaws.com/will-andrew-cuomo-win-the-2025-nyc-mayoral-election-CFbNR1wG_T2X.jpg,new-york-city-mayoral-election,No,1,costcostaff01,Cool-Spread,,,,0x99e8902d3c39beb8b750a76259be1b35610401d75553c7239dae6a9e4f47c9ab,2025-11-03 21:21:21+00:00,1267.568,No,2025-11-05 05:56:23+00:00,32.583888888888886,0.921,0.013000000000000012
0x3f7aee8f1fafcd873343105b24f83f3f98a9248e,BUY,104468181147316868388088006861839293041095272602974154655578369735976654024471,0xc40cbb2d7f5d2c43c624bd5b1d0b18cd3d0682b3937363ec7c1ad1d13bee107e,1994.0,0.908,1762204875,Will Andrew Cuomo win the 2025 NYC mayoral election?,will-andrew-cuomo-win-the-2025-nyc-mayoral-election,https://polymarket-upload.s3.us-east-2.amazonaws.com/will-andrew-cuomo-win-the-2025-nyc-mayoral-election-CFbNR1wG_T2X.jpg,new-york-city-mayoral-election,No,1,costcostaff01,Cool-Spread,,,,0x166da1fd34370e9b4049687d07f54aac39c8c4f3aaf6e0917d08fe1d6e00d6ab,2025-11-03 21:21:15+00:00,1810.5520000000001,No,2025-11-05 05:56:23+00:00,32.58555555555556,0.921,0.013000000000000012
0x3f7aee8f1fafcd873343105b24f83f3f98a9248e,BUY,104468181147316868388088006861839293041095272602974154655578369735976654024471,0xc40cbb2d7f5d2c43c624bd5b1d0b18cd3d0682b3937363ec7c1ad1d13bee107e,2853.0,0.908,1762204869,Will Andrew Cuomo win the 2025 NYC mayoral election?,will-andrew-cuomo-win-the-2025-nyc-mayoral-election,https://polymarket-upload.s3.us-east-2.amazonaws.com/will-andrew-cuomo-win-the-2025-nyc-mayoral-election-CFbNR1wG_T2X.jpg,new-york-city-mayoral-election,No,1,costcostaff01,Cool-Spread,,,,0x9a0cf3781874ff6917a2f74967a653aec8a595bccda457c4a25a5e720029d916,2025-11-03 21:21:09+00:00,2590.524,No,2025-11-05 05:56:23+00:00,32.58722222222222,0.921,0.013000000000000012
0xe8dd7741ccb12350957ec71e9ee332e0d1e6ec86,BUY,104468181147316868388088006861839293041095272602974154655578369735976654024471,0xc40cbb2d7f5d2c43c624bd5b1d0b18cd3d0682b3937363ec7c1ad1d13bee107e,2351.67843,0.906999005,1762204805,Will Andrew Cuomo win the 2025 NYC mayoral election?,will-andrew-cuomo-win-the-2025-nyc-mayoral-election,https://polymarket-upload.s3.us-east-2.amazonaws.com/will-andrew-cuomo-win-the-2025-nyc-mayoral-election-CFbNR1wG_T2X.jpg,new-york-city-mayoral-election,No,1,influenz.eth,Real-Veteran,,,,0x5c6cc68fe3db1e100152b55e1a35ca1d43ad09e7b9d94c1ee9adec7f96e47fb2,2025-11-03 21:20:05+00:00,2132.969996089962,No,2025-11-05 05:56:23+00:00,32.605,0.921,0.014000995000000072
0x3f7aee8f1fafcd873343105b24f83f3f98a9248e,BUY,104468181147316868388088006861839293041095272602974154655578369735976654024471,0xc40cbb2d7f5d2c43c624bd5b1d0b18cd3d0682b3937363ec7c1ad1d13bee107e,1470.0,0.91,1762204263,Will Andrew Cuomo win the 2025 NYC mayoral election?,will-andrew-cuomo-win-the-2025-nyc-mayoral-election,https://polymarket-upload.s3.us-east-2.amazonaws.com/will-andrew-cuomo-win-the-2025-nyc-mayoral-election-CFbNR1wG_T2X.jpg,new-york-city-mayoral-election,No,1,costcostaff01,Cool-Spread,,,,0x3fecb7330cc827e613647da1dd079cd743a4f82cd9895ae9e2bb6ff3328378fa,2025-11-03 21:11:03+00:00,1337.7,No,2025-11-05 05:56:23+00:00,32.75555555555555,0.921,0.01100000000000001
0x3f7aee8f1fafcd873343105b24f83f3f98a9248e,BUY,104468181147316868388088006861839293041095272602974154655578369735976654024471,0xc40cbb2d7f5d2c43c624bd5b1d0b18cd3d0682b3937363ec7c1ad1d13bee107e,2100.0,0.91,1762204257,Will Andrew Cuomo win the 2025 NYC mayoral election?,will-andrew-cuomo-win-the-2025-nyc-mayoral-election,https://polymarket-upload.s3.us-east-2.amazonaws.com/will-andrew-cuomo-win-the-2025-nyc-mayoral-election-CFbNR1wG_T2X.jpg,new-york-city-mayoral-election,No,1,costcostaff01,Cool-Spread,,,,0x3a122b3252f7f5fed0998e405784cbdb18ed6bcf0feffa0cc2b4117dfb8de577,2025-11-03 21:10:57+00:00,1911.0,No,2025-11-05 05:56:23+00:00,32.757222222222225,0.921,0.01100000000000001
0x3f7aee8f1fafcd873343105b24f83f3f98a9248e,BUY,104468181147316868388088006861839293041095272602974154655578369735976654024471,0xc40cbb2d7f5d2c43c624bd5b1d0b18cd3d0682b3937363ec7c1ad1d13bee107e,3000.0,0.91,1762204251,Will Andrew Cuomo win the 2025 NYC mayoral election?,will-andrew-cuomo-win-the-2025-nyc-mayoral-election,https://polymarket-upload.s3.us-east-2.amazonaws.com/will-andrew-cuomo-win-the-2025-nyc-mayoral-election-CFbNR1wG_T2X.jpg,new-york-city-mayoral-election,No,1,costcostaff01,Cool-Spread,,,,0x77db5f56b92e0f3e5c5e58d260c789bd6b676b3464716b60e816e27b0ba5601b,2025-11-03 21:10:51+00:00,2730.0,No,2025-11-05 05:56:23+00:00,32.75888888888889,0.921,0.01100000000000001
0x241f846866c2de4fb67cdb0ca6b963d85e56ef50,BUY,104468181147316868388088006861839293041095272602974154655578369735976654024471,0xc40cbb2d7f5d2c43c624bd5b1d0b18cd3d0682b3937363ec7c1ad1d13bee107e,15000.0,0.911,1762204121,Will Andrew Cuomo win the 2025 NYC mayoral election?,will-andrew-cuomo-win-the-2025-nyc-mayoral-election,https://polymarket-upload.s3.us-east-2.amazonaws.com/will-andrew-cuomo-win-the-2025-nyc-mayoral-election-CFbNR1wG_T2X.jpg,new-york-city-mayoral-election,No,1,Pestle,Excitable-Saviour,,https://polymarket-upload.s3.us-east-2.amazonaws.com/profile-image-1793305-ecb4f75a-82a9-4acd-9054-9921831874b4.png,,0x054ce9da432d1c152646900c349962466c0eb885a46a380d73cf4872e7a17a52,2025-11-03 21:08:41+00:00,13665.0,No,2025-11-05 05:56:23+00:00,32.795,0.921,0.010000000000000009
0x3f7aee8f1fafcd873343105b24f83f3f98a9248e,BUY,104468181147316868388088006861839293041095272602974154655578369735976654024471,0xc40cbb2d7f5d2c43c624bd5b1d0b18cd3d0682b3937363ec7c1ad1d13bee107e,5000.0,0.910130816,1762204021,Will Andrew Cuomo win the 2025 NYC mayoral election?,will-andrew-cuomo-win-the-2025-nyc-mayoral-election,https://polymarket-upload.s3.us-east-2.amazonaws.com/will-andrew-cuomo-win-the-2025-nyc-mayoral-election-CFbNR1wG_T2X.jpg,new-york-city-mayoral-election,No,1,costcostaff01,Cool-Spread,,,,0x3fb07eb24780fd65ab2dcc265941d6e24719e606828d68c9fe847620d842281a,2025-11-03 21:07:01+00:00,4550.65408,No,2025-11-05 05:56:23+00:00,32.82277777777778,0.921,0.010869184000000032
0x3f7aee8f1fafcd873343105b24f83f3f98a9248e,BUY,104468181147316868388088006861839293041095272602974154655578369735976654024471,0xc40cbb2d7f5d2c43c624bd5b1d0b18cd3d0682b3937363ec7c1ad1d13bee107e,5000.0,0.91,1762204013,Will Andrew Cuomo win the 2025 NYC mayoral election?,will-andrew-cuomo-win-the-2025-nyc-mayoral-election,https://polymarket-upload.s3.us-east-2.amazonaws.com/will-andrew-cuomo-win-the-2025-nyc-mayoral-election-CFbNR1wG_T2X.jpg,new-york-city-mayoral-election,No,1,costcostaff01,Cool-Spread,,,,0xb3bd5058d6e59f134c734dedd0d117d7c274bcd10de4d70ff7bc1035ebb29935,2025-11-03 21:06:53+00:00,4550.0,No,2025-11-05 05:56:23+00:00,32.825,0.921,0.01100000000000001
0x3f7aee8f1fafcd873343105b24f83f3f98a9248e,BUY,104468181147316868388088006861839293041095272602974154655578369735976654024471,0xc40cbb2d7f5d2c43c624bd5b1d0b18cd3d0682b3937363ec7c1ad1d13bee107e,5000.0,0.91,1762204009,Will Andrew Cuomo win the 2025 NYC mayoral election?,will-andrew-cuomo-win-the-2025-nyc-mayoral-election,https://polymarket-upload.s3.us-east-2.amazonaws.com/will-andrew-cuomo-win-the-2025-nyc-mayoral-election-CFbNR1wG_T2X.jpg,new-york-city-mayoral-election,No,1,costcostaff01,Cool-Spread,,,,0xb46ff305198c583fa53e835f191c8e4a54554fe843c8e31faf8aaf0a04131ec8,2025-11-03 21:06:49+00:00,4550.0,No,2025-11-05 05:56:23+00:00,32.82611111111111,0.921,0.01100000000000001
0x3f7aee8f1fafcd873343105b24f83f3f98a9248e,BUY,104468181147316868388088006861839293041095272602974154655578369735976654024471,0xc40cbb2d7f5d2c43c624bd5b1d0b18cd3d0682b3937363ec7c1ad1d13bee107e,5000.0,0.91,1762204003,Will Andrew Cuomo win the 2025 NYC mayoral election?,will-andrew-cuomo-win-the-2025-nyc-mayoral-election,https://polymarket-upload.s3.us-east-2.amazonaws.com/will-andrew-cuomo-win-the-2025-nyc-mayoral-election-CFbNR1wG_T2X.jpg,new-york-city-mayoral-election,No,1,costcostaff01,Cool-Spread,,,,0x0651974d3c00d21fefd4afc031051a50dafbbba3f256c3e34f3fee8d3e63e694,2025-11-03 21:06:43+00:00,4550.0,No,2025-11-05 05:56:23+00:00,32.827777777777776,0.921,0.01100000000000001
0x3f7aee8f1fafcd873343105b24f83f3f98a9248e,BUY,104468181147316868388088006861839293041095272602974154655578369735976654024471,0xc40cbb2d7f5d2c43c624bd5b1d0b18cd3d0682b3937363ec7c1ad1d13bee107e,5000.0,0.91,1762203913,Will Andrew Cuomo win the 2025 NYC mayoral election?,will-andrew-cuomo-win-the-2025-nyc-mayoral-election,https://polymarket-upload.s3.us-east-2.amazonaws.com/will-andrew-cuomo-win-the-2025-nyc-mayoral-election-CFbNR1wG_T2X.jpg,new-york-city-mayoral-election,No,1,costcostaff01,Cool-Spread,,,,0xeef82da4564b7bc2fe53c39cb41675418fe9ac644fa89a27ff0d995e1a66a459,2025-11-03 21:05:13+00:00,4550.0,No,2025-11-05 05:56:23+00:00,32.852777777777774,0.921,0.01100000000000001
0x7ba5354929bf388707f397c8b21b8322dc954252,BUY,104468181147316868388088006861839293041095272602974154655578369735976654024471,0xc40cbb2d7f5d2c43c624bd5b1d0b18cd3d0682b3937363ec7c1ad1d13bee107e,6500.0,0.911,1762203875,Will Andrew Cuomo win the 2025 NYC mayoral election?,will-andrew-cuomo-win-the-2025-nyc-mayoral-election,https://polymarket-upload.s3.us-east-2.amazonaws.com/will-andrew-cuomo-win-the-2025-nyc-mayoral-election-CFbNR1wG_T2X.jpg,new-york-city-mayoral-election,No,1,Snpe,Stormy-Trolley,,https://polymarket-upload.s3.us-east-2.amazonaws.com/profile-image-2905476-3de3fdc3-ed29-483c-8436-fa77f947e1cc.png,,0x4afd776f3a988186e89b086fb2caf94f6a524b4be2b5746ec088ab477dc7d7bc,2025-11-03 21:04:35+00:00,5921.5,No,2025-11-05 05:56:23+00:00,32.86333333333334,0.921,0.010000000000000009
0x3f7aee8f1fafcd873343105b24f83f3f98a9248e,BUY,104468181147316868388088006861839293041095272602974154655578369735976654024471,0xc40cbb2d7f5d2c43c624bd5b1d0b18cd3d0682b3937363ec7c1ad1d13bee107e,2676.0,0.911,1762203845,Will Andrew Cuomo win the 2025 NYC mayoral election?,will-andrew-cuomo-win-the-2025-nyc-mayoral-election,https://polymarket-upload.s3.us-east-2.amazonaws.com/will-andrew-cuomo-win-the-2025-nyc-mayoral-election-CFbNR1wG_T2X.jpg,new-york-city-mayoral-election,No,1,costcostaff01,Cool-Spread,,,,0x6f4c7b14152f142f652739689c01f884b05284d1c4fbbcd58f0aff89bda49087,2025-11-03 21:04:05+00:00,2437.8360000000002,No,2025-11-05 05:56:23+00:00,32.87166666666667,0.921,0.010000000000000009
0x241f846866c2de4fb67cdb0ca6b963d85e56ef50,BUY,104468181147316868388088006861839293041095272602974154655578369735976654024471,0xc40cbb2d7f5d2c43c624bd5b1d0b18cd3d0682b3937363ec7c1ad1d13bee107e,14500.0,0.911,1762203781,Will Andrew Cuomo win the 2025 NYC mayoral election?,will-andrew-cuomo-win-the-2025-nyc-mayoral-election,https://polymarket-upload.s3.us-east-2.amazonaws.com/will-andrew-cuomo-win-the-2025-nyc-mayoral-election-CFbNR1wG_T2X.jpg,new-york-city-mayoral-election,No,1,Pestle,Excitable-Saviour,,https://polymarket-upload.s3.us-east-2.amazonaws.com/profile-image-1793305-ecb4f75a-82a9-4acd-9054-9921831874b4.png,,0x7db82cb2677ad6f0fa22ca27f2be80140003b23c45f43cf19d694dee0a3dd5d6,2025-11-03 21:03:01+00:00,13209.5,No,2025-11-05 05:56:23+00:00,32.88944444444444,0.921,0.010000000000000009
0x7ba5354929bf388707f397c8b21b8322dc954252,BUY,104468181147316868388088006861839293041095272602974154655578369735976654024471,0xc40cbb2d7f5d2c43c624bd5b1d0b18cd3d0682b3937363ec7c1ad1d13bee107e,6500.0,0.911,1762203713,Will Andrew Cuomo win the 2025 NYC mayoral election?,will-andrew-cuomo-win-the-2025-nyc-mayoral-election,https://polymarket-upload.s3.us-east-2.amazonaws.com/will-andrew-cuomo-win-the-2025-nyc-mayoral-election-CFbNR1wG_T2X.jpg,new-york-city-mayoral-election,No,1,Snpe,Stormy-Trolley,,https://polymarket-upload.s3.us-east-2.amazonaws.com/profile-image-2905476-3de3fdc3-ed29-483c-8436-fa77f947e1cc.png,,0x2470e987abf391ea0dca041c7fea8704fe7da8d6ad01e49e353844a38424a975,2025-11-03 21:01:53+00:00,5921.5,No,2025-11-05 05:56:23+00:00,32.90833333333333,0.921,0.010000000000000009
0x241f846866c2de4fb67cdb0ca6b963d85e56ef50,BUY,104468181147316868388088006861839293041095272602974154655578369735976654024471,0xc40cbb2d7f5d2c43c624bd5b1d0b18cd3d0682b3937363ec7c1ad1d13bee107e,15000.0,0.911,1762203623,Will Andrew Cuomo win the 2025 NYC mayoral election?,will-andrew-cuomo-win-the-2025-nyc-mayoral-election,https://polymarket-upload.s3.us-east-2.amazonaws.com/will-andrew-cuomo-win-the-2025-nyc-mayoral-election-CFbNR1wG_T2X.jpg,new-york-city-mayoral-election,No,1,Pestle,Excitable-Saviour,,https://polymarket-upload.s3.us-east-2.amazonaws.com/profile-image-1793305-ecb4f75a-82a9-4acd-9054-9921831874b4.png,,0xbc440be27ac2de3138d1eb74c55c9d3a21935d68efbc8995e7f42ef30bb9bda1,2025-11-03 21:00:23+00:00,13665.0,No,2025-11-05 05:56:23+00:00,32.93333333333333,0.921,0.010000000000000009
0x7ba5354929bf388707f397c8b21b8322dc954252,BUY,104468181147316868388088006861839293041095272602974154655578369735976654024471,0xc40cbb2d7f5d2c43c624bd5b1d0b18cd3d0682b3937363ec7c1ad1d13bee107e,6500.0,0.911,1762203551,Will Andrew Cuomo win the 2025 NYC mayoral election?,will-andrew-cuomo-win-the-2025-nyc-mayoral-election,https://polymarket-upload.s3.us-east-2.amazonaws.com/will-andrew-cuomo-win-the-2025-nyc-mayoral-election-CFbNR1wG_T2X.jpg,new-york-city-mayoral-election,No,1,Snpe,Stormy-Trolley,,https://polymarket-upload.s3.us-east-2.amazonaws.com/profile-image-2905476-3de3fdc3-ed29-483c-8436-fa77f947e1cc.png,,0xa47f4e41a871ef545c4fd69c62ba67d5649202f4949f5cbea15202b4ccb85a88,2025-11-03 20:59:11+00:00,5921.5,No,2025-11-05 05:56:23+00:00,32.95333333333333,0.921,0.010000000000000009
0x3f7aee8f1fafcd873343105b24f83f3f98a9248e,BUY,104468181147316868388088006861839293041095272602974154655578369735976654024471,0xc40cbb2d7f5d2c43c624bd5b1d0b18cd3d0682b3937363ec7c1ad1d13bee107e,2280.0,0.911,1762203515,Will Andrew Cuomo win the 2025 NYC mayoral election?,will-andrew-cuomo-win-the-2025-nyc-mayoral-election,https://polymarket-upload.s3.us-east-2.amazonaws.com/will-andrew-cuomo-win-the-2025-nyc-mayoral-election-CFbNR1wG_T2X.jpg,new-york-city-mayoral-election,No,1,costcostaff01,Cool-Spread,,,,0x907684e19a0e5b3e48878565c4c740c9f9084c25946f1f3e520c77c4b65d5ad4,2025-11-03 20:58:35+00:00,2077.08,No,2025-11-05 05:56:23+00:00,32.96333333333333,0.921,0.010000000000000009
0x7ba5354929bf388707f397c8b21b8322dc954252,BUY,104468181147316868388088006861839293041095272602974154655578369735976654024471,0xc40cbb2d7f5d2c43c624bd5b1d0b18cd3d0682b3937363ec7c1ad1d13bee107e,6500.0,0.9105384615,1762203491,Will Andrew Cuomo win the 2025 NYC mayoral election?,will-andrew-cuomo-win-the-2025-nyc-mayoral-election,https://polymarket-upload.s3.us-east-2.amazonaws.com/will-andrew-cuomo-win-the-2025-nyc-mayoral-election-CFbNR1wG_T2X.jpg,new-york-city-mayoral-election,No,1,Snpe,Stormy-Trolley,,https://polymarket-upload.s3.us-east-2.amazonaws.com/profile-image-2905476-3de3fdc3-ed29-483c-8436-fa77f947e1cc.png,,0x52a97c89b5994359ecf2c71d505294369d232d1875de7566d3392c1f7f35806e,2025-11-03 20:58:11+00:00,5918.49999975,No,2025-11-05 05:56:23+00:00,32.97,0.921,0.01046153850000009
0x7ba5354929bf388707f397c8b21b8322dc954252,BUY,104468181147316868388088006861839293041095272602974154655578369735976654024471,0xc40cbb2d7f5d2c43c624bd5b1d0b18cd3d0682b3937363ec7c1ad1d13bee107e,6500.0,0.911,1762203435,Will Andrew Cuomo win the 2025 NYC mayoral election?,will-andrew-cuomo-win-the-2025-nyc-mayoral-election,https://polymarket-upload.s3.us-east-2.amazonaws.com/will-andrew-cuomo-win-the-2025-nyc-mayoral-election-CFbNR1wG_T2X.jpg,new-york-city-mayoral-election,No,1,Snpe,Stormy-Trolley,,https://polymarket-upload.s3.us-east-2.amazonaws.com/profile-image-2905476-3de3fdc3-ed29-483c-8436-fa77f947e1cc.png,,0x675181c06eebefe7cbde3d637527335f22797dec125e8d8a9aa5a29c9eeb164c,2025-11-03 20:57:15+00:00,5921.5,No,2025-11-05 05:56:23+00:00,32.98555555555556,0.921,0.010000000000000009
0x3f7aee8f1fafcd873343105b24f83f3f98a9248e,BUY,104468181147316868388088006861839293041095272602974154655578369735976654024471,0xc40cbb2d7f5d2c43c624bd5b1d0b18cd3d0682b3937363ec7c1ad1d13bee107e,2100.0,0.910047619,1762203243,Will Andrew Cuomo win the 2025 NYC mayoral election?,will-andrew-cuomo-win-the-2025-nyc-mayoral-election,https://polymarket-upload.s3.us-east-2.amazonaws.com/will-andrew-cuomo-win-the-2025-nyc-mayoral-election-CFbNR1wG_T2X.jpg,new-york-city-mayoral-election,No,1,costcostaff01,Cool-Spread,,,,0x1d3a3bd5041dff63ea0952e2ce5811696b9f8b0f162e9d7aa7d4a7087ee21d50,2025-11-03 20:54:03+00:00,1911.0999999,No,2025-11-05 05:56:23+00:00,33.03888888888889,0.921,0.010952381000000067
0x3f7aee8f1fafcd873343105b24f83f3f98a9248e,BUY,104468181147316868388088006861839293041095272602974154655578369735976654024471,0xc40cbb2d7f5d2c43c624bd5b1d0b18cd3d0682b3937363ec7c1ad1d13bee107e,3000.0,0.91,1762203237,Will Andrew Cuomo win the 2025 NYC mayoral election?,will-andrew-cuomo-win-the-2025-nyc-mayoral-election,https://polymarket-upload.s3.us-east-2.amazonaws.com/will-andrew-cuomo-win-the-2025-nyc-mayoral-election-CFbNR1wG_T2X.jpg,new-york-city-mayoral-election,No,1,costcostaff01,Cool-Spread,,,,0x3cde72fe16acce05eeb0faa8fcd55d101a3d6f52b96dfeb9d8196106f2d0808b,2025-11-03 20:53:57+00:00,2730.0,No,2025-11-05 05:56:23+00:00,33.04055555555556,0.921,0.01100000000000001
0x3f7aee8f1fafcd873343105b24f83f3f98a9248e,BUY,104468181147316868388088006861839293041095272602974154655578369735976654024471,0xc40cbb2d7f5d2c43c624bd5b1d0b18cd3d0682b3937363ec7c1ad1d13bee107e,2191.0,0.91,1762203105,Will Andrew Cuomo win the 2025 NYC mayoral election?,will-andrew-cuomo-win-the-2025-nyc-mayoral-election,https://polymarket-upload.s3.us-east-2.amazonaws.com/will-andrew-cuomo-win-the-2025-nyc-mayoral-election-CFbNR1wG_T2X.jpg,new-york-city-mayoral-election,No,1,costcostaff01,Cool-Spread,,,,0x958f93e39e43d9404581bef89bd113ff76e1b1cfce727f35f093e88868010fa7,2025-11-03 20:51:45+00:00,1993.8100000000002,No,2025-11-05 05:56:23+00:00,33.077222222222225,0.921,0.01100000000000001
0x3f7aee8f1fafcd873343105b24f83f3f98a9248e,BUY,104468181147316868388088006861839293041095272602974154655578369735976654024471,0xc40cbb2d7f5d2c43c624bd5b1d0b18cd3d0682b3937363ec7c1ad1d13bee107e,5000.0,0.91,1762203019,Will Andrew Cuomo win the 2025 NYC mayoral election?,will-andrew-cuomo-win-the-2025-nyc-mayoral-election,https://polymarket-upload.s3.us-east-2.amazonaws.com/will-andrew-cuomo-win-the-2025-nyc-mayoral-election-CFbNR1wG_T2X.jpg,new-york-city-mayoral-election,No,1,costcostaff01,Cool-Spread,,,,0x471ac42c3785612c692de543afa68407076bf0546bfb3d6e27ce44393ea3cbdd,2025-11-03 20:50:19+00:00,4550.0,No,2025-11-05 05:56:23+00:00,33.10111111111111,0.921,0.01100000000000001
0x3f7aee8f1fafcd873343105b24f83f3f98a9248e,BUY,104468181147316868388088006861839293041095272602974154655578369735976654024471,0xc40cbb2d7f5d2c43c624bd5b1d0b18cd3d0682b3937363ec7c1ad1d13bee107e,5000.0,0.91,1762203015,Will Andrew Cuomo win the 2025 NYC mayoral election?,will-andrew-cuomo-win-the-2025-nyc-mayoral-election,https://polymarket-upload.s3.us-east-2.amazonaws.com/will-andrew-cuomo-win-the-2025-nyc-mayoral-election-CFbNR1wG_T2X.jpg,new-york-city-mayoral-election,No,1,costcostaff01,Cool-Spread,,,,0xd1ad19c9b99df2d85fe7e1d53267bc97329540bf0c8cef287c2e361145951fe7,2025-11-03 20:50:15+00:00,4550.0,No,2025-11-05 05:56:23+00:00,33.102222222222224,0.921,0.01100000000000001
0x3f7aee8f1fafcd873343105b24f83f3f98a9248e,BUY,104468181147316868388088006861839293041095272602974154655578369735976654024471,0xc40cbb2d7f5d2c43c624bd5b1d0b18cd3d0682b3937363ec7c1ad1d13bee107e,5000.0,0.91,1762203009,Will Andrew Cuomo win the 2025 NYC mayoral election?,will-andrew-cuomo-win-the-2025-nyc-mayoral-election,https://polymarket-upload.s3.us-east-2.amazonaws.com/will-andrew-cuomo-win-the-2025-nyc-mayoral-election-CFbNR1wG_T2X.jpg,new-york-city-mayoral-election,No,1,costcostaff01,Cool-Spread,,,,0x85972ab0429e6be24b0dce6abe09796c2ce6e98a6a9b89e524a03808f61ed96f,2025-11-03 20:50:09+00:00,4550.0,No,2025-11-05 05:56:23+00:00,33.10388888888889,0.921,0.01100000000000001
0x63d43bbb87f85af03b8f2f9e2fad7b54334fa2f1,BUY,104468181147316868388088006861839293041095272602974154655578369735976654024471,0xc40cbb2d7f5d2c43c624bd5b1d0b18cd3d0682b3937363ec7c1ad1d13bee107e,2240.0,0.91,1762203003,Will Andrew Cuomo win the 2025 NYC mayoral election?,will-andrew-cuomo-win-the-2025-nyc-mayoral-election,https://polymarket-upload.s3.us-east-2.amazonaws.com/will-andrew-cuomo-win-the-2025-nyc-mayoral-election-CFbNR1wG_T2X.jpg,new-york-city-mayoral-election,No,1,wokerjoesleeper,Vivid-Macrofauna,,,,0x00a3a74347bc7cb3f1f933e9480e701355fe4daac64746f433ada2b13498d2ed,2025-11-03 20:50:03+00:00,2038.4,No,2025-11-05 05:56:23+00:00,33.105555555555554,0.921,0.01100000000000001
0x3f7aee8f1fafcd873343105b24f83f3f98a9248e,BUY,104468181147316868388088006861839293041095272602974154655578369735976654024471,0xc40cbb2d7f5d2c43c624bd5b1d0b18cd3d0682b3937363ec7c1ad1d13bee107e,5000.0,0.910813402,1762202929,Will Andrew Cuomo win the 2025 NYC mayoral election?,will-andrew-cuomo-win-the-2025-nyc-mayoral-election,https://polymarket-upload.s3.us-east-2.amazonaws.com/will-andrew-cuomo-win-the-2025-nyc-mayoral-election-CFbNR1wG_T2X.jpg,new-york-city-mayoral-election,No,1,costcostaff01,Cool-Spread,,,,0x3d587bab3c4e9f7819c82a56d97e4352035c5814c0216b5adf8d10b535a817c7,2025-11-03 20:48:49+00:00,4554.067010000001,No,2025-11-05 05:56:23+00:00,33.12611111111111,0.921,0.010186597999999991
0x3f7aee8f1fafcd873343105b24f83f3f98a9248e,BUY,104468181147316868388088006861839293041095272602974154655578369735976654024471,0xc40cbb2d7f5d2c43c624bd5b1d0b18cd3d0682b3937363ec7c1ad1d13bee107e,5000.0,0.91,1762202923,Will Andrew Cuomo win the 2025 NYC mayoral election?,will-andrew-cuomo-win-the-2025-nyc-mayoral-election,https://polymarket-upload.s3.us-east-2.amazonaws.com/will-andrew-cuomo-win-the-2025-nyc-mayoral-election-CFbNR1wG_T2X.jpg,new-york-city-mayoral-election,No,1,costcostaff01,Cool-Spread,,,,0x6a1784d01d630c4d8099a69b411f2f929fc5d74bd7fdb7a6430c79333da6306d,2025-11-03 20:48:43+00:00,4550.0,No,2025-11-05 05:56:23+00:00,33.12777777777778,0.921,0.01100000000000001
0x3f7aee8f1fafcd873343105b24f83f3f98a9248e,BUY,104468181147316868388088006861839293041095272602974154655578369735976654024471,0xc40cbb2d7f5d2c43c624bd5b1d0b18cd3d0682b3937363ec7c1ad1d13bee107e,5000.0,0.91,1762202917,Will Andrew Cuomo win the 2025 NYC mayoral election?,will-andrew-cuomo-win-the-2025-nyc-mayoral-election,https://polymarket-upload.s3.us-east-2.amazonaws.com/will-andrew-cuomo-win-the-2025-nyc-mayoral-election-CFbNR1wG_T2X.jpg,new-york-city-mayoral-election,No,1,costcostaff01,Cool-Spread,,,,0x225ccb9d48dd0279b70e390e8ba090adb32638754d5bbf4265fc591bae43586c,2025-11-03 20:48:37+00:00,4550.0,No,2025-11-05 05:56:23+00:00,33.129444444444445,0.921,0.01100000000000001
0x3f7aee8f1fafcd873343105b24f83f3f98a9248e,BUY,104468181147316868388088006861839293041095272602974154655578369735976654024471,0xc40cbb2d7f5d2c43c624bd5b1d0b18cd3d0682b3937363ec7c1ad1d13bee107e,5000.0,0.91,1762202911,Will Andrew Cuomo win the 2025 NYC mayoral election?,will-andrew-cuomo-win-the-2025-nyc-mayoral-election,https://polymarket-upload.s3.us-east-2.amazonaws.com/will-andrew-cuomo-win-the-2025-nyc-mayoral-election-CFbNR1wG_T2X.jpg,new-york-city-mayoral-election,No,1,costcostaff01,Cool-Spread,,,,0x49d232931aecdb3e586d5efd5104e5c9f98835932de217ae395e4d8f80197d5b,2025-11-03 20:48:31+00:00,4550.0,No,2025-11-05 05:56:23+00:00,33.13111111111111,0.921,0.01100000000000001
0x3f7aee8f1fafcd873343105b24f83f3f98a9248e,BUY,104468181147316868388088006861839293041095272602974154655578369735976654024471,0xc40cbb2d7f5d2c43c624bd5b1d0b18cd3d0682b3937363ec7c1ad1d13bee107e,5000.0,0.91,1762202905,Will Andrew Cuomo win the 2025 NYC mayoral election?,will-andrew-cuomo-win-the-2025-nyc-mayoral-election,https://polymarket-upload.s3.us-east-2.amazonaws.com/will-andrew-cuomo-win-the-2025-nyc-mayoral-election-CFbNR1wG_T2X.jpg,new-york-city-mayoral-election,No,1,costcostaff01,Cool-Spread,,,,0xa1d83ea1e07513834af13316b7f9899a002764325096d200983f4be8c1e46b56,2025-11-03 20:48:25+00:00,4550.0,No,2025-11-05 05:56:23+00:00,33.132777777777775,0.921,0.01100000000000001
0x3f7aee8f1fafcd873343105b24f83f3f98a9248e,BUY,104468181147316868388088006861839293041095272602974154655578369735976654024471,0xc40cbb2d7f5d2c43c624bd5b1d0b18cd3d0682b3937363ec7c1ad1d13bee107e,1561.0,0.91,1762202899,Will Andrew Cuomo win the 2025 NYC mayoral election?,will-andrew-cuomo-win-the-2025-nyc-mayoral-election,https://polymarket-upload.s3.us-east-2.amazonaws.com/will-andrew-cuomo-win-the-2025-nyc-mayoral-election-CFbNR1wG_T2X.jpg,new-york-city-mayoral-election,No,1,costcostaff01,Cool-Spread,,,,0xd5a3817225d73726ab8262c1df9f9e5af28c500d7b0177c17ceeaa20f8f22cc8,2025-11-03 20:48:19+00:00,1420.51,No,2025-11-05 05:56:23+00:00,33.13444444444445,0.921,0.01100000000000001
0x3f7aee8f1fafcd873343105b24f83f3f98a9248e,BUY,104468181147316868388088006861839293041095272602974154655578369735976654024471,0xc40cbb2d7f5d2c43c624bd5b1d0b18cd3d0682b3937363ec7c1ad1d13bee107e,2294.0,0.91,1762202893,Will Andrew Cuomo win the 2025 NYC mayoral election?,will-andrew-cuomo-win-the-2025-nyc-mayoral-election,https://polymarket-upload.s3.us-east-2.amazonaws.com/will-andrew-cuomo-win-the-2025-nyc-mayoral-election-CFbNR1wG_T2X.jpg,new-york-city-mayoral-election,No,1,costcostaff01,Cool-Spread,,,,0x8a0db52982d15b740909eaf1328306ffc73f0d452c25e7bcc70dae6a8310133b,2025-11-03 20:48:13+00:00,2087.54,No,2025-11-05 05:56:23+00:00,33.13611111111111,0.921,0.01100000000000001
0x3f7aee8f1fafcd873343105b24f83f3f98a9248e,BUY,104468181147316868388088006861839293041095272602974154655578369735976654024471,0xc40cbb2d7f5d2c43c624bd5b1d0b18cd3d0682b3937363ec7c1ad1d13bee107e,3278.0,0.91,1762202885,Will Andrew Cuomo win the 2025 NYC mayoral election?,will-andrew-cuomo-win-the-2025-nyc-mayoral-election,https://polymarket-upload.s3.us-east-2.amazonaws.com/will-andrew-cuomo-win-the-2025-nyc-mayoral-election-CFbNR1wG_T2X.jpg,new-york-city-mayoral-election,No,1,costcostaff01,Cool-Spread,,,,0xc4d84061b76688352122e695d021a19839a5647fdaedae67bad68abb257e6dd1,2025-11-03 20:48:05+00:00,2982.98,No,2025-11-05 05:56:23+00:00,33.138333333333335,0.921,0.01100000000000001
0x3f7aee8f1fafcd873343105b24f83f3f98a9248e,BUY,104468181147316868388088006861839293041095272602974154655578369735976654024471,0xc40cbb2d7f5d2c43c624bd5b1d0b18cd3d0682b3937363ec7c1ad1d13bee107e,4682.0,0.91,1762202879,Will Andrew Cuomo win the 2025 NYC mayoral election?,will-andrew-cuomo-win-the-2025-nyc-mayoral-election,https://polymarket-upload.s3.us-east-2.amazonaws.com/will-andrew-cuomo-win-the-2025-nyc-mayoral-election-CFbNR1wG_T2X.jpg,new-york-city-mayoral-election,No,1,costcostaff01,Cool-Spread,,,,0xe46a13590fd63176fa052f139b37d15cda53ceda731ba364c6ed701cb670112c,2025-11-03 20:47:59+00:00,4260.62,No,2025-11-05 05:56:23+00:00,33.14,0.921,0.01100000000000001
0x3f7aee8f1fafcd873343105b24f83f3f98a9248e,BUY,104468181147316868388088006861839293041095272602974154655578369735976654024471,0xc40cbb2d7f5d2c43c624bd5b1d0b18cd3d0682b3937363ec7c1ad1d13bee107e,5000.0,0.91,1762202873,Will Andrew Cuomo win the 2025 NYC mayoral election?,will-andrew-cuomo-win-the-2025-nyc-mayoral-election,https://polymarket-upload.s3.us-east-2.amazonaws.com/will-andrew-cuomo-win-the-2025-nyc-mayoral-election-CFbNR1wG_T2X.jpg,new-york-city-mayoral-election,No,1,costcostaff01,Cool-Spread,,,,0xe23742adb85b3f23f416e3ede19d65e498b3095ea9c6da6c4bb0d8240058b335,2025-11-03 20:47:53+00:00,4550.0,No,2025-11-05 05:56:23+00:00,33.141666666666666,0.921,0.01100000000000001
0x3f7aee8f1fafcd873343105b24f83f3f98a9248e,BUY,104468181147316868388088006861839293041095272602974154655578369735976654024471,0xc40cbb2d7f5d2c43c624bd5b1d0b18cd3d0682b3937363ec7c1ad1d13bee107e,5000.0,0.91,1762202871,Will Andrew Cuomo win the 2025 NYC mayoral election?,will-andrew-cuomo-win-the-2025-nyc-mayoral-election,https://polymarket-upload.s3.us-east-2.amazonaws.com/will-andrew-cuomo-win-the-2025-nyc-mayoral-election-CFbNR1wG_T2X.jpg,new-york-city-mayoral-election,No,1,costcostaff01,Cool-Spread,,,,0xc4cab1f46855d35d6386d8e7fa4dd1c9235d1ddc39077cdbe60dc342e66af1cc,2025-11-03 20:47:51+00:00,4550.0,No,2025-11-05 05:56:23+00:00,33.14222222222222,0.921,0.01100000000000001
0x3f7aee8f1fafcd873343105b24f83f3f98a9248e,BUY,104468181147316868388088006861839293041095272602974154655578369735976654024471,0xc40cbb2d7f5d2c43c624bd5b1d0b18cd3d0682b3937363ec7c1ad1d13bee107e,5000.0,0.91,1762202863,Will Andrew Cuomo win the 2025 NYC mayoral election?,will-andrew-cuomo-win-the-2025-nyc-mayoral-election,https://polymarket-upload.s3.us-east-2.amazonaws.com/will-andrew-cuomo-win-the-2025-nyc-mayoral-election-CFbNR1wG_T2X.jpg,new-york-city-mayoral-election,No,1,costcostaff01,Cool-Spread,,,,0x321ac61e4f408a5d4388f586b14171959df412370844ea46b0a570149aa68ad0,2025-11-03 20:47:43+00:00,4550.0,No,2025-11-05 05:56:23+00:00,33.144444444444446,0.921,0.01100000000000001
0x3f7aee8f1fafcd873343105b24f83f3f98a9248e,BUY,104468181147316868388088006861839293041095272602974154655578369735976654024471,0xc40cbb2d7f5d2c43c624bd5b1d0b18cd3d0682b3937363ec7c1ad1d13bee107e,1384.0,0.91,1762202839,Will Andrew Cuomo win the 2025 NYC mayoral election?,will-andrew-cuomo-win-the-2025-nyc-mayoral-election,https://polymarket-upload.s3.us-east-2.amazonaws.com/will-andrew-cuomo-win-the-2025-nyc-mayoral-election-CFbNR1wG_T2X.jpg,new-york-city-mayoral-election,No,1,costcostaff01,Cool-Spread,,,,0x6179609beaf1f9df84905ba3db1732488ad67f4e750ad9f53131a03199b495bf,2025-11-03 20:47:19+00:00,1259.44,No,2025-11-05 05:56:23+00:00,33.15111111111111,0.921,0.01100000000000001
0x3f7aee8f1fafcd873343105b24f83f3f98a9248e,BUY,104468181147316868388088006861839293041095272602974154655578369735976654024471,0xc40cbb2d7f5d2c43c624bd5b1d0b18cd3d0682b3937363ec7c1ad1d13bee107e,1977.0,0.91,1762202833,Will Andrew Cuomo win the 2025 NYC mayoral election?,will-andrew-cuomo-win-the-2025-nyc-mayoral-election,https://polymarket-upload.s3.us-east-2.amazonaws.com/will-andrew-cuomo-win-the-2025-nyc-mayoral-election-CFbNR1wG_T2X.jpg,new-york-city-mayoral-election,No,1,costcostaff01,Cool-Spread,,,,0xb3655a618c6e470cd49f2d82a6f068d20b9a8e8c5dfe0af2cf3ab5621ae82486,2025-11-03 20:47:13+00:00,1799.0700000000002,No,2025-11-05 05:56:23+00:00,33.15277777777778,0.921,0.01100000000000001
0x3f7aee8f1fafcd873343105b24f83f3f98a9248e,BUY,104468181147316868388088006861839293041095272602974154655578369735976654024471,0xc40cbb2d7f5d2c43c624bd5b1d0b18cd3d0682b3937363ec7c1ad1d13bee107e,2871.0,0.91,1762202827,Will Andrew Cuomo win the 2025 NYC mayoral election?,will-andrew-cuomo-win-the-2025-nyc-mayoral-election,https://polymarket-upload.s3.us-east-2.amazonaws.com/will-andrew-cuomo-win-the-2025-nyc-mayoral-election-CFbNR1wG_T2X.jpg,new-york-city-mayoral-election,No,1,costcostaff01,Cool-Spread,,,,0x72139dda62345047faeece105da94c910c212437b254ff0a80c1fe8c27ffd1ed,2025-11-03 20:47:07+00:00,2612.61,No,2025-11-05 05:56:23+00:00,33.154444444444444,0.921,0.01100000000000001
0x3f7aee8f1fafcd873343105b24f83f3f98a9248e,BUY,104468181147316868388088006861839293041095272602974154655578369735976654024471,0xc40cbb2d7f5d2c43c624bd5b1d0b18cd3d0682b3937363ec7c1ad1d13bee107e,4102.0,0.91,1762202821,Will Andrew Cuomo win the 2025 NYC mayoral election?,will-andrew-cuomo-win-the-2025-nyc-mayoral-election,https://polymarket-upload.s3.us-east-2.amazonaws.com/will-andrew-cuomo-win-the-2025-nyc-mayoral-election-CFbNR1wG_T2X.jpg,new-york-city-mayoral-election,No,1,costcostaff01,Cool-Spread,,,,0x547b7a9641bfe528058f1f8a8408af1ba58936c54a6762da0a9662ffeb9c7293,2025-11-03 20:47:01+00:00,3732.82,No,2025-11-05 05:56:23+00:00,33.15611111111111,0.921,0.01100000000000001
0x3f7aee8f1fafcd873343105b24f83f3f98a9248e,BUY,104468181147316868388088006861839293041095272602974154655578369735976654024471,0xc40cbb2d7f5d2c43c624bd5b1d0b18cd3d0682b3937363ec7c1ad1d13bee107e,5000.0,0.91,1762202815,Will Andrew Cuomo win the 2025 NYC mayoral election?,will-andrew-cuomo-win-the-2025-nyc-mayoral-election,https://polymarket-upload.s3.us-east-2.amazonaws.com/will-andrew-cuomo-win-the-2025-nyc-mayoral-election-CFbNR1wG_T2X.jpg,new-york-city-mayoral-election,No,1,costcostaff01,Cool-Spread,,,,0x9101d41352a0bdb2674e2a40eb2a2504cb376de2c381bee50af5154d75f8d9d3,2025-11-03 20:46:55+00:00,4550.0,No,2025-11-05 05:56:23+00:00,33.15777777777778,0.921,0.01100000000000001
0x3f7aee8f1fafcd873343105b24f83f3f98a9248e,BUY,104468181147316868388088006861839293041095272602974154655578369735976654024471,0xc40cbb2d7f5d2c43c624bd5b1d0b18cd3d0682b3937363ec7c1ad1d13bee107e,5000.0,0.91,1762202811,Will Andrew Cuomo win the 2025 NYC mayoral election?,will-andrew-cuomo-win-the-2025-nyc-mayoral-election,https://polymarket-upload.s3.us-east-2.amazonaws.com/will-andrew-cuomo-win-the-2025-nyc-mayoral-election-CFbNR1wG_T2X.jpg,new-york-city-mayoral-election,No,1,costcostaff01,Cool-Spread,,,,0x98b5b38e0b05ad0ec3f53b8892aca10ad7ceb4288ec9b61553b16a039ac31be0,2025-11-03 20:46:51+00:00,4550.0,No,2025-11-05 05:56:23+00:00,33.15888888888889,0.921,0.01100000000000001
0x3f7aee8f1fafcd873343105b24f83f3f98a9248e,BUY,104468181147316868388088006861839293041095272602974154655578369735976654024471,0xc40cbb2d7f5d2c43c624bd5b1d0b18cd3d0682b3937363ec7c1ad1d13bee107e,5000.0,0.91,1762202803,Will Andrew Cuomo win the 2025 NYC mayoral election?,will-andrew-cuomo-win-the-2025-nyc-mayoral-election,https://polymarket-upload.s3.us-east-2.amazonaws.com/will-andrew-cuomo-win-the-2025-nyc-mayoral-election-CFbNR1wG_T2X.jpg,new-york-city-mayoral-election,No,1,costcostaff01,Cool-Spread,,,,0x9f540449e89de2c6b5481d87ab166d345ce3f3f10f53469703b98244488b34fb,2025-11-03 20:46:43+00:00,4550.0,No,2025-11-05 05:56:23+00:00,33.16111111111111,0.921,0.01100000000000001
0x63d43bbb87f85af03b8f2f9e2fad7b54334fa2f1,BUY,104468181147316868388088006861839293041095272602974154655578369735976654024471,0xc40cbb2d7f5d2c43c624bd5b1d0b18cd3d0682b3937363ec7c1ad1d13bee107e,3358.14,0.91,1762202391,Will Andrew Cuomo win the 2025 NYC mayoral election?,will-andrew-cuomo-win-the-2025-nyc-mayoral-election,https://polymarket-upload.s3.us-east-2.amazonaws.com/will-andrew-cuomo-win-the-2025-nyc-mayoral-election-CFbNR1wG_T2X.jpg,new-york-city-mayoral-election,No,1,wokerjoesleeper,Vivid-Macrofauna,,,,0xb8a9abbe1dba89c9d267123418798409c874b587bd073eec3fb0a6617297c25d,2025-11-03 20:39:51+00:00,3055.9074,No,2025-11-05 05:56:23+00:00,33.275555555555556,0.921,0.01100000000000001
0x3f7aee8f1fafcd873343105b24f83f3f98a9248e,BUY,104468181147316868388088006861839293041095272602974154655578369735976654024471,0xc40cbb2d7f5d2c43c624bd5b1d0b18cd3d0682b3937363ec7c1ad1d13bee107e,1521.0,0.914,1762201843,Will Andrew Cuomo win the 2025 NYC mayoral election?,will-andrew-cuomo-win-the-2025-nyc-mayoral-election,https://polymarket-upload.s3.us-east-2.amazonaws.com/will-andrew-cuomo-win-the-2025-nyc-mayoral-election-CFbNR1wG_T2X.jpg,new-york-city-mayoral-election,No,1,costcostaff01,Cool-Spread,,,,0xfcaa556605b7d70a0c9c013ef80e194adddbc80c9eb22101699f5a0428dcf7a9,2025-11-03 20:30:43+00:00,1390.194,No,2025-11-05 05:56:23+00:00,33.42777777777778,0.921,0.007000000000000006
0x3f7aee8f1fafcd873343105b24f83f3f98a9248e,BUY,104468181147316868388088006861839293041095272602974154655578369735976654024471,0xc40cbb2d7f5d2c43c624bd5b1d0b18cd3d0682b3937363ec7c1ad1d13bee107e,2172.0,0.914,1762201837,Will Andrew Cuomo win the 2025 NYC mayoral election?,will-andrew-cuomo-win-the-2025-nyc-mayoral-election,https://polymarket-upload.s3.us-east-2.amazonaws.com/will-andrew-cuomo-win-the-2025-nyc-mayoral-election-CFbNR1wG_T2X.jpg,new-york-city-mayoral-election,No,1,costcostaff01,Cool-Spread,,,,0x3b99bf9a6e250e479f4c20ef0e68653a0940828c7233169d77c30e08820b181d,2025-11-03 20:30:37+00:00,1985.208,No,2025-11-05 05:56:23+00:00,33.42944444444444,0.921,0.007000000000000006
0x3f7aee8f1fafcd873343105b24f83f3f98a9248e,BUY,104468181147316868388088006861839293041095272602974154655578369735976654024471,0xc40cbb2d7f5d2c43c624bd5b1d0b18cd3d0682b3937363ec7c1ad1d13bee107e,3103.0,0.914,1762201831,Will Andrew Cuomo win the 2025 NYC mayoral election?,will-andrew-cuomo-win-the-2025-nyc-mayoral-election,https://polymarket-upload.s3.us-east-2.amazonaws.com/will-andrew-cuomo-win-the-2025-nyc-mayoral-election-CFbNR1wG_T2X.jpg,new-york-city-mayoral-election,No,1,costcostaff01,Cool-Spread,,,,0xb1998df1d95b3593781b62cfcf0daea4f62f24a54fa2b984fd939c771c0ab22c,2025-11-03 20:30:31+00:00,2836.1420000000003,No,2025-11-05 05:56:23+00:00,33.431111111111115,0.921,0.007000000000000006
0x3f7aee8f1fafcd873343105b24f83f3f98a9248e,BUY,104468181147316868388088006861839293041095272602974154655578369735976654024471,0xc40cbb2d7f5d2c43c624bd5b1d0b18cd3d0682b3937363ec7c1ad1d13bee107e,4438.0,0.914,1762201825,Will Andrew Cuomo win the 2025 NYC mayoral election?,will-andrew-cuomo-win-the-2025-nyc-mayoral-election,https://polymarket-upload.s3.us-east-2.amazonaws.com/will-andrew-cuomo-win-the-2025-nyc-mayoral-election-CFbNR1wG_T2X.jpg,new-york-city-mayoral-election,No,1,costcostaff01,Cool-Spread,,,,0xdab862ee43a2e40dfebf067573a87ce59f74dcbf53470b3952e38d205cc5e40a,2025-11-03 20:30:25+00:00,4056.3320000000003,No,2025-11-05 05:56:23+00:00,33.43277777777778,0.921,0.007000000000000006
0x3f7aee8f1fafcd873343105b24f83f3f98a9248e,BUY,104468181147316868388088006861839293041095272602974154655578369735976654024471,0xc40cbb2d7f5d2c43c624bd5b1d0b18cd3d0682b3937363ec7c1ad1d13bee107e,5000.0,0.914,1762201819,Will Andrew Cuomo win the 2025 NYC mayoral election?,will-andrew-cuomo-win-the-2025-nyc-mayoral-election,https://polymarket-upload.s3.us-east-2.amazonaws.com/will-andrew-cuomo-win-the-2025-nyc-mayoral-election-CFbNR1wG_T2X.jpg,new-york-city-mayoral-election,No,1,costcostaff01,Cool-Spread,,,,0xe1e5b223c3d7795d8735bcfc400772b4b37db18f81aed8a93ca436d7f41b6f36,2025-11-03 20:30:19+00:00,4570.0,No,2025-11-05 05:56:23+00:00,33.434444444444445,0.921,0.007000000000000006
0x3f7aee8f1fafcd873343105b24f83f3f98a9248e,BUY,104468181147316868388088006861839293041095272602974154655578369735976654024471,0xc40cbb2d7f5d2c43c624bd5b1d0b18cd3d0682b3937363ec7c1ad1d13bee107e,5000.0,0.914,1762201815,Will Andrew Cuomo win the 2025 NYC mayoral election?,will-andrew-cuomo-win-the-2025-nyc-mayoral-election,https://polymarket-upload.s3.us-east-2.amazonaws.com/will-andrew-cuomo-win-the-2025-nyc-mayoral-election-CFbNR1wG_T2X.jpg,new-york-city-mayoral-election,No,1,costcostaff01,Cool-Spread,,,,0xb3c729d09230ddc2f49ff88ce3e5bd9d06d7d8e6daa5c63075104785b0db366a,2025-11-03 20:30:15+00:00,4570.0,No,2025-11-05 05:56:23+00:00,33.43555555555555,0.921,0.007000000000000006
0x3f7aee8f1fafcd873343105b24f83f3f98a9248e,BUY,104468181147316868388088006861839293041095272602974154655578369735976654024471,0xc40cbb2d7f5d2c43c624bd5b1d0b18cd3d0682b3937363ec7c1ad1d13bee107e,5000.0,0.914,1762201807,Will Andrew Cuomo win the 2025 NYC mayoral election?,will-andrew-cuomo-win-the-2025-nyc-mayoral-election,https://polymarket-upload.s3.us-east-2.amazonaws.com/will-andrew-cuomo-win-the-2025-nyc-mayoral-election-CFbNR1wG_T2X.jpg,new-york-city-mayoral-election,No,1,costcostaff01,Cool-Spread,,,,0x1c503b39e1940f46b3a6d05dd49be74997daed2fe679d74b2e754e5722f15cfe,2025-11-03 20:30:07+00:00,4570.0,No,2025-11-05 05:56:23+00:00,33.437777777777775,0.921,0.007000000000000006
0x3f7aee8f1fafcd873343105b24f83f3f98a9248e,BUY,104468181147316868388088006861839293041095272602974154655578369735976654024471,0xc40cbb2d7f5d2c43c624bd5b1d0b18cd3d0682b3937363ec7c1ad1d13bee107e,2415.0,0.918,1762201411,Will Andrew Cuomo win the 2025 NYC mayoral election?,will-andrew-cuomo-win-the-2025-nyc-mayoral-election,https://polymarket-upload.s3.us-east-2.amazonaws.com/will-andrew-cuomo-win-the-2025-nyc-mayoral-election-CFbNR1wG_T2X.jpg,new-york-city-mayoral-election,No,1,costcostaff01,Cool-Spread,,,,0xd6d92360d33388ea7a7973c02955b5c35fd3f5e6edf1fb448598146f76c53e8d,2025-11-03 20:23:31+00:00,2216.9700000000003,No,2025-11-05 05:56:23+00:00,33.547777777777775,0.921,0.0030000000000000027
0x63d43bbb87f85af03b8f2f9e2fad7b54334fa2f1,BUY,104468181147316868388088006861839293041095272602974154655578369735976654024471,0xc40cbb2d7f5d2c43c624bd5b1d0b18cd3d0682b3937363ec7c1ad1d13bee107e,1433.0,0.922,1762201073,Will Andrew Cuomo win the 2025 NYC mayoral election?,will-andrew-cuomo-win-the-2025-nyc-mayoral-election,https://polymarket-upload.s3.us-east-2.amazonaws.com/will-andrew-cuomo-win-the-2025-nyc-mayoral-election-CFbNR1wG_T2X.jpg,new-york-city-mayoral-election,No,1,wokerjoesleeper,Vivid-Macrofauna,,,,0x60641431e0083ba54d955b03d91471eafc242aa6f3d5141d03bac203099ceb57,2025-11-03 20:17:53+00:00,1321.226,No,2025-11-05 05:56:23+00:00,33.641666666666666,0.921,-0.0010000000000000009
0xe8dd7741ccb12350957ec71e9ee332e0d1e6ec86,BUY,104468181147316868388088006861839293041095272602974154655578369735976654024471,0xc40cbb2d7f5d2c43c624bd5b1d0b18cd3d0682b3937363ec7c1ad1d13bee107e,2243.333328,0.924,1762200923,Will Andrew Cuomo win the 2025 NYC mayoral election?,will-andrew-cuomo-win-the-2025-nyc-mayoral-election,https://polymarket-upload.s3.us-east-2.amazonaws.com/will-andrew-cuomo-win-the-2025-nyc-mayoral-election-CFbNR1wG_T2X.jpg,new-york-city-mayoral-election,No,1,influenz.eth,Real-Veteran,,,,0xbb22ece1c125e94369d01d5c7617d83c8a1cdb99246f4ea10244787e4459b405,2025-11-03 20:15:23+00:00,2072.8399950720004,No,2025-11-05 05:56:23+00:00,33.68333333333333,0.924,0.0
0xd218e474776403a330142299f7796e8ba32eb5c9,BUY,104468181147316868388088006861839293041095272602974154655578369735976654024471,0xc40cbb2d7f5d2c43c624bd5b1d0b18cd3d0682b3937363ec7c1ad1d13bee107e,4815.09,0.924,1762200881,Will Andrew Cuomo win the 2025 NYC mayoral election?,will-andrew-cuomo-win-the-2025-nyc-mayoral-election,https://polymarket-upload.s3.us-east-2.amazonaws.com/will-andrew-cuomo-win-the-2025-nyc-mayoral-election-CFbNR1wG_T2X.jpg,new-york-city-mayoral-election,No,1,cigarettes,Attentive-Crewman,broken grid,,,0x4b794382d62dc729829671fed13453173223c295c69d05f611bdb555d95e03cb,2025-11-03 20:14:41+00:00,4449.1431600000005,No,2025-11-05 05:56:23+00:00,33.695,0.924,0.0
0xd218e474776403a330142299f7796e8ba32eb5c9,BUY,104468181147316868388088006861839293041095272602974154655578369735976654024471,0xc40cbb2d7f5d2c43c624bd5b1d0b18cd3d0682b3937363ec7c1ad1d13bee107e,2720.0,0.923,1762200859,Will Andrew Cuomo win the 2025 NYC mayoral election?,will-andrew-cuomo-win-the-2025-nyc-mayoral-election,https://polymarket-upload.s3.us-east-2.amazonaws.com/will-andrew-cuomo-win-the-2025-nyc-mayoral-election-CFbNR1wG_T2X.jpg,new-york-city-mayoral-election,No,1,cigarettes,Attentive-Crewman,broken grid,,,0x824753877efaea392afdf9a94fe7f906c2fcfc0a331678139fc328d143b05d23,2025-11-03 20:14:19+00:00,2510.56,No,2025-11-05 05:56:23+00:00,33.70111111111111,0.924,0.0010000000000000009
0xd218e474776403a330142299f7796e8ba32eb5c9,BUY,104468181147316868388088006861839293041095272602974154655578369735976654024471,0xc40cbb2d7f5d2c43c624bd5b1d0b18cd3d0682b3937363ec7c1ad1d13bee107e,1240.0,0.922,1762200841,Will Andrew Cuomo win the 2025 NYC mayoral election?,will-andrew-cuomo-win-the-2025-nyc-mayoral-election,https://polymarket-upload.s3.us-east-2.amazonaws.com/will-andrew-cuomo-win-the-2025-nyc-mayoral-election-CFbNR1wG_T2X.jpg,new-york-city-mayoral-election,No,1,cigarettes,Attentive-Crewman,broken grid,,,0x56282393367f2959b3cd65e59848f9ac167f210fddc3b59a7c5b3890e18d6455,2025-11-03 20:14:01+00:00,1143.28,No,2025-11-05 05:56:23+00:00,33.70611111111111,0.924,0.0020000000000000018
0x3f7aee8f1fafcd873343105b24f83f3f98a9248e,BUY,104468181147316868388088006861839293041095272602974154655578369735976654024471,0xc40cbb2d7f5d2c43c624bd5b1d0b18cd3d0682b3937363ec7c1ad1d13bee107e,1125.0,0.914,1762200463,Will Andrew Cuomo win the 2025 NYC mayoral election?,will-andrew-cuomo-win-the-2025-nyc-mayoral-election,https://polymarket-upload.s3.us-east-2.amazonaws.com/will-andrew-cuomo-win-the-2025-nyc-mayoral-election-CFbNR1wG_T2X.jpg,new-york-city-mayoral-election,No,1,costcostaff01,Cool-Spread,,,,0xcf1c70dce593639b1a7bd8972332390342f2a2541938f3d565ebb8e223b96e30,2025-11-03 20:07:43+00:00,1028.25,No,2025-11-05 05:56:23+00:00,33.81111111111111,0.924,0.010000000000000009
0x3f7aee8f1fafcd873343105b24f83f3f98a9248e,BUY,104468181147316868388088006861839293041095272602974154655578369735976654024471,0xc40cbb2d7f5d2c43c624bd5b1d0b18cd3d0682b3937363ec7c1ad1d13bee107e,1607.0,0.914,1762200457,Will Andrew Cuomo win the 2025 NYC mayoral election?,will-andrew-cuomo-win-the-2025-nyc-mayoral-election,https://polymarket-upload.s3.us-east-2.amazonaws.com/will-andrew-cuomo-win-the-2025-nyc-mayoral-election-CFbNR1wG_T2X.jpg,new-york-city-mayoral-election,No,1,costcostaff01,Cool-Spread,,,,0x7d0c261e21262901749e9787cb7229ee5a156574c9cba301ba7d3f8642c11988,2025-11-03 20:07:37+00:00,1468.798,No,2025-11-05 05:56:23+00:00,33.812777777777775,0.924,0.010000000000000009
0x3f7aee8f1fafcd873343105b24f83f3f98a9248e,BUY,104468181147316868388088006861839293041095272602974154655578369735976654024471,0xc40cbb2d7f5d2c43c624bd5b1d0b18cd3d0682b3937363ec7c1ad1d13bee107e,3000.0,0.914,1762200451,Will Andrew Cuomo win the 2025 NYC mayoral election?,will-andrew-cuomo-win-the-2025-nyc-mayoral-election,https://polymarket-upload.s3.us-east-2.amazonaws.com/will-andrew-cuomo-win-the-2025-nyc-mayoral-election-CFbNR1wG_T2X.jpg,new-york-city-mayoral-election,No,1,costcostaff01,Cool-Spread,,,,0xc92af5518086feb39531566303beab8babcbe45201d010fd2381bfd21e0edfaa,2025-11-03 20:07:31+00:00,2742.0,No,2025-11-05 05:56:23+00:00,33.81444444444445,0.924,0.010000000000000009
0x63d43bbb87f85af03b8f2f9e2fad7b54334fa2f1,BUY,104468181147316868388088006861839293041095272602974154655578369735976654024471,0xc40cbb2d7f5d2c43c624bd5b1d0b18cd3d0682b3937363ec7c1ad1d13bee107e,1641.13,0.914,1762200449,Will Andrew Cuomo win the 2025 NYC mayoral election?,will-andrew-cuomo-win-the-2025-nyc-mayoral-election,https://polymarket-upload.s3.us-east-2.amazonaws.com/will-andrew-cuomo-win-the-2025-nyc-mayoral-election-CFbNR1wG_T2X.jpg,new-york-city-mayoral-election,No,1,wokerjoesleeper,Vivid-Macrofauna,,,,0x7eab5e1095bad7d6de583b7888da9570c5cc4ab22d44ce2274fc5c3fbcfc36b2,2025-11-03 20:07:29+00:00,1499.9928200000002,No,2025-11-05 05:56:23+00:00,33.815,0.924,0.010000000000000009
0x3f7aee8f1fafcd873343105b24f83f3f98a9248e,BUY,104468181147316868388088006861839293041095272602974154655578369735976654024471,0xc40cbb2d7f5d2c43c624bd5b1d0b18cd3d0682b3937363ec7c1ad1d13bee107e,2063.0,0.917,1762200065,Will Andrew Cuomo win the 2025 NYC mayoral election?,will-andrew-cuomo-win-the-2025-nyc-mayoral-election,https://polymarket-upload.s3.us-east-2.amazonaws.com/will-andrew-cuomo-win-the-2025-nyc-mayoral-election-CFbNR1wG_T2X.jpg,new-york-city-mayoral-election,No,1,costcostaff01,Cool-Spread,,,,0x7757721abee31c7a6e2655243c09d7cf2f5c8c40d4bf06650aaa578366d3cffc,2025-11-03 20:01:05+00:00,1891.7710000000002,No,2025-11-05 05:56:23+00:00,33.92166666666667,0.924,0.007000000000000006
0x3f7aee8f1fafcd873343105b24f83f3f98a9248e,BUY,104468181147316868388088006861839293041095272602974154655578369735976654024471,0xc40cbb2d7f5d2c43c624bd5b1d0b18cd3d0682b3937363ec7c1ad1d13bee107e,3020.0,0.917,1762200059,Will Andrew Cuomo win the 2025 NYC mayoral election?,will-andrew-cuomo-win-the-2025-nyc-mayoral-election,https://polymarket-upload.s3.us-east-2.amazonaws.com/will-andrew-cuomo-win-the-2025-nyc-mayoral-election-CFbNR1wG_T2X.jpg,new-york-city-mayoral-election,No,1,costcostaff01,Cool-Spread,,,,0x0e1ff56d9e285dd8ca23174d11accff3e888dd5a6a527eb46c71f4c0ab8426fd,2025-11-03 20:00:59+00:00,2769.34,No,2025-11-05 05:56:23+00:00,33.92333333333333,0.924,0.007000000000000006
0x63d43bbb87f85af03b8f2f9e2fad7b54334fa2f1,BUY,104468181147316868388088006861839293041095272602974154655578369735976654024471,0xc40cbb2d7f5d2c43c624bd5b1d0b18cd3d0682b3937363ec7c1ad1d13bee107e,1945.07,0.918,1762199509,Will Andrew Cuomo win the 2025 NYC mayoral election?,will-andrew-cuomo-win-the-2025-nyc-mayoral-election,https://polymarket-upload.s3.us-east-2.amazonaws.com/will-andrew-cuomo-win-the-2025-nyc-mayoral-election-CFbNR1wG_T2X.jpg,new-york-city-mayoral-election,No,1,wokerjoesleeper,Vivid-Macrofauna,,,,0xc8b9d5c031beb81569a11c74cebdbfa19b1b5edf2c6738d8d5a025c17f964bdf,2025-11-03 19:51:49+00:00,1785.57426,No,2025-11-05 05:56:23+00:00,34.07611111111111,0.924,0.006000000000000005
0xd218e474776403a330142299f7796e8ba32eb5c9,BUY,104468181147316868388088006861839293041095272602974154655578369735976654024471,0xc40cbb2d7f5d2c43c624bd5b1d0b18cd3d0682b3937363ec7c1ad1d13bee107e,3720.0,0.922,1762198391,Will Andrew Cuomo win the 2025 NYC mayoral election?,will-andrew-cuomo-win-the-2025-nyc-mayoral-election,https://polymarket-upload.s3.us-east-2.amazonaws.com/will-andrew-cuomo-win-the-2025-nyc-mayoral-election-CFbNR1wG_T2X.jpg,new-york-city-mayoral-election,No,1,cigarettes,Attentive-Crewman,broken grid,,,0x8ed6bc4bf38a629ff172f89eb5d93523bd940b8fcb10bf0c55a575c54e01743d,2025-11-03 19:33:11+00:00,3429.84,No,2025-11-05 05:56:23+00:00,34.38666666666666,0.924,0.0020000000000000018
0x3f7aee8f1fafcd873343105b24f83f3f98a9248e,BUY,104468181147316868388088006861839293041095272602974154655578369735976654024471,0xc40cbb2d7f5d2c43c624bd5b1d0b18cd3d0682b3937363ec7c1ad1d13bee107e,1275.0,0.919,1762198039,Will Andrew Cuomo win the 2025 NYC mayoral election?,will-andrew-cuomo-win-the-2025-nyc-mayoral-election,https://polymarket-upload.s3.us-east-2.amazonaws.com/will-andrew-cuomo-win-the-2025-nyc-mayoral-election-CFbNR1wG_T2X.jpg,new-york-city-mayoral-election,No,1,costcostaff01,Cool-Spread,,,,0xd0fa251bd705d24055414f73c2b66e3249b8736e84acded14a03e047bc200322,2025-11-03 19:27:19+00:00,1171.7250000000001,No,2025-11-05 05:56:23+00:00,34.48444444444444,0.924,0.0050000000000000044
0xe8dd7741ccb12350957ec71e9ee332e0d1e6ec86,BUY,104468181147316868388088006861839293041095272602974154655578369735976654024471,0xc40cbb2d7f5d2c43c624bd5b1d0b18cd3d0682b3937363ec7c1ad1d13bee107e,1586.097296,0.9249999995,1762196865,Will Andrew Cuomo win the 2025 NYC mayoral election?,will-andrew-cuomo-win-the-2025-nyc-mayoral-election,https://polymarket-upload.s3.us-east-2.amazonaws.com/will-andrew-cuomo-win-the-2025-nyc-mayoral-election-CFbNR1wG_T2X.jpg,new-york-city-mayoral-election,No,1,influenz.eth,Real-Veteran,,,,0xb00254febccdada4f502f90f70acb9bf41664cb724071a75e2dfa78db16a384b,2025-11-03 19:07:45+00:00,1467.1399980069514,No,2025-11-05 05:56:23+00:00,34.81055555555555,0.925,5.000000413701855e-10
0xb48b9192dc52eed724fa58c66fa8926d06a3648e,BUY,104468181147316868388088006861839293041095272602974154655578369735976654024471,0xc40cbb2d7f5d2c43c624bd5b1d0b18cd3d0682b3937363ec7c1ad1d13bee107e,8098.44,0.924708313,1762196847,Will Andrew Cuomo win the 2025 NYC mayoral election?,will-andrew-cuomo-win-the-2025-nyc-mayoral-election,https://polymarket-upload.s3.us-east-2.amazonaws.com/will-andrew-cuomo-win-the-2025-nyc-mayoral-election-CFbNR1wG_T2X.jpg,new-york-city-mayoral-election,No,1,Cookedtan,Icky-Tide,6650,https://polymarket-upload.s3.us-east-2.amazonaws.com/profile-image-2799922-15b860f4-0011-4c70-8833-f11d9f457b01.jpeg,,0xda4c224820ffa54b8736b9d58d64130d7277a63e61d31f7b516ebe47556ed665,2025-11-03 19:07:27+00:00,7488.69479033172,No,2025-11-05 05:56:23+00:00,34.815555555555555,0.925,0.00029168700000004044
0x3f7aee8f1fafcd873343105b24f83f3f98a9248e,BUY,104468181147316868388088006861839293041095272602974154655578369735976654024471,0xc40cbb2d7f5d2c43c624bd5b1d0b18cd3d0682b3937363ec7c1ad1d13bee107e,1171.0,0.917,1762196715,Will Andrew Cuomo win the 2025 NYC mayoral election?,will-andrew-cuomo-win-the-2025-nyc-mayoral-election,https://polymarket-upload.s3.us-east-2.amazonaws.com/will-andrew-cuomo-win-the-2025-nyc-mayoral-election-CFbNR1wG_T2X.jpg,new-york-city-mayoral-election,No,1,costcostaff01,Cool-Spread,,,,0x9d73d5b788ecff18b6d3e4177b675b79d90f060dc535804cfdb428133c912e9b,2025-11-03 19:05:15+00:00,1073.807,No,2025-11-05 05:56:23+00:00,34.852222222222224,0.925,0.008000000000000007
0x3f7aee8f1fafcd873343105b24f83f3f98a9248e,BUY,104468181147316868388088006861839293041095272602974154655578369735976654024471,0xc40cbb2d7f5d2c43c624bd5b1d0b18cd3d0682b3937363ec7c1ad1d13bee107e,1740.0,0.917,1762196707,Will Andrew Cuomo win the 2025 NYC mayoral election?,will-andrew-cuomo-win-the-2025-nyc-mayoral-election,https://polymarket-upload.s3.us-east-2.amazonaws.com/will-andrew-cuomo-win-the-2025-nyc-mayoral-election-CFbNR1wG_T2X.jpg,new-york-city-mayoral-election,No,1,costcostaff01,Cool-Spread,,,,0x50881d4765c6da3d7ecf90a8a1dfaccdc01d471ba50d2cc5311aeb682bba3622,2025-11-03 19:05:07+00:00,1595.5800000000002,No,2025-11-05 05:56:23+00:00,34.85444444444445,0.925,0.008000000000000007
0x63d43bbb87f85af03b8f2f9e2fad7b54334fa2f1,BUY,104468181147316868388088006861839293041095272602974154655578369735976654024471,0xc40cbb2d7f5d2c43c624bd5b1d0b18cd3d0682b3937363ec7c1ad1d13bee107e,1495.42,0.924,1762196237,Will Andrew Cuomo win the 2025 NYC mayoral election?,will-andrew-cuomo-win-the-2025-nyc-mayoral-election,https://polymarket-upload.s3.us-east-2.amazonaws.com/will-andrew-cuomo-win-the-2025-nyc-mayoral-election-CFbNR1wG_T2X.jpg,new-york-city-mayoral-election,No,1,wokerjoesleeper,Vivid-Macrofauna,,,,0x1b880e634b57997b87fabb87d2cb9efe51dec8a2b214f9506cf82f5ca4bd3c15,2025-11-03 18:57:17+00:00,1381.76808,No,2025-11-05 05:56:23+00:00,34.985,0.925,0.0010000000000000009
0xe8dd7741ccb12350957ec71e9ee332e0d1e6ec86,BUY,104468181147316868388088006861839293041095272602974154655578369735976654024471,0xc40cbb2d7f5d2c43c624bd5b1d0b18cd3d0682b3937363ec7c1ad1d13bee107e,2333.333328,0.924,1762196119,Will Andrew Cuomo win the 2025 NYC mayoral election?,will-andrew-cuomo-win-the-2025-nyc-mayoral-election,https://polymarket-upload.s3.us-east-2.amazonaws.com/will-andrew-cuomo-win-the-2025-nyc-mayoral-election-CFbNR1wG_T2X.jpg,new-york-city-mayoral-election,No,1,influenz.eth,Real-Veteran,,,,0x1ec5ed1c39dcdc9569075194627ba31c62a00e393f3e8d23c747f03f283a02a7,2025-11-03 18:55:19+00:00,2155.9999950720003,No,2025-11-05 05:56:23+00:00,35.01777777777778,0.925,0.0010000000000000009
0x63d43bbb87f85af03b8f2f9e2fad7b54334fa2f1,BUY,104468181147316868388088006861839293041095272602974154655578369735976654024471,0xc40cbb2d7f5d2c43c624bd5b1d0b18cd3d0682b3937363ec7c1ad1d13bee107e,2000.0,0.924,1762196119,Will Andrew Cuomo win the 2025 NYC mayoral election?,will-andrew-cuomo-win-the-2025-nyc-mayoral-election,https://polymarket-upload.s3.us-east-2.amazonaws.com/will-andrew-cuomo-win-the-2025-nyc-mayoral-election-CFbNR1wG_T2X.jpg,new-york-city-mayoral-election,No,1,wokerjoesleeper,Vivid-Macrofauna,,,,0xfbc69cbb4d007460e6349ce16b5f842ab952907c06a4d18ab68eb6464eb315ed,2025-11-03 18:55:19+00:00,1848.0,No,2025-11-05 05:56:23+00:00,35.01777777777778,0.925,0.0010000000000000009
0x3f7aee8f1fafcd873343105b24f83f3f98a9248e,BUY,104468181147316868388088006861839293041095272602974154655578369735976654024471,0xc40cbb2d7f5d2c43c624bd5b1d0b18cd3d0682b3937363ec7c1ad1d13bee107e,1114.0,0.927,1762195809,Will Andrew Cuomo win the 2025 NYC mayoral election?,will-andrew-cuomo-win-the-2025-nyc-mayoral-election,https://polymarket-upload.s3.us-east-2.amazonaws.com/will-andrew-cuomo-win-the-2025-nyc-mayoral-election-CFbNR1wG_T2X.jpg,new-york-city-mayoral-election,No,1,costcostaff01,Cool-Spread,,,,0x8f76b6039b6ae2bbe298987b07eccb1006d62ca1049b12606890e64340dfd5df,2025-11-03 18:50:09+00:00,1032.678,No,2025-11-05 05:56:23+00:00,35.10388888888889,0.927,0.0
0x3f7aee8f1fafcd873343105b24f83f3f98a9248e,BUY,104468181147316868388088006861839293041095272602974154655578369735976654024471,0xc40cbb2d7f5d2c43c624bd5b1d0b18cd3d0682b3937363ec7c1ad1d13bee107e,1498.0,0.927,1762195791,Will Andrew Cuomo win the 2025 NYC mayoral election?,will-andrew-cuomo-win-the-2025-nyc-mayoral-election,https://polymarket-upload.s3.us-east-2.amazonaws.com/will-andrew-cuomo-win-the-2025-nyc-mayoral-election-CFbNR1wG_T2X.jpg,new-york-city-mayoral-election,No,1,costcostaff01,Cool-Spread,,,,0xcb901beadbac86cabc60eca733193a0b1b4e19124ff247031e58f441189efbda,2025-11-03 18:49:51+00:00,1388.646,No,2025-11-05 05:56:23+00:00,35.10888888888889,0.927,0.0
0x63d43bbb87f85af03b8f2f9e2fad7b54334fa2f1,BUY,104468181147316868388088006861839293041095272602974154655578369735976654024471,0xc40cbb2d7f5d2c43c624bd5b1d0b18cd3d0682b3937363ec7c1ad1d13bee107e,1575.26,0.927,1762195521,Will Andrew Cuomo win the 2025 NYC mayoral election?,will-andrew-cuomo-win-the-2025-nyc-mayoral-election,https://polymarket-upload.s3.us-east-2.amazonaws.com/will-andrew-cuomo-win-the-2025-nyc-mayoral-election-CFbNR1wG_T2X.jpg,new-york-city-mayoral-election,No,1,wokerjoesleeper,Vivid-Macrofauna,,,,0x1b8dc64985d8d9c54b7a7ef87c2384cd2e82c36a60190844d9ea0bd5ac384793,2025-11-03 18:45:21+00:00,1460.26602,No,2025-11-05 05:56:23+00:00,35.18388888888889,0.9289999647,0.0019999646999999676
0xe8dd7741ccb12350957ec71e9ee332e0d1e6ec86,BUY,104468181147316868388088006861839293041095272602974154655578369735976654024471,0xc40cbb2d7f5d2c43c624bd5b1d0b18cd3d0682b3937363ec7c1ad1d13bee107e,1190.37,0.93,1762194813,Will Andrew Cuomo win the 2025 NYC mayoral election?,will-andrew-cuomo-win-the-2025-nyc-mayoral-election,https://polymarket-upload.s3.us-east-2.amazonaws.com/will-andrew-cuomo-win-the-2025-nyc-mayoral-election-CFbNR1wG_T2X.jpg,new-york-city-mayoral-election,No,1,influenz.eth,Real-Veteran,,,,0xcaaf73ff614c49de3265c35a3be909aa2c766fddd2731b5fdb5370a4db31ac44,2025-11-03 18:33:33+00:00,1107.0440999999998,No,2025-11-05 05:56:23+00:00,35.38055555555555,0.93,0.0
0xe8dd7741ccb12350957ec71e9ee332e0d1e6ec86,BUY,104468181147316868388088006861839293041095272602974154655578369735976654024471,0xc40cbb2d7f5d2c43c624bd5b1d0b18cd3d0682b3937363ec7c1ad1d13bee107e,1108.263656,0.933,1762194791,Will Andrew Cuomo win the 2025 NYC mayoral election?,will-andrew-cuomo-win-the-2025-nyc-mayoral-election,https://polymarket-upload.s3.us-east-2.amazonaws.com/will-andrew-cuomo-win-the-2025-nyc-mayoral-election-CFbNR1wG_T2X.jpg,new-york-city-mayoral-election,No,1,influenz.eth,Real-Veteran,,,,0x77b1b8bc91a1600862e30a79514516ddf47930de7ea15dd2242d0464a7f5bf6b,2025-11-03 18:33:11+00:00,1034.009991048,No,2025-11-05 05:56:23+00:00,35.38666666666666,0.932999998,-2.0000000544584395e-09
0xe8dd7741ccb12350957ec71e9ee332e0d1e6ec86,BUY,104468181147316868388088006861839293041095272602974154655578369735976654024471,0xc40cbb2d7f5d2c43c624bd5b1d0b18cd3d0682b3937363ec7c1ad1d13bee107e,1642.261507,0.933,1762194695,Will Andrew Cuomo win the 2025 NYC mayoral election?,will-andrew-cuomo-win-the-2025-nyc-mayoral-election,https://polymarket-upload.s3.us-east-2.amazonaws.com/will-andrew-cuomo-win-the-2025-nyc-mayoral-election-CFbNR1wG_T2X.jpg,new-york-city-mayoral-election,No,1,influenz.eth,Real-Veteran,,,,0xd53e0449e091f424595a28796ac84fa30fffea6f1f7b9d74c2b80b206595f567,2025-11-03 18:31:35+00:00,1532.229986031,No,2025-11-05 05:56:23+00:00,35.413333333333334,0.933,0.0
0x3f7aee8f1fafcd873343105b24f83f3f98a9248e,BUY,104468181147316868388088006861839293041095272602974154655578369735976654024471,0xc40cbb2d7f5d2c43c624bd5b1d0b18cd3d0682b3937363ec7c1ad1d13bee107e,1482.0,0.945,1762192759,Will Andrew Cuomo win the 2025 NYC mayoral election?,will-andrew-cuomo-win-the-2025-nyc-mayoral-election,https://polymarket-upload.s3.us-east-2.amazonaws.com/will-andrew-cuomo-win-the-2025-nyc-mayoral-election-CFbNR1wG_T2X.jpg,new-york-city-mayoral-election,No,1,costcostaff01,Cool-Spread,,,,0x29fae850f9d2f424d5f2341fe1abc2e29114175c5828a4cbd76cd0fc3d34caf7,2025-11-03 17:59:19+00:00,1400.49,No,2025-11-05 05:56:23+00:00,35.95111111111111,0.945,0.0
0x3f7aee8f1fafcd873343105b24f83f3f98a9248e,BUY,104468181147316868388088006861839293041095272602974154655578369735976654024471,0xc40cbb2d7f5d2c43c624bd5b1d0b18cd3d0682b3937363ec7c1ad1d13bee107e,1335.0,0.947,1762192057,Will Andrew Cuomo win the 2025 NYC mayoral election?,will-andrew-cuomo-win-the-2025-nyc-mayoral-election,https://polymarket-upload.s3.us-east-2.amazonaws.com/will-andrew-cuomo-win-the-2025-nyc-mayoral-election-CFbNR1wG_T2X.jpg,new-york-city-mayoral-election,No,1,costcostaff01,Cool-Spread,,,,0xeb9746b379e226ba08f0ed5cd3750ca3261fb69871f1996553503da1302164c2,2025-11-03 17:47:37+00:00,1264.245,No,2025-11-05 05:56:23+00:00,36.14611111111111,0.948,0.0010000000000000009
0x3f7aee8f1fafcd873343105b24f83f3f98a9248e,BUY,104468181147316868388088006861839293041095272602974154655578369735976654024471,0xc40cbb2d7f5d2c43c624bd5b1d0b18cd3d0682b3937363ec7c1ad1d13bee107e,1694.0,0.947,1762192049,Will Andrew Cuomo win the 2025 NYC mayoral election?,will-andrew-cuomo-win-the-2025-nyc-mayoral-election,https://polymarket-upload.s3.us-east-2.amazonaws.com/will-andrew-cuomo-win-the-2025-nyc-mayoral-election-CFbNR1wG_T2X.jpg,new-york-city-mayoral-election,No,1,costcostaff01,Cool-Spread,,,,0x645bdfee32423ec7742dc8af9050dafc94eba2163e6b80e2aeeedbf55364c9b5,2025-11-03 17:47:29+00:00,1604.2179999999998,No,2025-11-05 05:56:23+00:00,36.14833333333333,0.948,0.0010000000000000009
0x3f7aee8f1fafcd873343105b24f83f3f98a9248e,BUY,104468181147316868388088006861839293041095272602974154655578369735976654024471,0xc40cbb2d7f5d2c43c624bd5b1d0b18cd3d0682b3937363ec7c1ad1d13bee107e,2420.0,0.947,1762192045,Will Andrew Cuomo win the 2025 NYC mayoral election?,will-andrew-cuomo-win-the-2025-nyc-mayoral-election,https://polymarket-upload.s3.us-east-2.amazonaws.com/will-andrew-cuomo-win-the-2025-nyc-mayoral-election-CFbNR1wG_T2X.jpg,new-york-city-mayoral-election,No,1,costcostaff01,Cool-Spread,,,,0x45f4aa210830101efb9310002a585b225b061a1f83f5ab4d9e4c78abb578f56b,2025-11-03 17:47:25+00:00,2291.74,No,2025-11-05 05:56:23+00:00,36.14944444444444,0.948,0.0010000000000000009
0x3f7aee8f1fafcd873343105b24f83f3f98a9248e,BUY,104468181147316868388088006861839293041095272602974154655578369735976654024471,0xc40cbb2d7f5d2c43c624bd5b1d0b18cd3d0682b3937363ec7c1ad1d13bee107e,1139.0,0.943,1762189907,Will Andrew Cuomo win the 2025 NYC mayoral election?,will-andrew-cuomo-win-the-2025-nyc-mayoral-election,https://polymarket-upload.s3.us-east-2.amazonaws.com/will-andrew-cuomo-win-the-2025-nyc-mayoral-election-CFbNR1wG_T2X.jpg,new-york-city-mayoral-election,No,1,costcostaff01,Cool-Spread,,,,0x66ca6c1e717b250877eefcfdb55fd9da0a6fd542d8f184e0027f73956ba524ab,2025-11-03 17:11:47+00:00,1074.077,No,2025-11-05 05:56:23+00:00,36.74333333333333,0.948,0.0050000000000000044
0x3f7aee8f1fafcd873343105b24f83f3f98a9248e,BUY,104468181147316868388088006861839293041095272602974154655578369735976654024471,0xc40cbb2d7f5d2c43c624bd5b1d0b18cd3d0682b3937363ec7c1ad1d13bee107e,1645.0,0.943,1762189901,Will Andrew Cuomo win the 2025 NYC mayoral election?,will-andrew-cuomo-win-the-2025-nyc-mayoral-election,https://polymarket-upload.s3.us-east-2.amazonaws.com/will-andrew-cuomo-win-the-2025-nyc-mayoral-election-CFbNR1wG_T2X.jpg,new-york-city-mayoral-election,No,1,costcostaff01,Cool-Spread,,,,0x98dc3dc7151d919edf4c0728d82c9a4d6e49c312de08ea92997cba1f2d02414a,2025-11-03 17:11:41+00:00,1551.235,No,2025-11-05 05:56:23+00:00,36.745,0.948,0.0050000000000000044
0x3f7aee8f1fafcd873343105b24f83f3f98a9248e,BUY,104468181147316868388088006861839293041095272602974154655578369735976654024471,0xc40cbb2d7f5d2c43c624bd5b1d0b18cd3d0682b3937363ec7c1ad1d13bee107e,2350.0,0.943,1762189895,Will Andrew Cuomo win the 2025 NYC mayoral election?,will-andrew-cuomo-win-the-2025-nyc-mayoral-election,https://polymarket-upload.s3.us-east-2.amazonaws.com/will-andrew-cuomo-win-the-2025-nyc-mayoral-election-CFbNR1wG_T2X.jpg,new-york-city-mayoral-election,No,1,costcostaff01,Cool-Spread,,,,0x05194e8d3a2bb805402825f7e4f10609296b3b78cffa5562ab84532bbface10d,2025-11-03 17:11:35+00:00,2216.0499999999997,No,2025-11-05 05:56:23+00:00,36.74666666666667,0.948,0.0050000000000000044
0x3f7aee8f1fafcd873343105b24f83f3f98a9248e,BUY,104468181147316868388088006861839293041095272602974154655578369735976654024471,0xc40cbb2d7f5d2c43c624bd5b1d0b18cd3d0682b3937363ec7c1ad1d13bee107e,1856.0,0.942,1762189805,Will Andrew Cuomo win the 2025 NYC mayoral election?,will-andrew-cuomo-win-the-2025-nyc-mayoral-election,https://polymarket-upload.s3.us-east-2.amazonaws.com/will-andrew-cuomo-win-the-2025-nyc-mayoral-election-CFbNR1wG_T2X.jpg,new-york-city-mayoral-election,No,1,costcostaff01,Cool-Spread,,,,0x1a672fef271fe455c629ecf9a1f2af241e0b538c39639bff5bca9134ed08ecd5,2025-11-03 17:10:05+00:00,1748.3519999999999,No,2025-11-05 05:56:23+00:00,36.77166666666667,0.948,0.006000000000000005
0x3f7aee8f1fafcd873343105b24f83f3f98a9248e,BUY,104468181147316868388088006861839293041095272602974154655578369735976654024471,0xc40cbb2d7f5d2c43c624bd5b1d0b18cd3d0682b3937363ec7c1ad1d13bee107e,1178.0,0.943,1762188895,Will Andrew Cuomo win the 2025 NYC mayoral election?,will-andrew-cuomo-win-the-2025-nyc-mayoral-election,https://polymarket-upload.s3.us-east-2.amazonaws.com/will-andrew-cuomo-win-the-2025-nyc-mayoral-election-CFbNR1wG_T2X.jpg,new-york-city-mayoral-election,No,1,costcostaff01,Cool-Spread,,,,0xbcd8a7f30a4fdffe09587c7f4101bbdd2cbd74864fd1970f62a550bfe0f51889,2025-11-03 16:54:55+00:00,1110.854,No,2025-11-05 05:56:23+00:00,37.02444444444444,0.948,0.0050000000000000044
0x3f7aee8f1fafcd873343105b24f83f3f98a9248e,BUY,104468181147316868388088006861839293041095272602974154655578369735976654024471,0xc40cbb2d7f5d2c43c624bd5b1d0b18cd3d0682b3937363ec7c1ad1d13bee107e,1683.0,0.943,1762188889,Will Andrew Cuomo win the 2025 NYC mayoral election?,will-andrew-cuomo-win-the-2025-nyc-mayoral-election,https://polymarket-upload.s3.us-east-2.amazonaws.com/will-andrew-cuomo-win-the-2025-nyc-mayoral-election-CFbNR1wG_T2X.jpg,new-york-city-mayoral-election,No,1,costcostaff01,Cool-Spread,,,,0x2286d0ffd2e41fca7f48886643e0e930eb9f9a8eed82ce3b54214ff8f246556b,2025-11-03 16:54:49+00:00,1587.069,No,2025-11-05 05:56:23+00:00,37.02611111111111,0.948,0.0050000000000000044
0x3f7aee8f1fafcd873343105b24f83f3f98a9248e,BUY,104468181147316868388088006861839293041095272602974154655578369735976654024471,0xc40cbb2d7f5d2c43c624bd5b1d0b18cd3d0682b3937363ec7c1ad1d13bee107e,2404.0,0.943,1762188883,Will Andrew Cuomo win the 2025 NYC mayoral election?,will-andrew-cuomo-win-the-2025-nyc-mayoral-election,https://polymarket-upload.s3.us-east-2.amazonaws.com/will-andrew-cuomo-win-the-2025-nyc-mayoral-election-CFbNR1wG_T2X.jpg,new-york-city-mayoral-election,No,1,costcostaff01,Cool-Spread,,,,0xe637ef6725759bf0bb7059a5f667240846c91848026e2d8f070855cc3e6d5871,2025-11-03 16:54:43+00:00,2266.9719999999998,No,2025-11-05 05:56:23+00:00,37.02777777777778,0.948,0.0050000000000000044
0x3f7aee8f1fafcd873343105b24f83f3f98a9248e,BUY,104468181147316868388088006861839293041095272602974154655578369735976654024471,0xc40cbb2d7f5d2c43c624bd5b1d0b18cd3d0682b3937363ec7c1ad1d13bee107e,1322.0,0.946,1762186763,Will Andrew Cuomo win the 2025 NYC mayoral election?,will-andrew-cuomo-win-the-2025-nyc-mayoral-election,https://polymarket-upload.s3.us-east-2.amazonaws.com/will-andrew-cuomo-win-the-2025-nyc-mayoral-election-CFbNR1wG_T2X.jpg,new-york-city-mayoral-election,No,1,costcostaff01,Cool-Spread,,,,0x18e337a3d9a8a17348f82b7fb7e825c0eecfd992e140e14c295a387fab18d932,2025-11-03 16:19:23+00:00,1250.6119999999999,No,2025-11-05 05:56:23+00:00,37.61666666666667,0.948,0.0020000000000000018
0x3f7aee8f1fafcd873343105b24f83f3f98a9248e,BUY,104468181147316868388088006861839293041095272602974154655578369735976654024471,0xc40cbb2d7f5d2c43c624bd5b1d0b18cd3d0682b3937363ec7c1ad1d13bee107e,1888.0,0.946,1762186759,Will Andrew Cuomo win the 2025 NYC mayoral election?,will-andrew-cuomo-win-the-2025-nyc-mayoral-election,https://polymarket-upload.s3.us-east-2.amazonaws.com/will-andrew-cuomo-win-the-2025-nyc-mayoral-election-CFbNR1wG_T2X.jpg,new-york-city-mayoral-election,No,1,costcostaff01,Cool-Spread,,,,0x0988bc03cab8357eac65a8c31107e9d389455043bb68283e8a110cb193062468,2025-11-03 16:19:19+00:00,1786.048,No,2025-11-05 05:56:23+00:00,37.617777777777775,0.948,0.0020000000000000018
0x3f7aee8f1fafcd873343105b24f83f3f98a9248e,BUY,104468181147316868388088006861839293041095272602974154655578369735976654024471,0xc40cbb2d7f5d2c43c624bd5b1d0b18cd3d0682b3937363ec7c1ad1d13bee107e,2697.0,0.946,1762186753,Will Andrew Cuomo win the 2025 NYC mayoral election?,will-andrew-cuomo-win-the-2025-nyc-mayoral-election,https://polymarket-upload.s3.us-east-2.amazonaws.com/will-andrew-cuomo-win-the-2025-nyc-mayoral-election-CFbNR1wG_T2X.jpg,new-york-city-mayoral-election,No,1,costcostaff01,Cool-Spread,,,,0x26e1471314be3807ac7e67fdb7906704064efb74f19f17fdb3589f2a06addc5e,2025-11-03 16:19:13+00:00,2551.362,No,2025-11-05 05:56:23+00:00,37.61944444444445,0.948,0.0020000000000000018
0x3f7aee8f1fafcd873343105b24f83f3f98a9248e,BUY,104468181147316868388088006861839293041095272602974154655578369735976654024471,0xc40cbb2d7f5d2c43c624bd5b1d0b18cd3d0682b3937363ec7c1ad1d13bee107e,3939.0,0.946,1762186745,Will Andrew Cuomo win the 2025 NYC mayoral election?,will-andrew-cuomo-win-the-2025-nyc-mayoral-election,https://polymarket-upload.s3.us-east-2.amazonaws.com/will-andrew-cuomo-win-the-2025-nyc-mayoral-election-CFbNR1wG_T2X.jpg,new-york-city-mayoral-election,No,1,costcostaff01,Cool-Spread,,,,0x7dc4a4ddd305cc4534843c488941e6bb1c9b9fe639b8c054084245eb09c090cc,2025-11-03 16:19:05+00:00,3726.294,No,2025-11-05 05:56:23+00:00,37.62166666666667,0.948,0.0020000000000000018
0x3f7aee8f1fafcd873343105b24f83f3f98a9248e,BUY,104468181147316868388088006861839293041095272602974154655578369735976654024471,0xc40cbb2d7f5d2c43c624bd5b1d0b18cd3d0682b3937363ec7c1ad1d13bee107e,5000.0,0.946,1762186741,Will Andrew Cuomo win the 2025 NYC mayoral election?,will-andrew-cuomo-win-the-2025-nyc-mayoral-election,https://polymarket-upload.s3.us-east-2.amazonaws.com/will-andrew-cuomo-win-the-2025-nyc-mayoral-election-CFbNR1wG_T2X.jpg,new-york-city-mayoral-election,No,1,costcostaff01,Cool-Spread,,,,0x46566a936c9a757e7243599724623ca5f88cebf5141b360880df6d29526cb0f0,2025-11-03 16:19:01+00:00,4730.0,No,2025-11-05 05:56:23+00:00,37.62277777777778,0.948,0.0020000000000000018
0x3f7aee8f1fafcd873343105b24f83f3f98a9248e,BUY,104468181147316868388088006861839293041095272602974154655578369735976654024471,0xc40cbb2d7f5d2c43c624bd5b1d0b18cd3d0682b3937363ec7c1ad1d13bee107e,5000.0,0.946,1762186733,Will Andrew Cuomo win the 2025 NYC mayoral election?,will-andrew-cuomo-win-the-2025-nyc-mayoral-election,https://polymarket-upload.s3.us-east-2.amazonaws.com/will-andrew-cuomo-win-the-2025-nyc-mayoral-election-CFbNR1wG_T2X.jpg,new-york-city-mayoral-election,No,1,costcostaff01,Cool-Spread,,,,0xfc98c7cae82a02aad8f46583e15a048eab5eaca130580131ce7db0c64934d879,2025-11-03 16:18:53+00:00,4730.0,No,2025-11-05 05:56:23+00:00,37.625,0.948,0.0020000000000000018
0x3f7aee8f1fafcd873343105b24f83f3f98a9248e,BUY,104468181147316868388088006861839293041095272602974154655578369735976654024471,0xc40cbb2d7f5d2c43c624bd5b1d0b18cd3d0682b3937363ec7c1ad1d13bee107e,5000.0,0.946,1762186725,Will Andrew Cuomo win the 2025 NYC mayoral election?,will-andrew-cuomo-win-the-2025-nyc-mayoral-election,https://polymarket-upload.s3.us-east-2.amazonaws.com/will-andrew-cuomo-win-the-2025-nyc-mayoral-election-CFbNR1wG_T2X.jpg,new-york-city-mayoral-election,No,1,costcostaff01,Cool-Spread,,,,0x85499e154932e28748f3bbbbb340d82762cbe9b9d76075dd4050967bf6832ad2,2025-11-03 16:18:45+00:00,4730.0,No,2025-11-05 05:56:23+00:00,37.62722222222222,0.948,0.0020000000000000018
0x3f7aee8f1fafcd873343105b24f83f3f98a9248e,BUY,104468181147316868388088006861839293041095272602974154655578369735976654024471,0xc40cbb2d7f5d2c43c624bd5b1d0b18cd3d0682b3937363ec7c1ad1d13bee107e,2474.0,0.946,1762186719,Will Andrew Cuomo win the 2025 NYC mayoral election?,will-andrew-cuomo-win-the-2025-nyc-mayoral-election,https://polymarket-upload.s3.us-east-2.amazonaws.com/will-andrew-cuomo-win-the-2025-nyc-mayoral-election-CFbNR1wG_T2X.jpg,new-york-city-mayoral-election,No,1,costcostaff01,Cool-Spread,,,,0x6dfa57ee81585fde93a843c0d01ebcf8cf581eeb2865629e94a4995ff7dff81b,2025-11-03 16:18:39+00:00,2340.404,No,2025-11-05 05:56:23+00:00,37.62888888888889,0.948,0.0020000000000000018
0x3f7aee8f1fafcd873343105b24f83f3f98a9248e,BUY,104468181147316868388088006861839293041095272602974154655578369735976654024471,0xc40cbb2d7f5d2c43c624bd5b1d0b18cd3d0682b3937363ec7c1ad1d13bee107e,3533.0,0.946,1762186711,Will Andrew Cuomo win the 2025 NYC mayoral election?,will-andrew-cuomo-win-the-2025-nyc-mayoral-election,https://polymarket-upload.s3.us-east-2.amazonaws.com/will-andrew-cuomo-win-the-2025-nyc-mayoral-election-CFbNR1wG_T2X.jpg,new-york-city-mayoral-election,No,1,costcostaff01,Cool-Spread,,,,0xd09b006c4de5c9e630dfba1cb42937eabd92e92f69abd397851e1eeac3044426,2025-11-03 16:18:31+00:00,3342.218,No,2025-11-05 05:56:23+00:00,37.63111111111111,0.948,0.0020000000000000018
0x3f7aee8f1fafcd873343105b24f83f3f98a9248e,BUY,104468181147316868388088006861839293041095272602974154655578369735976654024471,0xc40cbb2d7f5d2c43c624bd5b1d0b18cd3d0682b3937363ec7c1ad1d13bee107e,5000.0,0.946,1762186705,Will Andrew Cuomo win the 2025 NYC mayoral election?,will-andrew-cuomo-win-the-2025-nyc-mayoral-election,https://polymarket-upload.s3.us-east-2.amazonaws.com/will-andrew-cuomo-win-the-2025-nyc-mayoral-election-CFbNR1wG_T2X.jpg,new-york-city-mayoral-election,No,1,costcostaff01,Cool-Spread,,,,0x50e4efdb6fffe388b92b59de070dcda86d655664cefdabb78f3357cb82b4a018,2025-11-03 16:18:25+00:00,4730.0,No,2025-11-05 05:56:23+00:00,37.632777777777775,0.948,0.0020000000000000018
0x63d43bbb87f85af03b8f2f9e2fad7b54334fa2f1,BUY,104468181147316868388088006861839293041095272602974154655578369735976654024471,0xc40cbb2d7f5d2c43c624bd5b1d0b18cd3d0682b3937363ec7c1ad1d13bee107e,6370.0,0.943,1762181557,Will Andrew Cuomo win the 2025 NYC mayoral election?,will-andrew-cuomo-win-the-2025-nyc-mayoral-election,https://polymarket-upload.s3.us-east-2.amazonaws.com/will-andrew-cuomo-win-the-2025-nyc-mayoral-election-CFbNR1wG_T2X.jpg,new-york-city-mayoral-election,No,1,wokerjoesleeper,Vivid-Macrofauna,,,,0x0a5da04973e72574ad7467b059a743892459bd24674e389bb5b41733427dc516,2025-11-03 14:52:37+00:00,6006.91,No,2025-11-05 05:56:23+00:00,39.062777777777775,0.95,0.007000000000000006
0x3f7aee8f1fafcd873343105b24f83f3f98a9248e,BUY,104468181147316868388088006861839293041095272602974154655578369735976654024471,0xc40cbb2d7f5d2c43c624bd5b1d0b18cd3d0682b3937363ec7c1ad1d13bee107e,1358.0,0.945,1762180121,Will Andrew Cuomo win the 2025 NYC mayoral election?,will-andrew-cuomo-win-the-2025-nyc-mayoral-election,https://polymarket-upload.s3.us-east-2.amazonaws.com/will-andrew-cuomo-win-the-2025-nyc-mayoral-election-CFbNR1wG_T2X.jpg,new-york-city-mayoral-election,No,1,costcostaff01,Cool-Spread,,,,0x41943f16424f1e0b4c62c27daa4ec60d2f3ad0d5623414a11a59c819f6e6afa3,2025-11-03 14:28:41+00:00,1283.31,No,2025-11-05 05:56:23+00:00,39.461666666666666,0.95,0.0050000000000000044
0x3f7aee8f1fafcd873343105b24f83f3f98a9248e,BUY,104468181147316868388088006861839293041095272602974154655578369735976654024471,0xc40cbb2d7f5d2c43c624bd5b1d0b18cd3d0682b3937363ec7c1ad1d13bee107e,1940.0,0.945,1762180113,Will Andrew Cuomo win the 2025 NYC mayoral election?,will-andrew-cuomo-win-the-2025-nyc-mayoral-election,https://polymarket-upload.s3.us-east-2.amazonaws.com/will-andrew-cuomo-win-the-2025-nyc-mayoral-election-CFbNR1wG_T2X.jpg,new-york-city-mayoral-election,No,1,costcostaff01,Cool-Spread,,,,0xf3e42990b676d6bc07afdbc599060e54fa7901611b76118f2ef2775ef4632746,2025-11-03 14:28:33+00:00,1833.3,No,2025-11-05 05:56:23+00:00,39.46388888888889,0.95,0.0050000000000000044
0x3f7aee8f1fafcd873343105b24f83f3f98a9248e,BUY,104468181147316868388088006861839293041095272602974154655578369735976654024471,0xc40cbb2d7f5d2c43c624bd5b1d0b18cd3d0682b3937363ec7c1ad1d13bee107e,2772.0,0.945,1762180107,Will Andrew Cuomo win the 2025 NYC mayoral election?,will-andrew-cuomo-win-the-2025-nyc-mayoral-election,https://polymarket-upload.s3.us-east-2.amazonaws.com/will-andrew-cuomo-win-the-2025-nyc-mayoral-election-CFbNR1wG_T2X.jpg,new-york-city-mayoral-election,No,1,costcostaff01,Cool-Spread,,,,0x043e62151587eac2b45c522eba6f5dd5814879d95cd6b7e31abd04869e750e44,2025-11-03 14:28:27+00:00,2619.54,No,2025-11-05 05:56:23+00:00,39.465555555555554,0.95,0.0050000000000000044
0x3f7aee8f1fafcd873343105b24f83f3f98a9248e,BUY,104468181147316868388088006861839293041095272602974154655578369735976654024471,0xc40cbb2d7f5d2c43c624bd5b1d0b18cd3d0682b3937363ec7c1ad1d13bee107e,3960.0,0.945,1762180099,Will Andrew Cuomo win the 2025 NYC mayoral election?,will-andrew-cuomo-win-the-2025-nyc-mayoral-election,https://polymarket-upload.s3.us-east-2.amazonaws.com/will-andrew-cuomo-win-the-2025-nyc-mayoral-election-CFbNR1wG_T2X.jpg,new-york-city-mayoral-election,No,1,costcostaff01,Cool-Spread,,,,0xa5779bcdb0cfdc85d1d08b07f16aeb1d7d6608912a83c7741dc19ef9ef7d48de,2025-11-03 14:28:19+00:00,3742.2,No,2025-11-05 05:56:23+00:00,39.467777777777776,0.95,0.0050000000000000044
0x63d43bbb87f85af03b8f2f9e2fad7b54334fa2f1,BUY,104468181147316868388088006861839293041095272602974154655578369735976654024471,0xc40cbb2d7f5d2c43c624bd5b1d0b18cd3d0682b3937363ec7c1ad1d13bee107e,3900.0,0.946,1762179361,Will Andrew Cuomo win the 2025 NYC mayoral election?,will-andrew-cuomo-win-the-2025-nyc-mayoral-election,https://polymarket-upload.s3.us-east-2.amazonaws.com/will-andrew-cuomo-win-the-2025-nyc-mayoral-election-CFbNR1wG_T2X.jpg,new-york-city-mayoral-election,No,1,wokerjoesleeper,Vivid-Macrofauna,,,,0x26fbce76ba1cee334a1599409be11b6ba1319ff2076df44f3ce1c6c60f3f5763,2025-11-03 14:16:01+00:00,3689.3999999999996,No,2025-11-05 05:56:23+00:00,39.672777777777775,0.95,0.0040000000000000036
0x3f7aee8f1fafcd873343105b24f83f3f98a9248e,BUY,104468181147316868388088006861839293041095272602974154655578369735976654024471,0xc40cbb2d7f5d2c43c624bd5b1d0b18cd3d0682b3937363ec7c1ad1d13bee107e,1187.0,0.947,1762179305,Will Andrew Cuomo win the 2025 NYC mayoral election?,will-andrew-cuomo-win-the-2025-nyc-mayoral-election,https://polymarket-upload.s3.us-east-2.amazonaws.com/will-andrew-cuomo-win-the-2025-nyc-mayoral-election-CFbNR1wG_T2X.jpg,new-york-city-mayoral-election,No,1,costcostaff01,Cool-Spread,,,,0x0f77357a560d82f994eaf7710edeceba7f5cd9033436a162a000378fd0545b17,2025-11-03 14:15:05+00:00,1124.089,No,2025-11-05 05:56:23+00:00,39.68833333333333,0.95,0.0030000000000000027
0x3f7aee8f1fafcd873343105b24f83f3f98a9248e,BUY,104468181147316868388088006861839293041095272602974154655578369735976654024471,0xc40cbb2d7f5d2c43c624bd5b1d0b18cd3d0682b3937363ec7c1ad1d13bee107e,1695.0,0.947,1762179301,Will Andrew Cuomo win the 2025 NYC mayoral election?,will-andrew-cuomo-win-the-2025-nyc-mayoral-election,https://polymarket-upload.s3.us-east-2.amazonaws.com/will-andrew-cuomo-win-the-2025-nyc-mayoral-election-CFbNR1wG_T2X.jpg,new-york-city-mayoral-election,No,1,costcostaff01,Cool-Spread,,,,0x8031462f00ebf1e27ccbc2e57dc9e2a197172d4bb31f3b89e0c89b8ba084b19c,2025-11-03 14:15:01+00:00,1605.165,No,2025-11-05 05:56:23+00:00,39.68944444444445,0.95,0.0030000000000000027
0x3f7aee8f1fafcd873343105b24f83f3f98a9248e,BUY,104468181147316868388088006861839293041095272602974154655578369735976654024471,0xc40cbb2d7f5d2c43c624bd5b1d0b18cd3d0682b3937363ec7c1ad1d13bee107e,2422.0,0.947,1762179295,Will Andrew Cuomo win the 2025 NYC mayoral election?,will-andrew-cuomo-win-the-2025-nyc-mayoral-election,https://polymarket-upload.s3.us-east-2.amazonaws.com/will-andrew-cuomo-win-the-2025-nyc-mayoral-election-CFbNR1wG_T2X.jpg,new-york-city-mayoral-election,No,1,costcostaff01,Cool-Spread,,,,0x8167ca4d3f86d2b4c6450b7e2eb2a19c75c6af4ecb2539c795a7205f5dd0fbf1,2025-11-03 14:14:55+00:00,2293.634,No,2025-11-05 05:56:23+00:00,39.69111111111111,0.95,0.0030000000000000027
0x3f7aee8f1fafcd873343105b24f83f3f98a9248e,BUY,104468181147316868388088006861839293041095272602974154655578369735976654024471,0xc40cbb2d7f5d2c43c624bd5b1d0b18cd3d0682b3937363ec7c1ad1d13bee107e,4385.0,0.95,1762177801,Will Andrew Cuomo win the 2025 NYC mayoral election?,will-andrew-cuomo-win-the-2025-nyc-mayoral-election,https://polymarket-upload.s3.us-east-2.amazonaws.com/will-andrew-cuomo-win-the-2025-nyc-mayoral-election-CFbNR1wG_T2X.jpg,new-york-city-mayoral-election,No,1,costcostaff01,Cool-Spread,,,,0x4f086971d284b79bd83b9b9a22c7e7b3b6bbd4fea937ad6ca5ebff7b55fff78c,2025-11-03 13:50:01+00:00,4165.75,No,2025-11-05 05:56:23+00:00,40.10611111111111,0.951,0.0010000000000000009
0x3f7aee8f1fafcd873343105b24f83f3f98a9248e,BUY,104468181147316868388088006861839293041095272602974154655578369735976654024471,0xc40cbb2d7f5d2c43c624bd5b1d0b18cd3d0682b3937363ec7c1ad1d13bee107e,5000.0,0.95,1762177795,Will Andrew Cuomo win the 2025 NYC mayoral election?,will-andrew-cuomo-win-the-2025-nyc-mayoral-election,https://polymarket-upload.s3.us-east-2.amazonaws.com/will-andrew-cuomo-win-the-2025-nyc-mayoral-election-CFbNR1wG_T2X.jpg,new-york-city-mayoral-election,No,1,costcostaff01,Cool-Spread,,,,0xfa38d8a069b679cff88dabc91dc989b03dc3379d22e9c2349f40305b42bbe3f5,2025-11-03 13:49:55+00:00,4750.0,No,2025-11-05 05:56:23+00:00,40.10777777777778,0.951,0.0010000000000000009
0x3f7aee8f1fafcd873343105b24f83f3f98a9248e,BUY,104468181147316868388088006861839293041095272602974154655578369735976654024471,0xc40cbb2d7f5d2c43c624bd5b1d0b18cd3d0682b3937363ec7c1ad1d13bee107e,5000.0,0.95,1762177741,Will Andrew Cuomo win the 2025 NYC mayoral election?,will-andrew-cuomo-win-the-2025-nyc-mayoral-election,https://polymarket-upload.s3.us-east-2.amazonaws.com/will-andrew-cuomo-win-the-2025-nyc-mayoral-election-CFbNR1wG_T2X.jpg,new-york-city-mayoral-election,No,1,costcostaff01,Cool-Spread,,,,0x10c936a5a5330054930ee35aa4986a8d3d23eab338cd3b731d7b5222038e8ccd,2025-11-03 13:49:01+00:00,4750.0,No,2025-11-05 05:56:23+00:00,40.12277777777778,0.951,0.0010000000000000009
0x3f7aee8f1fafcd873343105b24f83f3f98a9248e,BUY,104468181147316868388088006861839293041095272602974154655578369735976654024471,0xc40cbb2d7f5d2c43c624bd5b1d0b18cd3d0682b3937363ec7c1ad1d13bee107e,5000.0,0.95,1762177733,Will Andrew Cuomo win the 2025 NYC mayoral election?,will-andrew-cuomo-win-the-2025-nyc-mayoral-election,https://polymarket-upload.s3.us-east-2.amazonaws.com/will-andrew-cuomo-win-the-2025-nyc-mayoral-election-CFbNR1wG_T2X.jpg,new-york-city-mayoral-election,No,1,costcostaff01,Cool-Spread,,,,0x228ba9492e8464f5de28c2807e6aace2ec66ac58da17d8115a89214148875d4b,2025-11-03 13:48:53+00:00,4750.0,No,2025-11-05 05:56:23+00:00,40.125,0.951,0.0010000000000000009
0x3f7aee8f1fafcd873343105b24f83f3f98a9248e,BUY,104468181147316868388088006861839293041095272602974154655578369735976654024471,0xc40cbb2d7f5d2c43c624bd5b1d0b18cd3d0682b3937363ec7c1ad1d13bee107e,1295.0,0.95,1762177607,Will Andrew Cuomo win the 2025 NYC mayoral election?,will-andrew-cuomo-win-the-2025-nyc-mayoral-election,https://polymarket-upload.s3.us-east-2.amazonaws.com/will-andrew-cuomo-win-the-2025-nyc-mayoral-election-CFbNR1wG_T2X.jpg,new-york-city-mayoral-election,No,1,costcostaff01,Cool-Spread,,,,0xf7629da5f720f95ee95aab0ec335c2084f0035df048331114d4a6ebb396db6e9,2025-11-03 13:46:47+00:00,1230.25,No,2025-11-05 05:56:23+00:00,40.16,0.951,0.0010000000000000009
0x3f7aee8f1fafcd873343105b24f83f3f98a9248e,BUY,104468181147316868388088006861839293041095272602974154655578369735976654024471,0xc40cbb2d7f5d2c43c624bd5b1d0b18cd3d0682b3937363ec7c1ad1d13bee107e,1894.0,0.95,1762177601,Will Andrew Cuomo win the 2025 NYC mayoral election?,will-andrew-cuomo-win-the-2025-nyc-mayoral-election,https://polymarket-upload.s3.us-east-2.amazonaws.com/will-andrew-cuomo-win-the-2025-nyc-mayoral-election-CFbNR1wG_T2X.jpg,new-york-city-mayoral-election,No,1,costcostaff01,Cool-Spread,,,,0xee045da04a33ca95ad2eb6e5fce1e00215737661b521d90385810703e791c2f4,2025-11-03 13:46:41+00:00,1799.3,No,2025-11-05 05:56:23+00:00,40.16166666666667,0.951,0.0010000000000000009
0x3f7aee8f1fafcd873343105b24f83f3f98a9248e,BUY,104468181147316868388088006861839293041095272602974154655578369735976654024471,0xc40cbb2d7f5d2c43c624bd5b1d0b18cd3d0682b3937363ec7c1ad1d13bee107e,3088.0,0.95,1762177595,Will Andrew Cuomo win the 2025 NYC mayoral election?,will-andrew-cuomo-win-the-2025-nyc-mayoral-election,https://polymarket-upload.s3.us-east-2.amazonaws.com/will-andrew-cuomo-win-the-2025-nyc-mayoral-election-CFbNR1wG_T2X.jpg,new-york-city-mayoral-election,No,1,costcostaff01,Cool-Spread,,,,0x6182fa94ae73a457efee587b615084c075319b861dbcf6747df472a241fbd580,2025-11-03 13:46:35+00:00,2933.6,No,2025-11-05 05:56:23+00:00,40.163333333333334,0.951,0.0010000000000000009
0x3f7aee8f1fafcd873343105b24f83f3f98a9248e,BUY,104468181147316868388088006861839293041095272602974154655578369735976654024471,0xc40cbb2d7f5d2c43c624bd5b1d0b18cd3d0682b3937363ec7c1ad1d13bee107e,4325.0,0.95,1762177589,Will Andrew Cuomo win the 2025 NYC mayoral election?,will-andrew-cuomo-win-the-2025-nyc-mayoral-election,https://polymarket-upload.s3.us-east-2.amazonaws.com/will-andrew-cuomo-win-the-2025-nyc-mayoral-election-CFbNR1wG_T2X.jpg,new-york-city-mayoral-election,No,1,costcostaff01,Cool-Spread,,,,0x62444a599d941e8e17a6c1477fa6881b15065e641e8b4bdf9c223c2ce35b0a22,2025-11-03 13:46:29+00:00,4108.75,No,2025-11-05 05:56:23+00:00,40.165,0.951,0.0010000000000000009
0x3f7aee8f1fafcd873343105b24f83f3f98a9248e,BUY,104468181147316868388088006861839293041095272602974154655578369735976654024471,0xc40cbb2d7f5d2c43c624bd5b1d0b18cd3d0682b3937363ec7c1ad1d13bee107e,5000.0,0.95,1762177583,Will Andrew Cuomo win the 2025 NYC mayoral election?,will-andrew-cuomo-win-the-2025-nyc-mayoral-election,https://polymarket-upload.s3.us-east-2.amazonaws.com/will-andrew-cuomo-win-the-2025-nyc-mayoral-election-CFbNR1wG_T2X.jpg,new-york-city-mayoral-election,No,1,costcostaff01,Cool-Spread,,,,0x3522b1805f2e01b80a95b8392b12a49bfb955f976db5adb603be9a6fd06f21a9,2025-11-03 13:46:23+00:00,4750.0,No,2025-11-05 05:56:23+00:00,40.166666666666664,0.951,0.0010000000000000009
0x3f7aee8f1fafcd873343105b24f83f3f98a9248e,BUY,104468181147316868388088006861839293041095272602974154655578369735976654024471,0xc40cbb2d7f5d2c43c624bd5b1d0b18cd3d0682b3937363ec7c1ad1d13bee107e,1137.0,0.95,1762177525,Will Andrew Cuomo win the 2025 NYC mayoral election?,will-andrew-cuomo-win-the-2025-nyc-mayoral-election,https://polymarket-upload.s3.us-east-2.amazonaws.com/will-andrew-cuomo-win-the-2025-nyc-mayoral-election-CFbNR1wG_T2X.jpg,new-york-city-mayoral-election,No,1,costcostaff01,Cool-Spread,,,,0xb66ebaed4532526b780cce48f3f4fe82232b786b7fc24c4eb53e5a0f7f3240b2,2025-11-03 13:45:25+00:00,1080.1499999999999,No,2025-11-05 05:56:23+00:00,40.18277777777778,0.951,0.0010000000000000009
0x3f7aee8f1fafcd873343105b24f83f3f98a9248e,BUY,104468181147316868388088006861839293041095272602974154655578369735976654024471,0xc40cbb2d7f5d2c43c624bd5b1d0b18cd3d0682b3937363ec7c1ad1d13bee107e,1614.0,0.95,1762177517,Will Andrew Cuomo win the 2025 NYC mayoral election?,will-andrew-cuomo-win-the-2025-nyc-mayoral-election,https://polymarket-upload.s3.us-east-2.amazonaws.com/will-andrew-cuomo-win-the-2025-nyc-mayoral-election-CFbNR1wG_T2X.jpg,new-york-city-mayoral-election,No,1,costcostaff01,Cool-Spread,,,,0x5dc83cba93ad724c74a4b1a60fc4aa0b5a6667c5442409277bc780e327b58b9c,2025-11-03 13:45:17+00:00,1533.3,No,2025-11-05 05:56:23+00:00,40.185,0.951,0.0010000000000000009
0x3f7aee8f1fafcd873343105b24f83f3f98a9248e,BUY,104468181147316868388088006861839293041095272602974154655578369735976654024471,0xc40cbb2d7f5d2c43c624bd5b1d0b18cd3d0682b3937363ec7c1ad1d13bee107e,2306.0,0.95,1762177511,Will Andrew Cuomo win the 2025 NYC mayoral election?,will-andrew-cuomo-win-the-2025-nyc-mayoral-election,https://polymarket-upload.s3.us-east-2.amazonaws.com/will-andrew-cuomo-win-the-2025-nyc-mayoral-election-CFbNR1wG_T2X.jpg,new-york-city-mayoral-election,No,1,costcostaff01,Cool-Spread,,,,0xe61101378a5f45a2f30ff5c555095e6b1ced0ea072360bf09f423acd4488f360,2025-11-03 13:45:11+00:00,2190.7,No,2025-11-05 05:56:23+00:00,40.18666666666667,0.951,0.0010000000000000009
0x3f7aee8f1fafcd873343105b24f83f3f98a9248e,BUY,104468181147316868388088006861839293041095272602974154655578369735976654024471,0xc40cbb2d7f5d2c43c624bd5b1d0b18cd3d0682b3937363ec7c1ad1d13bee107e,3294.0,0.95,1762177503,Will Andrew Cuomo win the 2025 NYC mayoral election?,will-andrew-cuomo-win-the-2025-nyc-mayoral-election,https://polymarket-upload.s3.us-east-2.amazonaws.com/will-andrew-cuomo-win-the-2025-nyc-mayoral-election-CFbNR1wG_T2X.jpg,new-york-city-mayoral-election,No,1,costcostaff01,Cool-Spread,,,,0x370a5a34dad5dbf1a17660447be1600d578c24db8c9f66e2617ac04f73d63367,2025-11-03 13:45:03+00:00,3129.2999999999997,No,2025-11-05 05:56:23+00:00,40.18888888888889,0.951,0.0010000000000000009
0x3f7aee8f1fafcd873343105b24f83f3f98a9248e,BUY,104468181147316868388088006861839293041095272602974154655578369735976654024471,0xc40cbb2d7f5d2c43c624bd5b1d0b18cd3d0682b3937363ec7c1ad1d13bee107e,4393.0,0.95,1762177497,Will Andrew Cuomo win the 2025 NYC mayoral election?,will-andrew-cuomo-win-the-2025-nyc-mayoral-election,https://polymarket-upload.s3.us-east-2.amazonaws.com/will-andrew-cuomo-win-the-2025-nyc-mayoral-election-CFbNR1wG_T2X.jpg,new-york-city-mayoral-election,No,1,costcostaff01,Cool-Spread,,,,0x370532778c2a75f50bd70097fd1a51d105c2b365f784ab5749f41853c2fb0086,2025-11-03 13:44:57+00:00,4173.349999999999,No,2025-11-05 05:56:23+00:00,40.190555555555555,0.951,0.0010000000000000009
0x3f7aee8f1fafcd873343105b24f83f3f98a9248e,BUY,104468181147316868388088006861839293041095272602974154655578369735976654024471,0xc40cbb2d7f5d2c43c624bd5b1d0b18cd3d0682b3937363ec7c1ad1d13bee107e,5000.0,0.95,1762176637,Will Andrew Cuomo win the 2025 NYC mayoral election?,will-andrew-cuomo-win-the-2025-nyc-mayoral-election,https://polymarket-upload.s3.us-east-2.amazonaws.com/will-andrew-cuomo-win-the-2025-nyc-mayoral-election-CFbNR1wG_T2X.jpg,new-york-city-mayoral-election,No,1,costcostaff01,Cool-Spread,,,,0xbac265f7e83710eb19aeac0df1e2751bf510ff976ebd11ea9ba0ca59e68d40f2,2025-11-03 13:30:37+00:00,4750.0,No,2025-11-05 05:56:23+00:00,40.42944444444444,0.951,0.0010000000000000009
0x3f7aee8f1fafcd873343105b24f83f3f98a9248e,BUY,104468181147316868388088006861839293041095272602974154655578369735976654024471,0xc40cbb2d7f5d2c43c624bd5b1d0b18cd3d0682b3937363ec7c1ad1d13bee107e,5000.0,0.95,1762176631,Will Andrew Cuomo win the 2025 NYC mayoral election?,will-andrew-cuomo-win-the-2025-nyc-mayoral-election,https://polymarket-upload.s3.us-east-2.amazonaws.com/will-andrew-cuomo-win-the-2025-nyc-mayoral-election-CFbNR1wG_T2X.jpg,new-york-city-mayoral-election,No,1,costcostaff01,Cool-Spread,,,,0x90d4bcee1ed8f660d70faa10e032ef53ceee65e0d53d599b144905c20a422dbb,2025-11-03 13:30:31+00:00,4750.0,No,2025-11-05 05:56:23+00:00,40.431111111111115,0.951,0.0010000000000000009
0x3f7aee8f1fafcd873343105b24f83f3f98a9248e,BUY,104468181147316868388088006861839293041095272602974154655578369735976654024471,0xc40cbb2d7f5d2c43c624bd5b1d0b18cd3d0682b3937363ec7c1ad1d13bee107e,5000.0,0.95,1762176625,Will Andrew Cuomo win the 2025 NYC mayoral election?,will-andrew-cuomo-win-the-2025-nyc-mayoral-election,https://polymarket-upload.s3.us-east-2.amazonaws.com/will-andrew-cuomo-win-the-2025-nyc-mayoral-election-CFbNR1wG_T2X.jpg,new-york-city-mayoral-election,No,1,costcostaff01,Cool-Spread,,,,0xdfd0b419be2c53c17fa22642bbb02e8b9772a0e874ac89fe40c15723e76b9c82,2025-11-03 13:30:25+00:00,4750.0,No,2025-11-05 05:56:23+00:00,40.43277777777778,0.951,0.0010000000000000009
0x3f7aee8f1fafcd873343105b24f83f3f98a9248e,BUY,104468181147316868388088006861839293041095272602974154655578369735976654024471,0xc40cbb2d7f5d2c43c624bd5b1d0b18cd3d0682b3937363ec7c1ad1d13bee107e,5000.0,0.95,1762176619,Will Andrew Cuomo win the 2025 NYC mayoral election?,will-andrew-cuomo-win-the-2025-nyc-mayoral-election,https://polymarket-upload.s3.us-east-2.amazonaws.com/will-andrew-cuomo-win-the-2025-nyc-mayoral-election-CFbNR1wG_T2X.jpg,new-york-city-mayoral-election,No,1,costcostaff01,Cool-Spread,,,,0x66f2dc499ad8c31e08940c6ed09e7d7c98295d10155548f9dee473a91fa89615,2025-11-03 13:30:19+00:00,4750.0,No,2025-11-05 05:56:23+00:00,40.434444444444445,0.951,0.0010000000000000009
0x3f7aee8f1fafcd873343105b24f83f3f98a9248e,BUY,104468181147316868388088006861839293041095272602974154655578369735976654024471,0xc40cbb2d7f5d2c43c624bd5b1d0b18cd3d0682b3937363ec7c1ad1d13bee107e,5000.0,0.95,1762176613,Will Andrew Cuomo win the 2025 NYC mayoral election?,will-andrew-cuomo-win-the-2025-nyc-mayoral-election,https://polymarket-upload.s3.us-east-2.amazonaws.com/will-andrew-cuomo-win-the-2025-nyc-mayoral-election-CFbNR1wG_T2X.jpg,new-york-city-mayoral-election,No,1,costcostaff01,Cool-Spread,,,,0xdafe741523b8a2afa9df9e257cc7a22806d4ba06ce821ec852a9fc567a27f757,2025-11-03 13:30:13+00:00,4750.0,No,2025-11-05 05:56:23+00:00,40.43611111111111,0.951,0.0010000000000000009
0x3f7aee8f1fafcd873343105b24f83f3f98a9248e,BUY,104468181147316868388088006861839293041095272602974154655578369735976654024471,0xc40cbb2d7f5d2c43c624bd5b1d0b18cd3d0682b3937363ec7c1ad1d13bee107e,5000.0,0.95,1762176603,Will Andrew Cuomo win the 2025 NYC mayoral election?,will-andrew-cuomo-win-the-2025-nyc-mayoral-election,https://polymarket-upload.s3.us-east-2.amazonaws.com/will-andrew-cuomo-win-the-2025-nyc-mayoral-election-CFbNR1wG_T2X.jpg,new-york-city-mayoral-election,No,1,costcostaff01,Cool-Spread,,,,0x8cb8c4286b3b5c862194d6c55f3c5fe5aca5cc9a640006d67826c542a179187c,2025-11-03 13:30:03+00:00,4750.0,No,2025-11-05 05:56:23+00:00,40.43888888888889,0.951,0.0010000000000000009
0x3f7aee8f1fafcd873343105b24f83f3f98a9248e,BUY,104468181147316868388088006861839293041095272602974154655578369735976654024471,0xc40cbb2d7f5d2c43c624bd5b1d0b18cd3d0682b3937363ec7c1ad1d13bee107e,5000.0,0.95,1762176597,Will Andrew Cuomo win the 2025 NYC mayoral election?,will-andrew-cuomo-win-the-2025-nyc-mayoral-election,https://polymarket-upload.s3.us-east-2.amazonaws.com/will-andrew-cuomo-win-the-2025-nyc-mayoral-election-CFbNR1wG_T2X.jpg,new-york-city-mayoral-election,No,1,costcostaff01,Cool-Spread,,,,0x3bd332f665fcfb3ce3f77f004f70bef8b5a2679f14ce0feb75e2f3ee24e54430,2025-11-03 13:29:57+00:00,4750.0,No,2025-11-05 05:56:23+00:00,40.440555555555555,0.951,0.0010000000000000009
0x3f7aee8f1fafcd873343105b24f83f3f98a9248e,BUY,104468181147316868388088006861839293041095272602974154655578369735976654024471,0xc40cbb2d7f5d2c43c624bd5b1d0b18cd3d0682b3937363ec7c1ad1d13bee107e,1203.0,0.95,1762176567,Will Andrew Cuomo win the 2025 NYC mayoral election?,will-andrew-cuomo-win-the-2025-nyc-mayoral-election,https://polymarket-upload.s3.us-east-2.amazonaws.com/will-andrew-cuomo-win-the-2025-nyc-mayoral-election-CFbNR1wG_T2X.jpg,new-york-city-mayoral-election,No,1,costcostaff01,Cool-Spread,,,,0x2e4490b9b73cb4a988900a938e897f963c29f388ac1a9c141a79417cb48c0473,2025-11-03 13:29:27+00:00,1142.85,No,2025-11-05 05:56:23+00:00,40.44888888888889,0.951,0.0010000000000000009
0x3f7aee8f1fafcd873343105b24f83f3f98a9248e,BUY,104468181147316868388088006861839293041095272602974154655578369735976654024471,0xc40cbb2d7f5d2c43c624bd5b1d0b18cd3d0682b3937363ec7c1ad1d13bee107e,1711.0,0.95,1762176561,Will Andrew Cuomo win the 2025 NYC mayoral election?,will-andrew-cuomo-win-the-2025-nyc-mayoral-election,https://polymarket-upload.s3.us-east-2.amazonaws.com/will-andrew-cuomo-win-the-2025-nyc-mayoral-election-CFbNR1wG_T2X.jpg,new-york-city-mayoral-election,No,1,costcostaff01,Cool-Spread,,,,0x75e2d0fcbf982b21a8048230a328e6d72caef292b37f6eee7a45c0cf8d0a15cc,2025-11-03 13:29:21+00:00,1625.4499999999998,No,2025-11-05 05:56:23+00:00,40.45055555555555,0.951,0.0010000000000000009
0x3f7aee8f1fafcd873343105b24f83f3f98a9248e,BUY,104468181147316868388088006861839293041095272602974154655578369735976654024471,0xc40cbb2d7f5d2c43c624bd5b1d0b18cd3d0682b3937363ec7c1ad1d13bee107e,2009.0,0.95,1762176553,Will Andrew Cuomo win the 2025 NYC mayoral election?,will-andrew-cuomo-win-the-2025-nyc-mayoral-election,https://polymarket-upload.s3.us-east-2.amazonaws.com/will-andrew-cuomo-win-the-2025-nyc-mayoral-election-CFbNR1wG_T2X.jpg,new-york-city-mayoral-election,No,1,costcostaff01,Cool-Spread,,,,0xf3a95f0c08db372a83b9075ef9012454394e10a0f3f9e07797f1bf3a70052fb4,2025-11-03 13:29:13+00:00,1908.55,No,2025-11-05 05:56:23+00:00,40.452777777777776,0.951,0.0010000000000000009
0x3f7aee8f1fafcd873343105b24f83f3f98a9248e,BUY,104468181147316868388088006861839293041095272602974154655578369735976654024471,0xc40cbb2d7f5d2c43c624bd5b1d0b18cd3d0682b3937363ec7c1ad1d13bee107e,3356.0,0.95,1762176547,Will Andrew Cuomo win the 2025 NYC mayoral election?,will-andrew-cuomo-win-the-2025-nyc-mayoral-election,https://polymarket-upload.s3.us-east-2.amazonaws.com/will-andrew-cuomo-win-the-2025-nyc-mayoral-election-CFbNR1wG_T2X.jpg,new-york-city-mayoral-election,No,1,costcostaff01,Cool-Spread,,,,0x79fb39b8c885b4e76dc330bd5bb8fab98599154bb5d14f5a7cff254797a9b765,2025-11-03 13:29:07+00:00,3188.2,No,2025-11-05 05:56:23+00:00,40.45444444444445,0.951,0.0010000000000000009
0x3f7aee8f1fafcd873343105b24f83f3f98a9248e,BUY,104468181147316868388088006861839293041095272602974154655578369735976654024471,0xc40cbb2d7f5d2c43c624bd5b1d0b18cd3d0682b3937363ec7c1ad1d13bee107e,1500.0,0.949,1762172707,Will Andrew Cuomo win the 2025 NYC mayoral election?,will-andrew-cuomo-win-the-2025-nyc-mayoral-election,https://polymarket-upload.s3.us-east-2.amazonaws.com/will-andrew-cuomo-win-the-2025-nyc-mayoral-election-CFbNR1wG_T2X.jpg,new-york-city-mayoral-election,No,1,costcostaff01,Cool-Spread,,,,0xd64eb9f119cfa953f11d8f4776bdd828c8a646ce030582e2a7dcf27731899fe5,2025-11-03 12:25:07+00:00,1423.5,No,2025-11-05 05:56:23+00:00,41.52111111111111,0.951,0.0020000000000000018
0x3f7aee8f1fafcd873343105b24f83f3f98a9248e,BUY,104468181147316868388088006861839293041095272602974154655578369735976654024471,0xc40cbb2d7f5d2c43c624bd5b1d0b18cd3d0682b3937363ec7c1ad1d13bee107e,5000.0,0.95,1762169803,Will Andrew Cuomo win the 2025 NYC mayoral election?,will-andrew-cuomo-win-the-2025-nyc-mayoral-election,https://polymarket-upload.s3.us-east-2.amazonaws.com/will-andrew-cuomo-win-the-2025-nyc-mayoral-election-CFbNR1wG_T2X.jpg,new-york-city-mayoral-election,No,1,costcostaff01,Cool-Spread,,,,0x8ed217e2e724ca9da0ec29306cda1fcd8177da56c892f08fa09e117e034840e7,2025-11-03 11:36:43+00:00,4750.0,No,2025-11-05 05:56:23+00:00,42.327777777777776,0.951,0.0010000000000000009
0x3f7aee8f1fafcd873343105b24f83f3f98a9248e,BUY,104468181147316868388088006861839293041095272602974154655578369735976654024471,0xc40cbb2d7f5d2c43c624bd5b1d0b18cd3d0682b3937363ec7c1ad1d13bee107e,5000.0,0.95,1762169797,Will Andrew Cuomo win the 2025 NYC mayoral election?,will-andrew-cuomo-win-the-2025-nyc-mayoral-election,https://polymarket-upload.s3.us-east-2.amazonaws.com/will-andrew-cuomo-win-the-2025-nyc-mayoral-election-CFbNR1wG_T2X.jpg,new-york-city-mayoral-election,No,1,costcostaff01,Cool-Spread,,,,0x9600e93c473895890cf0a7de0a93f1aec896cd290d5a26ebf1070ed8970ff442,2025-11-03 11:36:37+00:00,4750.0,No,2025-11-05 05:56:23+00:00,42.32944444444445,0.951,0.0010000000000000009
0x3f7aee8f1fafcd873343105b24f83f3f98a9248e,BUY,104468181147316868388088006861839293041095272602974154655578369735976654024471,0xc40cbb2d7f5d2c43c624bd5b1d0b18cd3d0682b3937363ec7c1ad1d13bee107e,5000.0,0.95,1762169791,Will Andrew Cuomo win the 2025 NYC mayoral election?,will-andrew-cuomo-win-the-2025-nyc-mayoral-election,https://polymarket-upload.s3.us-east-2.amazonaws.com/will-andrew-cuomo-win-the-2025-nyc-mayoral-election-CFbNR1wG_T2X.jpg,new-york-city-mayoral-election,No,1,costcostaff01,Cool-Spread,,,,0x90d8b77ddd39c4739f6bd86e19d7925aa300f8f0631547a71ca1b2413874a43c,2025-11-03 11:36:31+00:00,4750.0,No,2025-11-05 05:56:23+00:00,42.33111111111111,0.951,0.0010000000000000009
0x3f7aee8f1fafcd873343105b24f83f3f98a9248e,BUY,104468181147316868388088006861839293041095272602974154655578369735976654024471,0xc40cbb2d7f5d2c43c624bd5b1d0b18cd3d0682b3937363ec7c1ad1d13bee107e,5000.0,0.95,1762169783,Will Andrew Cuomo win the 2025 NYC mayoral election?,will-andrew-cuomo-win-the-2025-nyc-mayoral-election,https://polymarket-upload.s3.us-east-2.amazonaws.com/will-andrew-cuomo-win-the-2025-nyc-mayoral-election-CFbNR1wG_T2X.jpg,new-york-city-mayoral-election,No,1,costcostaff01,Cool-Spread,,,,0xaa823e4c5b3d059df0ae1c7d4618409e9cdfbdc008da468341bc117ca5af13c4,2025-11-03 11:36:23+00:00,4750.0,No,2025-11-05 05:56:23+00:00,42.333333333333336,0.951,0.0010000000000000009
0x3f7aee8f1fafcd873343105b24f83f3f98a9248e,BUY,104468181147316868388088006861839293041095272602974154655578369735976654024471,0xc40cbb2d7f5d2c43c624bd5b1d0b18cd3d0682b3937363ec7c1ad1d13bee107e,3284.0,0.95,1762169777,Will Andrew Cuomo win the 2025 NYC mayoral election?,will-andrew-cuomo-win-the-2025-nyc-mayoral-election,https://polymarket-upload.s3.us-east-2.amazonaws.com/will-andrew-cuomo-win-the-2025-nyc-mayoral-election-CFbNR1wG_T2X.jpg,new-york-city-mayoral-election,No,1,costcostaff01,Cool-Spread,,,,0x8c7247fd08f3772fc923377fb72637c9d49c3ea71b3d8022559e48bb2374d0d6,2025-11-03 11:36:17+00:00,3119.7999999999997,No,2025-11-05 05:56:23+00:00,42.335,0.951,0.0010000000000000009
0x3f7aee8f1fafcd873343105b24f83f3f98a9248e,BUY,104468181147316868388088006861839293041095272602974154655578369735976654024471,0xc40cbb2d7f5d2c43c624bd5b1d0b18cd3d0682b3937363ec7c1ad1d13bee107e,1079.0,0.949,1762169703,Will Andrew Cuomo win the 2025 NYC mayoral election?,will-andrew-cuomo-win-the-2025-nyc-mayoral-election,https://polymarket-upload.s3.us-east-2.amazonaws.com/will-andrew-cuomo-win-the-2025-nyc-mayoral-election-CFbNR1wG_T2X.jpg,new-york-city-mayoral-election,No,1,costcostaff01,Cool-Spread,,,,0xc52f81e2f8296cee09691348a47618df69fd97d0903f962c93fa17a4de9a897c,2025-11-03 11:35:03+00:00,1023.971,No,2025-11-05 05:56:23+00:00,42.355555555555554,0.951,0.0020000000000000018
0x3f7aee8f1fafcd873343105b24f83f3f98a9248e,BUY,104468181147316868388088006861839293041095272602974154655578369735976654024471,0xc40cbb2d7f5d2c43c624bd5b1d0b18cd3d0682b3937363ec7c1ad1d13bee107e,1148.0,0.949,1762168921,Will Andrew Cuomo win the 2025 NYC mayoral election?,will-andrew-cuomo-win-the-2025-nyc-mayoral-election,https://polymarket-upload.s3.us-east-2.amazonaws.com/will-andrew-cuomo-win-the-2025-nyc-mayoral-election-CFbNR1wG_T2X.jpg,new-york-city-mayoral-election,No,1,costcostaff01,Cool-Spread,,,,0xab309af00ab02eb173ed2b2a758f6c5f4af8fb1d9ec4e6afdf700c5e30bd2ffa,2025-11-03 11:22:01+00:00,1089.452,No,2025-11-05 05:56:23+00:00,42.57277777777778,0.951,0.0020000000000000018
0x3f7aee8f1fafcd873343105b24f83f3f98a9248e,BUY,104468181147316868388088006861839293041095272602974154655578369735976654024471,0xc40cbb2d7f5d2c43c624bd5b1d0b18cd3d0682b3937363ec7c1ad1d13bee107e,1904.0,0.949,1762168491,Will Andrew Cuomo win the 2025 NYC mayoral election?,will-andrew-cuomo-win-the-2025-nyc-mayoral-election,https://polymarket-upload.s3.us-east-2.amazonaws.com/will-andrew-cuomo-win-the-2025-nyc-mayoral-election-CFbNR1wG_T2X.jpg,new-york-city-mayoral-election,No,1,costcostaff01,Cool-Spread,,,,0x1775aa557eac1b74c559ef5305dc8683080d71ffd9af8149701d7c0c5db3fab8,2025-11-03 11:14:51+00:00,1806.896,No,2025-11-05 05:56:23+00:00,42.69222222222222,0.951,0.0020000000000000018
0x3f7aee8f1fafcd873343105b24f83f3f98a9248e,BUY,104468181147316868388088006861839293041095272602974154655578369735976654024471,0xc40cbb2d7f5d2c43c624bd5b1d0b18cd3d0682b3937363ec7c1ad1d13bee107e,2720.0,0.948,1762168485,Will Andrew Cuomo win the 2025 NYC mayoral election?,will-andrew-cuomo-win-the-2025-nyc-mayoral-election,https://polymarket-upload.s3.us-east-2.amazonaws.com/will-andrew-cuomo-win-the-2025-nyc-mayoral-election-CFbNR1wG_T2X.jpg,new-york-city-mayoral-election,No,1,costcostaff01,Cool-Spread,,,,0x9ffa8a7e7a21eb9e77bd817c41a378b9e10be056134481b5017793047745d175,2025-11-03 11:14:45+00:00,2578.56,No,2025-11-05 05:56:23+00:00,42.693888888888885,0.951,0.0030000000000000027
0x3f7aee8f1fafcd873343105b24f83f3f98a9248e,BUY,104468181147316868388088006861839293041095272602974154655578369735976654024471,0xc40cbb2d7f5d2c43c624bd5b1d0b18cd3d0682b3937363ec7c1ad1d13bee107e,1072.0,0.948,1762168451,Will Andrew Cuomo win the 2025 NYC mayoral election?,will-andrew-cuomo-win-the-2025-nyc-mayoral-election,https://polymarket-upload.s3.us-east-2.amazonaws.com/will-andrew-cuomo-win-the-2025-nyc-mayoral-election-CFbNR1wG_T2X.jpg,new-york-city-mayoral-election,No,1,costcostaff01,Cool-Spread,,,,0xa3a232855ad701cdde3aad2d4bc40c54ef5b5fe098e28d5756ea32095ea57941,2025-11-03 11:14:11+00:00,1016.256,No,2025-11-05 05:56:23+00:00,42.70333333333333,0.951,0.0030000000000000027
0x3f7aee8f1fafcd873343105b24f83f3f98a9248e,BUY,104468181147316868388088006861839293041095272602974154655578369735976654024471,0xc40cbb2d7f5d2c43c624bd5b1d0b18cd3d0682b3937363ec7c1ad1d13bee107e,1445.0,0.948,1762168445,Will Andrew Cuomo win the 2025 NYC mayoral election?,will-andrew-cuomo-win-the-2025-nyc-mayoral-election,https://polymarket-upload.s3.us-east-2.amazonaws.com/will-andrew-cuomo-win-the-2025-nyc-mayoral-election-CFbNR1wG_T2X.jpg,new-york-city-mayoral-election,No,1,costcostaff01,Cool-Spread,,,,0x0e7ab9bff22ac09aca6bf00dfdcf728a63983211e0ac75a550fe28b36e860833,2025-11-03 11:14:05+00:00,1369.86,No,2025-11-05 05:56:23+00:00,42.705,0.951,0.0030000000000000027
0x7ba5354929bf388707f397c8b21b8322dc954252,BUY,104468181147316868388088006861839293041095272602974154655578369735976654024471,0xc40cbb2d7f5d2c43c624bd5b1d0b18cd3d0682b3937363ec7c1ad1d13bee107e,2448.75,0.946,1762167721,Will Andrew Cuomo win the 2025 NYC mayoral election?,will-andrew-cuomo-win-the-2025-nyc-mayoral-election,https://polymarket-upload.s3.us-east-2.amazonaws.com/will-andrew-cuomo-win-the-2025-nyc-mayoral-election-CFbNR1wG_T2X.jpg,new-york-city-mayoral-election,No,1,Snpe,Stormy-Trolley,,https://polymarket-upload.s3.us-east-2.amazonaws.com/profile-image-2905476-3de3fdc3-ed29-483c-8436-fa77f947e1cc.png,,0xcee7215487b028c6bc73e141a41ac89600e3a3f2f9f72d9bfe4a278399067c6e,2025-11-03 11:02:01+00:00,2316.5175,No,2025-11-05 05:56:23+00:00,42.90611111111111,0.951,0.0050000000000000044
0x3f7aee8f1fafcd873343105b24f83f3f98a9248e,BUY,104468181147316868388088006861839293041095272602974154655578369735976654024471,0xc40cbb2d7f5d2c43c624bd5b1d0b18cd3d0682b3937363ec7c1ad1d13bee107e,1062.0,0.944,1762165371,Will Andrew Cuomo win the 2025 NYC mayoral election?,will-andrew-cuomo-win-the-2025-nyc-mayoral-election,https://polymarket-upload.s3.us-east-2.amazonaws.com/will-andrew-cuomo-win-the-2025-nyc-mayoral-election-CFbNR1wG_T2X.jpg,new-york-city-mayoral-election,No,1,costcostaff01,Cool-Spread,,,,0xca35363fb4a4b31890fd9bf078cdac406d3dba0b3cf1ef8d9c7a3e032225d1c8,2025-11-03 10:22:51+00:00,1002.5279999999999,No,2025-11-05 05:56:23+00:00,43.55888888888889,0.951,0.007000000000000006
0x3f7aee8f1fafcd873343105b24f83f3f98a9248e,BUY,104468181147316868388088006861839293041095272602974154655578369735976654024471,0xc40cbb2d7f5d2c43c624bd5b1d0b18cd3d0682b3937363ec7c1ad1d13bee107e,1204.0,0.944,1762165365,Will Andrew Cuomo win the 2025 NYC mayoral election?,will-andrew-cuomo-win-the-2025-nyc-mayoral-election,https://polymarket-upload.s3.us-east-2.amazonaws.com/will-andrew-cuomo-win-the-2025-nyc-mayoral-election-CFbNR1wG_T2X.jpg,new-york-city-mayoral-election,No,1,costcostaff01,Cool-Spread,,,,0xdd680a35f3ce16346c0e34367d172220edac3162e062da0ba788d5300e6885b2,2025-11-03 10:22:45+00:00,1136.576,No,2025-11-05 05:56:23+00:00,43.56055555555555,0.951,0.007000000000000006
0x3f7aee8f1fafcd873343105b24f83f3f98a9248e,BUY,104468181147316868388088006861839293041095272602974154655578369735976654024471,0xc40cbb2d7f5d2c43c624bd5b1d0b18cd3d0682b3937363ec7c1ad1d13bee107e,1390.0,0.94,1762139749,Will Andrew Cuomo win the 2025 NYC mayoral election?,will-andrew-cuomo-win-the-2025-nyc-mayoral-election,https://polymarket-upload.s3.us-east-2.amazonaws.com/will-andrew-cuomo-win-the-2025-nyc-mayoral-election-CFbNR1wG_T2X.jpg,new-york-city-mayoral-election,No,1,costcostaff01,Cool-Spread,,,,0xe126de8306e1a4ff77e3b4f23b5f59e81cff0cc0b45c867a44673eca47198ce3,2025-11-03 03:15:49+00:00,1306.6,No,2025-11-05 05:56:23+00:00,50.67611111111111,0.9449999986,0.0049999986
0x3f7aee8f1fafcd873343105b24f83f3f98a9248e,BUY,104468181147316868388088006861839293041095272602974154655578369735976654024471,0xc40cbb2d7f5d2c43c624bd5b1d0b18cd3d0682b3937363ec7c1ad1d13bee107e,1164.0,0.94,1762139587,Will Andrew Cuomo win the 2025 NYC mayoral election?,will-andrew-cuomo-win-the-2025-nyc-mayoral-election,https://polymarket-upload.s3.us-east-2.amazonaws.com/will-andrew-cuomo-win-the-2025-nyc-mayoral-election-CFbNR1wG_T2X.jpg,new-york-city-mayoral-election,No,1,costcostaff01,Cool-Spread,,,,0xd16717f2ca53d061e75ecb6ba351c098c899c9c76523265e7e72d1826b4bd033,2025-11-03 03:13:07+00:00,1094.1599999999999,No,2025-11-05 05:56:23+00:00,50.721111111111114,0.9449999986,0.0049999986
0x3f7aee8f1fafcd873343105b24f83f3f98a9248e,BUY,104468181147316868388088006861839293041095272602974154655578369735976654024471,0xc40cbb2d7f5d2c43c624bd5b1d0b18cd3d0682b3937363ec7c1ad1d13bee107e,1229.0,0.94,1762138611,Will Andrew Cuomo win the 2025 NYC mayoral election?,will-andrew-cuomo-win-the-2025-nyc-mayoral-election,https://polymarket-upload.s3.us-east-2.amazonaws.com/will-andrew-cuomo-win-the-2025-nyc-mayoral-election-CFbNR1wG_T2X.jpg,new-york-city-mayoral-election,No,1,costcostaff01,Cool-Spread,,,,0x1022772660effdddebb1e6ad5580d976416740a0a4cbc6850a5d5678ac9cde6c,2025-11-03 02:56:51+00:00,1155.26,No,2025-11-05 05:56:23+00:00,50.992222222222225,0.9449999986,0.0049999986
0x3f7aee8f1fafcd873343105b24f83f3f98a9248e,BUY,104468181147316868388088006861839293041095272602974154655578369735976654024471,0xc40cbb2d7f5d2c43c624bd5b1d0b18cd3d0682b3937363ec7c1ad1d13bee107e,1716.0,0.94,1762138603,Will Andrew Cuomo win the 2025 NYC mayoral election?,will-andrew-cuomo-win-the-2025-nyc-mayoral-election,https://polymarket-upload.s3.us-east-2.amazonaws.com/will-andrew-cuomo-win-the-2025-nyc-mayoral-election-CFbNR1wG_T2X.jpg,new-york-city-mayoral-election,No,1,costcostaff01,Cool-Spread,,,,0x983ff720cf1ccb8bfa097c65532c4baef0dc9b38ded2f61f26940586a0834592,2025-11-03 02:56:43+00:00,1613.04,No,2025-11-05 05:56:23+00:00,50.99444444444445,0.9449999986,0.0049999986
0xe8dd7741ccb12350957ec71e9ee332e0d1e6ec86,BUY,104468181147316868388088006861839293041095272602974154655578369735976654024471,0xc40cbb2d7f5d2c43c624bd5b1d0b18cd3d0682b3937363ec7c1ad1d13bee107e,1325.22,0.939,1762138523,Will Andrew Cuomo win the 2025 NYC mayoral election?,will-andrew-cuomo-win-the-2025-nyc-mayoral-election,https://polymarket-upload.s3.us-east-2.amazonaws.com/will-andrew-cuomo-win-the-2025-nyc-mayoral-election-CFbNR1wG_T2X.jpg,new-york-city-mayoral-election,No,1,influenz.eth,Real-Veteran,,,,0xea8c1326bf5abb309db817f5c5075531d30a0cfb72f11eb16ac28d9b839fe87e,2025-11-03 02:55:23+00:00,1244.38158,No,2025-11-05 05:56:23+00:00,51.016666666666666,0.9449999986,0.0059999986000000005
0x3f7aee8f1fafcd873343105b24f83f3f98a9248e,BUY,104468181147316868388088006861839293041095272602974154655578369735976654024471,0xc40cbb2d7f5d2c43c624bd5b1d0b18cd3d0682b3937363ec7c1ad1d13bee107e,1253.0,0.935,1762121455,Will Andrew Cuomo win the 2025 NYC mayoral election?,will-andrew-cuomo-win-the-2025-nyc-mayoral-election,https://polymarket-upload.s3.us-east-2.amazonaws.com/will-andrew-cuomo-win-the-2025-nyc-mayoral-election-CFbNR1wG_T2X.jpg,new-york-city-mayoral-election,No,1,costcostaff01,Cool-Spread,,,,0xe1b285037447fe38283c7412bf960efc3ce95c19cfd9dd3bc6e08151856f9686,2025-11-02 22:10:55+00:00,1171.555,No,2025-11-05 05:56:23+00:00,55.757777777777775,0.9449999986,0.009999998599999893
0x3f7aee8f1fafcd873343105b24f83f3f98a9248e,BUY,104468181147316868388088006861839293041095272602974154655578369735976654024471,0xc40cbb2d7f5d2c43c624bd5b1d0b18cd3d0682b3937363ec7c1ad1d13bee107e,1790.0,0.935,1762121449,Will Andrew Cuomo win the 2025 NYC mayoral election?,will-andrew-cuomo-win-the-2025-nyc-mayoral-election,https://polymarket-upload.s3.us-east-2.amazonaws.com/will-andrew-cuomo-win-the-2025-nyc-mayoral-election-CFbNR1wG_T2X.jpg,new-york-city-mayoral-election,No,1,costcostaff01,Cool-Spread,,,,0xa227053d2f42b2ef0cc23820fb9507f3d9f617ff43f272d5278e2b0cf8be4ec1,2025-11-02 22:10:49+00:00,1673.65,No,2025-11-05 05:56:23+00:00,55.75944444444445,0.9449999986,0.009999998599999893
0x3f7aee8f1fafcd873343105b24f83f3f98a9248e,BUY,104468181147316868388088006861839293041095272602974154655578369735976654024471,0xc40cbb2d7f5d2c43c624bd5b1d0b18cd3d0682b3937363ec7c1ad1d13bee107e,2557.0,0.935,1762121443,Will Andrew Cuomo win the 2025 NYC mayoral election?,will-andrew-cuomo-win-the-2025-nyc-mayoral-election,https://polymarket-upload.s3.us-east-2.amazonaws.com/will-andrew-cuomo-win-the-2025-nyc-mayoral-election-CFbNR1wG_T2X.jpg,new-york-city-mayoral-election,No,1,costcostaff01,Cool-Spread,,,,0x02b0dc439f6dc6d3266f2cc191da82ae7051ab9e566c7e2409906f7e2362bd2e,2025-11-02 22:10:43+00:00,2390.795,No,2025-11-05 05:56:23+00:00,55.76111111111111,0.9449999986,0.009999998599999893
0x3f7aee8f1fafcd873343105b24f83f3f98a9248e,BUY,104468181147316868388088006861839293041095272602974154655578369735976654024471,0xc40cbb2d7f5d2c43c624bd5b1d0b18cd3d0682b3937363ec7c1ad1d13bee107e,3653.0,0.935,1762121437,Will Andrew Cuomo win the 2025 NYC mayoral election?,will-andrew-cuomo-win-the-2025-nyc-mayoral-election,https://polymarket-upload.s3.us-east-2.amazonaws.com/will-andrew-cuomo-win-the-2025-nyc-mayoral-election-CFbNR1wG_T2X.jpg,new-york-city-mayoral-election,No,1,costcostaff01,Cool-Spread,,,,0x4f27889fff719a322212a57d0c5cc95d26ea58fae1be9123a47ecf72d8fde509,2025-11-02 22:10:37+00:00,3415.5550000000003,No,2025-11-05 05:56:23+00:00,55.76277777777778,0.9449999986,0.009999998599999893
0x3f7aee8f1fafcd873343105b24f83f3f98a9248e,BUY,104468181147316868388088006861839293041095272602974154655578369735976654024471,0xc40cbb2d7f5d2c43c624bd5b1d0b18cd3d0682b3937363ec7c1ad1d13bee107e,5000.0,0.935,1762121431,Will Andrew Cuomo win the 2025 NYC mayoral election?,will-andrew-cuomo-win-the-2025-nyc-mayoral-election,https://polymarket-upload.s3.us-east-2.amazonaws.com/will-andrew-cuomo-win-the-2025-nyc-mayoral-election-CFbNR1wG_T2X.jpg,new-york-city-mayoral-election,No,1,costcostaff01,Cool-Spread,,,,0x1e9a203c09e595e27ab9843235f6ae404475530fca5f5a30470856d4ea70ed10,2025-11-02 22:10:31+00:00,4675.0,No,2025-11-05 05:56:23+00:00,55.76444444444444,0.9449999986,0.009999998599999893
0xe8dd7741ccb12350957ec71e9ee332e0d1e6ec86,BUY,104468181147316868388088006861839293041095272602974154655578369735976654024471,0xc40cbb2d7f5d2c43c624bd5b1d0b18cd3d0682b3937363ec7c1ad1d13bee107e,2333.336892,0.935,1762121377,Will Andrew Cuomo win the 2025 NYC mayoral election?,will-andrew-cuomo-win-the-2025-nyc-mayoral-election,https://polymarket-upload.s3.us-east-2.amazonaws.com/will-andrew-cuomo-win-the-2025-nyc-mayoral-election-CFbNR1wG_T2X.jpg,new-york-city-mayoral-election,No,1,influenz.eth,Real-Veteran,,,,0x05313983ac30c32a5f165795bc0ddccb40a41a64a5c5fe60f3c88d6e4f4290ca,2025-11-02 22:09:37+00:00,2181.66999402,No,2025-11-05 05:56:23+00:00,55.779444444444444,0.9449999986,0.009999998599999893
0x63d43bbb87f85af03b8f2f9e2fad7b54334fa2f1,BUY,104468181147316868388088006861839293041095272602974154655578369735976654024471,0xc40cbb2d7f5d2c43c624bd5b1d0b18cd3d0682b3937363ec7c1ad1d13bee107e,2000.0,0.935,1762121377,Will Andrew Cuomo win the 2025 NYC mayoral election?,will-andrew-cuomo-win-the-2025-nyc-mayoral-election,https://polymarket-upload.s3.us-east-2.amazonaws.com/will-andrew-cuomo-win-the-2025-nyc-mayoral-election-CFbNR1wG_T2X.jpg,new-york-city-mayoral-election,No,1,wokerjoesleeper,Vivid-Macrofauna,,,,0x0c25daa9d94d01aab98afebb0fc3d96e18e8d5aca26976c5702c294d83616144,2025-11-02 22:09:37+00:00,1870.0,No,2025-11-05 05:56:23+00:00,55.779444444444444,0.9449999986,0.009999998599999893
0xd218e474776403a330142299f7796e8ba32eb5c9,BUY,104468181147316868388088006861839293041095272602974154655578369735976654024471,0xc40cbb2d7f5d2c43c624bd5b1d0b18cd3d0682b3937363ec7c1ad1d13bee107e,9000.0,0.935,1762121377,Will Andrew Cuomo win the 2025 NYC mayoral election?,will-andrew-cuomo-win-the-2025-nyc-mayoral-election,https://polymarket-upload.s3.us-east-2.amazonaws.com/will-andrew-cuomo-win-the-2025-nyc-mayoral-election-CFbNR1wG_T2X.jpg,new-york-city-mayoral-election,No,1,cigarettes,Attentive-Crewman,broken grid,,,0xbc51585585403090d11b39edb023e32560cb025b7db0f3b0682bf0b45ed3ffee,2025-11-02 22:09:37+00:00,8415.0,No,2025-11-05 05:56:23+00:00,55.779444444444444,0.9449999986,0.009999998599999893
0xd218e474776403a330142299f7796e8ba32eb5c9,BUY,104468181147316868388088006861839293041095272602974154655578369735976654024471,0xc40cbb2d7f5d2c43c624bd5b1d0b18cd3d0682b3937363ec7c1ad1d13bee107e,9000.0,0.935,1762120535,Will Andrew Cuomo win the 2025 NYC mayoral election?,will-andrew-cuomo-win-the-2025-nyc-mayoral-election,https://polymarket-upload.s3.us-east-2.amazonaws.com/will-andrew-cuomo-win-the-2025-nyc-mayoral-election-CFbNR1wG_T2X.jpg,new-york-city-mayoral-election,No,1,cigarettes,Attentive-Crewman,broken grid,,,0x10a278915571e4f8f9127876905f46290f543051f1cb46131f24a733746907b6,2025-11-02 21:55:35+00:00,8415.0,No,2025-11-05 05:56:23+00:00,56.013333333333335,0.944999997,0.009999996999999983
0xe8dd7741ccb12350957ec71e9ee332e0d1e6ec86,BUY,104468181147316868388088006861839293041095272602974154655578369735976654024471,0xc40cbb2d7f5d2c43c624bd5b1d0b18cd3d0682b3937363ec7c1ad1d13bee107e,1190.010692,0.935,1762120535,Will Andrew Cuomo win the 2025 NYC mayoral election?,will-andrew-cuomo-win-the-2025-nyc-mayoral-election,https://polymarket-upload.s3.us-east-2.amazonaws.com/will-andrew-cuomo-win-the-2025-nyc-mayoral-election-CFbNR1wG_T2X.jpg,new-york-city-mayoral-election,No,1,influenz.eth,Real-Veteran,,,,0x26fdde0846cb7405542909044a3e0d15da2443a6a33f08bb512350501855594c,2025-11-02 21:55:35+00:00,1112.6599970200002,No,2025-11-05 05:56:23+00:00,56.013333333333335,0.944999997,0.009999996999999983
0x3f7aee8f1fafcd873343105b24f83f3f98a9248e,BUY,104468181147316868388088006861839293041095272602974154655578369735976654024471,0xc40cbb2d7f5d2c43c624bd5b1d0b18cd3d0682b3937363ec7c1ad1d13bee107e,2237.0,0.933,1762111637,Will Andrew Cuomo win the 2025 NYC mayoral election?,will-andrew-cuomo-win-the-2025-nyc-mayoral-election,https://polymarket-upload.s3.us-east-2.amazonaws.com/will-andrew-cuomo-win-the-2025-nyc-mayoral-election-CFbNR1wG_T2X.jpg,new-york-city-mayoral-election,No,1,costcostaff01,Cool-Spread,,,,0xabf6ac585c683dc8cf655b2ecbbf2781b7e5910b4ba0ff7457a48a23e5b302fb,2025-11-02 19:27:17+00:00,2087.121,No,2025-11-05 05:56:23+00:00,58.485,0.94,0.006999999999999895
0x63d43bbb87f85af03b8f2f9e2fad7b54334fa2f1,BUY,104468181147316868388088006861839293041095272602974154655578369735976654024471,0xc40cbb2d7f5d2c43c624bd5b1d0b18cd3d0682b3937363ec7c1ad1d13bee107e,7940.0,0.933,1762111633,Will Andrew Cuomo win the 2025 NYC mayoral election?,will-andrew-cuomo-win-the-2025-nyc-mayoral-election,https://polymarket-upload.s3.us-east-2.amazonaws.com/will-andrew-cuomo-win-the-2025-nyc-mayoral-election-CFbNR1wG_T2X.jpg,new-york-city-mayoral-election,No,1,wokerjoesleeper,Vivid-Macrofauna,,,,0xce49b49d9f74ed00c7d3bda7e37f00affbfedd7eeb18d812022d7bab417e5647,2025-11-02 19:27:13+00:00,7408.02,No,2025-11-05 05:56:23+00:00,58.486111111111114,0.94,0.006999999999999895
0x12d6cccfc7470a3f4bafc53599a4779cbf2cf2a8,BUY,104468181147316868388088006861839293041095272602974154655578369735976654024471,0xc40cbb2d7f5d2c43c624bd5b1d0b18cd3d0682b3937363ec7c1ad1d13bee107e,3923.6,0.945,1762085369,Will Andrew Cuomo win the 2025 NYC mayoral election?,will-andrew-cuomo-win-the-2025-nyc-mayoral-election,https://polymarket-upload.s3.us-east-2.amazonaws.com/will-andrew-cuomo-win-the-2025-nyc-mayoral-election-CFbNR1wG_T2X.jpg,new-york-city-mayoral-election,No,1,classified,Personal-Bake,REDACTED,https://polymarket-upload.s3.us-east-2.amazonaws.com/profile-image-2637613-f573f7f0-53b7-4a8d-b884-fec7b37d1b7d.png,,0x9e42bc5e18c8fb187dac3a679292adb452be67bd0c2277261248e98f2fe4e639,2025-11-02 12:09:29+00:00,3707.8019999999997,No,2025-11-05 05:56:23+00:00,65.78166666666667,0.9459999999,0.0009999999000001036
0x7ba5354929bf388707f397c8b21b8322dc954252,BUY,104468181147316868388088006861839293041095272602974154655578369735976654024471,0xc40cbb2d7f5d2c43c624bd5b1d0b18cd3d0682b3937363ec7c1ad1d13bee107e,6850.47,0.943,1762079243,Will Andrew Cuomo win the 2025 NYC mayoral election?,will-andrew-cuomo-win-the-2025-nyc-mayoral-election,https://polymarket-upload.s3.us-east-2.amazonaws.com/will-andrew-cuomo-win-the-2025-nyc-mayoral-election-CFbNR1wG_T2X.jpg,new-york-city-mayoral-election,No,1,Snpe,Stormy-Trolley,,https://polymarket-upload.s3.us-east-2.amazonaws.com/profile-image-2905476-3de3fdc3-ed29-483c-8436-fa77f947e1cc.png,,0x404612f12964fb51848549ff77583fb6dbe352897b263c089fd578e47fb2df2c,2025-11-02 10:27:23+00:00,6459.99321,No,2025-11-05 05:56:23+00:00,67.48333333333333,0.9459999999,0.0029999999000001054
0x7ba5354929bf388707f397c8b21b8322dc954252,BUY,104468181147316868388088006861839293041095272602974154655578369735976654024471,0xc40cbb2d7f5d2c43c624bd5b1d0b18cd3d0682b3937363ec7c1ad1d13bee107e,7000.0,0.9422,1762079173,Will Andrew Cuomo win the 2025 NYC mayoral election?,will-andrew-cuomo-win-the-2025-nyc-mayoral-election,https://polymarket-upload.s3.us-east-2.amazonaws.com/will-andrew-cuomo-win-the-2025-nyc-mayoral-election-CFbNR1wG_T2X.jpg,new-york-city-mayoral-election,No,1,Snpe,Stormy-Trolley,,https://polymarket-upload.s3.us-east-2.amazonaws.com/profile-image-2905476-3de3fdc3-ed29-483c-8436-fa77f947e1cc.png,,0x0c2a2c790d1cd664766c5822144d8fbd2dd6572cce2e9955d99741b469d871ca,2025-11-02 10:26:13+00:00,6595.400000000001,No,2025-11-05 05:56:23+00:00,67.50277777777778,0.9459999999,0.0037999999000000173
0x3f7aee8f1fafcd873343105b24f83f3f98a9248e,BUY,104468181147316868388088006861839293041095272602974154655578369735976654024471,0xc40cbb2d7f5d2c43c624bd5b1d0b18cd3d0682b3937363ec7c1ad1d13bee107e,2400.0,0.942,1762079169,Will Andrew Cuomo win the 2025 NYC mayoral election?,will-andrew-cuomo-win-the-2025-nyc-mayoral-election,https://polymarket-upload.s3.us-east-2.amazonaws.com/will-andrew-cuomo-win-the-2025-nyc-mayoral-election-CFbNR1wG_T2X.jpg,new-york-city-mayoral-election,No,1,costcostaff01,Cool-Spread,,,,0x864fd2ab34d22194683e15f9eb7f78982c16acf552dc6e10692a64ead687397f,2025-11-02 10:26:09+00:00,2260.7999999999997,No,2025-11-05 05:56:23+00:00,67.5038888888889,0.9459999999,0.003999999900000106
0xca8e9533bf61136f39c31e76e36b2087c3dca742,BUY,36712164784060438704997454837621402414428053497881693129968518217985319932773,0xc319ae3e39f6a0b441fd02d37058ee8af4133967a205c88c9243972deceddbee,5640.0,0.999,1764492300,Will the Arizona Cardinals win Super Bowl 2026?,will-the-arizona-cardinals-win-super-bowl-2026,https://polymarket-upload.s3.us-east-2.amazonaws.com/NFL+Team+Logos/ARZ.png,super-bowl-champion-2026-731,No,1,medal,Defenseless-Gauntlet,,,,0xe2a6134878de5b2b4dacf55318f043d84a33f11f5f21913885262e2d4e2846e4,2025-11-30 08:45:00+00:00,5634.36,No,2025-12-01 00:41:18+00:00,15.938333333333333,0.999,0.0
0xca8e9533bf61136f39c31e76e36b2087c3dca742,BUY,36712164784060438704997454837621402414428053497881693129968518217985319932773,0xc319ae3e39f6a0b441fd02d37058ee8af4133967a205c88c9243972deceddbee,5680.0,0.999,1764471071,Will the Arizona Cardinals win Super Bowl 2026?,will-the-arizona-cardinals-win-super-bowl-2026,https://polymarket-upload.s3.us-east-2.amazonaws.com/NFL+Team+Logos/ARZ.png,super-bowl-champion-2026-731,No,1,medal,Defenseless-Gauntlet,,,,0x9547cc4e4e264b58b1a92faf4e884e7ac2bd2665314d806bc380f78329ad92d1,2025-11-30 02:51:11+00:00,5674.32,No,2025-12-01 00:41:18+00:00,21.835277777777776,0.999,0.0
0xca8e9533bf61136f39c31e76e36b2087c3dca742,BUY,36712164784060438704997454837621402414428053497881693129968518217985319932773,0xc319ae3e39f6a0b441fd02d37058ee8af4133967a205c88c9243972deceddbee,5688.0,0.999,1764462212,Will the Arizona Cardinals win Super Bowl 2026?,will-the-arizona-cardinals-win-super-bowl-2026,https://polymarket-upload.s3.us-east-2.amazonaws.com/NFL+Team+Logos/ARZ.png,super-bowl-champion-2026-731,No,1,medal,Defenseless-Gauntlet,,,,0x41858e259862c4f90103fcb1c909c5027508987be40591d9f676a1e9edbe07fd,2025-11-30 00:23:32+00:00,5682.312,No,2025-12-01 00:41:18+00:00,24.29611111111111,0.999,0.0
0xca8e9533bf61136f39c31e76e36b2087c3dca742,BUY,36712164784060438704997454837621402414428053497881693129968518217985319932773,0xc319ae3e39f6a0b441fd02d37058ee8af4133967a205c88c9243972deceddbee,5699.0,0.999,1764398969,Will the Arizona Cardinals win Super Bowl 2026?,will-the-arizona-cardinals-win-super-bowl-2026,https://polymarket-upload.s3.us-east-2.amazonaws.com/NFL+Team+Logos/ARZ.png,super-bowl-champion-2026-731,No,1,medal,Defenseless-Gauntlet,,,,0xb0622122075133e66dd71e17ada17d840fa79ed3e0a3a7be5e68701626ee8409,2025-11-29 06:49:29+00:00,5693.301,No,2025-12-01 00:41:18+00:00,41.86361111111111,0.999,0.0
0xe76958f1daae08939ecd09faa5c6b522b7458797,BUY,36712164784060438704997454837621402414428053497881693129968518217985319932773,0xc319ae3e39f6a0b441fd02d37058ee8af4133967a205c88c9243972deceddbee,2650.3,0.999,1764325099,Will the Arizona Cardinals win Super Bowl 2026?,will-the-arizona-cardinals-win-super-bowl-2026,https://polymarket-upload.s3.us-east-2.amazonaws.com/NFL+Team+Logos/ARZ.png,super-bowl-champion-2026-731,No,1,E75fifth,Artistic-Steel,,,,0x40d20b530c03e12779a01160c734cde50c20e9294db36f96fe8302db8e75ed2f,2025-11-28 10:18:19+00:00,2647.6497000000004,No,2025-12-01 00:41:18+00:00,62.38305555555556,0.999,0.0
0xca8e9533bf61136f39c31e76e36b2087c3dca742,BUY,36712164784060438704997454837621402414428053497881693129968518217985319932773,0xc319ae3e39f6a0b441fd02d37058ee8af4133967a205c88c9243972deceddbee,5711.0,0.999,1764298263,Will the Arizona Cardinals win Super Bowl 2026?,will-the-arizona-cardinals-win-super-bowl-2026,https://polymarket-upload.s3.us-east-2.amazonaws.com/NFL+Team+Logos/ARZ.png,super-bowl-champion-2026-731,No,1,medal,Defenseless-Gauntlet,,,,0x2685e772e79fa3ee7370aca82c1e87b6ffbc77bf253f0b0e7a5db8af3ad296ef,2025-11-28 02:51:03+00:00,5705.289,No,2025-12-01 00:41:18+00:00,69.8375,0.999,0.0
0x1fad9860ab0d21c8668a13accf25d6eb3c11b5b2,BUY,98953395172240349031536670056983116775490894269360305906611266911044372014213,0x580ffec1f7b057910f9f596c80d203870f3028b04784a982d158d3581514299e,30353.29,0.997,1765721461,Will the Cincinnati Bengals win Super Bowl 2026?,will-the-cincinnati-bengals-win-super-bowl-2026,https://polymarket-upload.s3.us-east-2.amazonaws.com/NFL+Team+Logos/CIN.png,super-bowl-champion-2026-731,No,1,kamakamakamata,Blind-Nationality,,,,0x07d02ae585b54ddf925cb868963c940fde25b80b704ce48640f98bd714c3138c,2025-12-14 14:11:01+00:00,30262.23013,No,2025-12-15 00:50:37+00:00,10.66,0.999,0.0020000000000000018
0xca8e9533bf61136f39c31e76e36b2087c3dca742,BUY,1508617276848722341958870998068428898360177079969413616600974694102677047080,0xf9915c09cfdb45b8ba1335620c1da05d12913ad1d43bbb15832a93609212c27e,6030.0,0.998,1763859421,Will the New York Giants win Super Bowl 2026?,will-the-new-york-giants-win-super-bowl-2026,https://polymarket-upload.s3.us-east-2.amazonaws.com/NFL+Team+Logos/NYG.png,super-bowl-champion-2026-731,No,1,medal,Defenseless-Gauntlet,,,,0xde284c20d443cedd1f2b7f3d321fd8c27486bf99870430e827a42d27b9ea88db,2025-11-23 00:57:01+00:00,6017.94,No,2025-11-24 02:43:05+00:00,25.767777777777777,0.998,0.0
0xca8e9533bf61136f39c31e76e36b2087c3dca742,BUY,1508617276848722341958870998068428898360177079969413616600974694102677047080,0xf9915c09cfdb45b8ba1335620c1da05d12913ad1d43bbb15832a93609212c27e,6100.0,0.998,1763783269,Will the New York Giants win Super Bowl 2026?,will-the-new-york-giants-win-super-bowl-2026,https://polymarket-upload.s3.us-east-2.amazonaws.com/NFL+Team+Logos/NYG.png,super-bowl-champion-2026-731,No,1,medal,Defenseless-Gauntlet,,,,0xcd7162f5de3ae523e51bc66d26f666d502b8bae5248a7f352c466c4053026b94,2025-11-22 03:47:49+00:00,6087.8,No,2025-11-24 02:43:05+00:00,46.92111111111111,0.998,0.0
0xca8e9533bf61136f39c31e76e36b2087c3dca742,BUY,1508617276848722341958870998068428898360177079969413616600974694102677047080,0xf9915c09cfdb45b8ba1335620c1da05d12913ad1d43bbb15832a93609212c27e,2700.0,0.998,1763769305,Will the New York Giants win Super Bowl 2026?,will-the-new-york-giants-win-super-bowl-2026,https://polymarket-upload.s3.us-east-2.amazonaws.com/NFL+Team+Logos/NYG.png,super-bowl-champion-2026-731,No,1,medal,Defenseless-Gauntlet,,,,0xb3716d75d430de643a108ed736f1f6d9961a3c7d2f4ddff631e29e3d0287e070,2025-11-21 23:55:05+00:00,2694.6,No,2025-11-24 02:43:05+00:00,50.8,0.998,0.0
0xca8e9533bf61136f39c31e76e36b2087c3dca742,BUY,1508617276848722341958870998068428898360177079969413616600974694102677047080,0xf9915c09cfdb45b8ba1335620c1da05d12913ad1d43bbb15832a93609212c27e,6188.0,0.998,1763696857,Will the New York Giants win Super Bowl 2026?,will-the-new-york-giants-win-super-bowl-2026,https://polymarket-upload.s3.us-east-2.amazonaws.com/NFL+Team+Logos/NYG.png,super-bowl-champion-2026-731,No,1,medal,Defenseless-Gauntlet,,,,0x681d5fd00741db7c4122f8652c953d5a2f24d5f133293bb3d07f874ef632501c,2025-11-21 03:47:37+00:00,6175.624,No,2025-11-24 02:43:05+00:00,70.92444444444445,0.998,0.0
0x448861155279dbf833d041b963e3ac854599e319,BUY,41964567801082845894806819450184088025109907047152958677101366054975498213237,0xafc235557ace53ff0b0d2e93392314a7c3f3daab26a79050e985c11282f66df7,27482.88,0.999,1767227317,Maduro out in 2025?,maduro-out-in-2025-411,https://polymarket-upload.s3.us-east-2.amazonaws.com/maduro-out-in-2024-IioUZQNiyLYz.jpg,maduro-out-in-2025,No,1,Flipadelphia,,High risk low reward,https://polymarket-upload.s3.us-east-2.amazonaws.com/profile-image-108046-a7cbec59-4bd4-4efc-8ade-4e81e102acb0.png,,0xe883f4bc506d5a3a0dc6c50c59c11b827611b44515b16504489783cc71db4317,2026-01-01 00:28:37+00:00,27455.39712,No,2026-01-01 08:30:59+00:00,8.039444444444445,0.999,0.0
0xc5adc0dc256fb943da868b2f8f6e63f13921b0cf,BUY,41964567801082845894806819450184088025109907047152958677101366054975498213237,0xafc235557ace53ff0b0d2e93392314a7c3f3daab26a79050e985c11282f66df7,50000.0,0.999,1767191539,Maduro out in 2025?,maduro-out-in-2025-411,https://polymarket-upload.s3.us-east-2.amazonaws.com/maduro-out-in-2024-IioUZQNiyLYz.jpg,maduro-out-in-2025,No,1,Alexparker,Idle-Isogloss,,https://polymarket-upload.s3.us-east-2.amazonaws.com/profile-image-4260573-0a398b4b-fa4c-4d19-9834-25bd17ecaf45.jpg,,0x6cd71c632ac9134cdc2856ed0ecfa7c2f2a3a83d66e94aef355061bb6167deea,2025-12-31 14:32:19+00:00,49950.0,No,2026-01-01 08:30:59+00:00,17.977777777777778,0.999000001,9.999999717180685e-10
0xc02147dee42356b7a4edbb1c35ac4ffa95f61fa8,BUY,41964567801082845894806819450184088025109907047152958677101366054975498213237,0xafc235557ace53ff0b0d2e93392314a7c3f3daab26a79050e985c11282f66df7,6050.08,0.997,1767164131,Maduro out in 2025?,maduro-out-in-2025-411,https://polymarket-upload.s3.us-east-2.amazonaws.com/maduro-out-in-2024-IioUZQNiyLYz.jpg,maduro-out-in-2025,No,1,Eatpraylove,,Made a Pro Trading Terminal,,,0xe322a93cb756a6cff857d9a0ea5e32e9b96d46db8b80253954153eacba816cd0,2025-12-31 06:55:31+00:00,6031.92976,No,2026-01-01 08:30:59+00:00,25.59111111111111,0.999000001,0.0020000009999999735
0xc02147dee42356b7a4edbb1c35ac4ffa95f61fa8,BUY,41964567801082845894806819450184088025109907047152958677101366054975498213237,0xafc235557ace53ff0b0d2e93392314a7c3f3daab26a79050e985c11282f66df7,1048.86,0.994,1767155963,Maduro out in 2025?,maduro-out-in-2025-411,https://polymarket-upload.s3.us-east-2.amazonaws.com/maduro-out-in-2024-IioUZQNiyLYz.jpg,maduro-out-in-2025,No,1,Eatpraylove,,Made a Pro Trading Terminal,,,0xb25650fe114a3700a6e72c6c3f3799f8860bed50f0313e5c22c7545d3b80e82c,2025-12-31 04:39:23+00:00,1042.56684,No,2026-01-01 08:30:59+00:00,27.86,0.999000001,0.005000000999999976
0xc02147dee42356b7a4edbb1c35ac4ffa95f61fa8,BUY,41964567801082845894806819450184088025109907047152958677101366054975498213237,0xafc235557ace53ff0b0d2e93392314a7c3f3daab26a79050e985c11282f66df7,1490.82,0.994,1767154759,Maduro out in 2025?,maduro-out-in-2025-411,https://polymarket-upload.s3.us-east-2.amazonaws.com/maduro-out-in-2024-IioUZQNiyLYz.jpg,maduro-out-in-2025,No,1,Eatpraylove,,Made a Pro Trading Terminal,,,0x17d8a13a1dd8ad9f8ff836c45869cdfcaf9215a9138f3f1edb5961e872ff8a2c,2025-12-31 04:19:19+00:00,1481.87508,No,2026-01-01 08:30:59+00:00,28.194444444444443,0.999000001,0.005000000999999976
0xc02147dee42356b7a4edbb1c35ac4ffa95f61fa8,BUY,41964567801082845894806819450184088025109907047152958677101366054975498213237,0xafc235557ace53ff0b0d2e93392314a7c3f3daab26a79050e985c11282f66df7,10000.0,0.995,1767153373,Maduro out in 2025?,maduro-out-in-2025-411,https://polymarket-upload.s3.us-east-2.amazonaws.com/maduro-out-in-2024-IioUZQNiyLYz.jpg,maduro-out-in-2025,No,1,Eatpraylove,,Made a Pro Trading Terminal,,,0x0d7d8208a80bf3915c20f1966eadfe0472dd5b86b5030f17080da7b3071ccbcb,2025-12-31 03:56:13+00:00,9950.0,No,2026-01-01 08:30:59+00:00,28.579444444444444,0.999000001,0.004000000999999975
0xc02147dee42356b7a4edbb1c35ac4ffa95f61fa8,BUY,41964567801082845894806819450184088025109907047152958677101366054975498213237,0xafc235557ace53ff0b0d2e93392314a7c3f3daab26a79050e985c11282f66df7,2779.0,0.994,1767153269,Maduro out in 2025?,maduro-out-in-2025-411,https://polymarket-upload.s3.us-east-2.amazonaws.com/maduro-out-in-2024-IioUZQNiyLYz.jpg,maduro-out-in-2025,No,1,Eatpraylove,,Made a Pro Trading Terminal,,,0xbcb18e49324a01a00dd9bd185eed1c98e9e6fc04ccfc5e3df60bb85af4e91aef,2025-12-31 03:54:29+00:00,2762.326,No,2026-01-01 08:30:59+00:00,28.608333333333334,0.999000001,0.005000000999999976
0xc02147dee42356b7a4edbb1c35ac4ffa95f61fa8,BUY,41964567801082845894806819450184088025109907047152958677101366054975498213237,0xafc235557ace53ff0b0d2e93392314a7c3f3daab26a79050e985c11282f66df7,1300.0,0.993,1767153251,Maduro out in 2025?,maduro-out-in-2025-411,https://polymarket-upload.s3.us-east-2.amazonaws.com/maduro-out-in-2024-IioUZQNiyLYz.jpg,maduro-out-in-2025,No,1,Eatpraylove,,Made a Pro Trading Terminal,,,0xf856b7c7049e940fe8bd191a44b45616280856384027aff5badf29b4cef765c5,2025-12-31 03:54:11+00:00,1290.9,No,2026-01-01 08:30:59+00:00,28.613333333333333,0.999000001,0.006000000999999977
0xc02147dee42356b7a4edbb1c35ac4ffa95f61fa8,BUY,41964567801082845894806819450184088025109907047152958677101366054975498213237,0xafc235557ace53ff0b0d2e93392314a7c3f3daab26a79050e985c11282f66df7,1015.45,0.9909396721,1767153191,Maduro out in 2025?,maduro-out-in-2025-411,https://polymarket-upload.s3.us-east-2.amazonaws.com/maduro-out-in-2024-IioUZQNiyLYz.jpg,maduro-out-in-2025,No,1,Eatpraylove,,Made a Pro Trading Terminal,,,0xaedef8d6274600a640a8c0d6fc9aa265eed46f3f1092b83ff068306a0851751d,2025-12-31 03:53:11+00:00,1006.2496900339451,No,2026-01-01 08:30:59+00:00,28.63,0.999000001,0.008060328899999969
0xc02147dee42356b7a4edbb1c35ac4ffa95f61fa8,BUY,41964567801082845894806819450184088025109907047152958677101366054975498213237,0xafc235557ace53ff0b0d2e93392314a7c3f3daab26a79050e985c11282f66df7,5000.0,0.995,1767117645,Maduro out in 2025?,maduro-out-in-2025-411,https://polymarket-upload.s3.us-east-2.amazonaws.com/maduro-out-in-2024-IioUZQNiyLYz.jpg,maduro-out-in-2025,No,1,Eatpraylove,,Made a Pro Trading Terminal,,,0x6abc1cc2216698c295945cd30dd8110ac3b04d4fca1a27957fc29281cc43065b,2025-12-30 18:00:45+00:00,4975.0,No,2026-01-01 08:30:59+00:00,38.50388888888889,0.999000001,0.004000000999999975
0xc02147dee42356b7a4edbb1c35ac4ffa95f61fa8,BUY,41964567801082845894806819450184088025109907047152958677101366054975498213237,0xafc235557ace53ff0b0d2e93392314a7c3f3daab26a79050e985c11282f66df7,5000.0,0.995,1767117623,Maduro out in 2025?,maduro-out-in-2025-411,https://polymarket-upload.s3.us-east-2.amazonaws.com/maduro-out-in-2024-IioUZQNiyLYz.jpg,maduro-out-in-2025,No,1,Eatpraylove,,Made a Pro Trading Terminal,,,0x65012889f5e83db4bf48df3d1bf51cb3af867a39db554cf963bdd4ee27a39902,2025-12-30 18:00:23+00:00,4975.0,No,2026-01-01 08:30:59+00:00,38.51,0.999000001,0.004000000999999975
0xe25b9180f5687aa85bd94ee309bb72a464320f1b,BUY,41964567801082845894806819450184088025109907047152958677101366054975498213237,0xafc235557ace53ff0b0d2e93392314a7c3f3daab26a79050e985c11282f66df7,37294.69,0.995,1767104267,Maduro out in 2025?,maduro-out-in-2025-411,https://polymarket-upload.s3.us-east-2.amazonaws.com/maduro-out-in-2024-IioUZQNiyLYz.jpg,maduro-out-in-2025,No,1,WordleAddict,Soft-Statute,,https://polymarket-upload.s3.us-east-2.amazonaws.com/profile-image-138318-2245c346-19b7-4582-a0e7-2b58eb0578e1.webp,,0x0a9e9b24b285b188caef62f9247d5a820af460138f98fe17819dedbd68f615fc,2025-12-30 14:17:47+00:00,37108.216550000005,No,2026-01-01 08:30:59+00:00,42.22,0.996,0.0010000000000000009
0x0c4b64af62a0ac3dd477e9f80ec3eaa18e92f6db,BUY,41964567801082845894806819450184088025109907047152958677101366054975498213237,0xafc235557ace53ff0b0d2e93392314a7c3f3daab26a79050e985c11282f66df7,100000.0,0.995,1767093275,Maduro out in 2025?,maduro-out-in-2025-411,https://polymarket-upload.s3.us-east-2.amazonaws.com/maduro-out-in-2024-IioUZQNiyLYz.jpg,maduro-out-in-2025,No,1,UwO,Another-Pickaxe,,https://polymarket-upload.s3.us-east-2.amazonaws.com/profile-image-1580334-26329038-5ced-44e2-85fa-249ea3ed1264.png,,0x76b25ec1433284a81226e035b183c861c8968225e44e77f6dc384455a086dd98,2025-12-30 11:14:35+00:00,99500.0,No,2026-01-01 08:30:59+00:00,45.27333333333333,0.996,0.0010000000000000009
0xc5adc0dc256fb943da868b2f8f6e63f13921b0cf,BUY,41964567801082845894806819450184088025109907047152958677101366054975498213237,0xafc235557ace53ff0b0d2e93392314a7c3f3daab26a79050e985c11282f66df7,3038.71,0.9939676573,1767076529,Maduro out in 2025?,maduro-out-in-2025-411,https://polymarket-upload.s3.us-east-2.amazonaws.com/maduro-out-in-2024-IioUZQNiyLYz.jpg,maduro-out-in-2025,No,1,Alexparker,Idle-Isogloss,,https://polymarket-upload.s3.us-east-2.amazonaws.com/profile-image-4260573-0a398b4b-fa4c-4d19-9834-25bd17ecaf45.jpg,,0x848efd88dba0a3b7e295f6745067e57b0c4bb02411e42fc71d890799b11aa74b,2025-12-30 06:35:29+00:00,3020.3794599140833,No,2026-01-01 08:30:59+00:00,49.925,0.9950000004,0.0010323430999999994
0xbacd00c9080a82ded56f504ee8810af732b0ab35,BUY,41964567801082845894806819450184088025109907047152958677101366054975498213237,0xafc235557ace53ff0b0d2e93392314a7c3f3daab26a79050e985c11282f66df7,3747.7,0.993,1767036385,Maduro out in 2025?,maduro-out-in-2025-411,https://polymarket-upload.s3.us-east-2.amazonaws.com/maduro-out-in-2024-IioUZQNiyLYz.jpg,maduro-out-in-2025,No,1,ScottyNooo,Dearest-Agenda,,https://polymarket-upload.s3.us-east-2.amazonaws.com/profile-image-2861114-c1c15cef-e455-4932-9b26-66ad799b1a4a.webp,,0xf354b0ee060b568cd9f1255e5625a3629bb48e9b1608c0222f8997018ba45822,2025-12-29 19:26:25+00:00,3721.4660999999996,No,2026-01-01 08:30:59+00:00,61.07611111111111,0.995,0.0020000000000000018
0x72a22d4d155079da8f50c89d4c6c03b6428e7b65,BUY,41964567801082845894806819450184088025109907047152958677101366054975498213237,0xafc235557ace53ff0b0d2e93392314a7c3f3daab26a79050e985c11282f66df7,8742.72,0.993,1767035301,Maduro out in 2025?,maduro-out-in-2025-411,https://polymarket-upload.s3.us-east-2.amazonaws.com/maduro-out-in-2024-IioUZQNiyLYz.jpg,maduro-out-in-2025,No,1,wish-,Gullible-Grassland,,https://polymarket-upload.s3.us-east-2.amazonaws.com/profile-image-102345-25be9763-cacc-4996-921e-c5ed5ede3918.webp,,0xb39ae419bfc954680219dd73bd016287b47122f83ee216178ca96c368cfefbe0,2025-12-29 19:08:21+00:00,8681.52096,No,2026-01-01 08:30:59+00:00,61.37722222222222,0.995,0.0020000000000000018
0x0c4b64af62a0ac3dd477e9f80ec3eaa18e92f6db,BUY,41964567801082845894806819450184088025109907047152958677101366054975498213237,0xafc235557ace53ff0b0d2e93392314a7c3f3daab26a79050e985c11282f66df7,5000.0,0.993,1767023283,Maduro out in 2025?,maduro-out-in-2025-411,https://polymarket-upload.s3.us-east-2.amazonaws.com/maduro-out-in-2024-IioUZQNiyLYz.jpg,maduro-out-in-2025,No,1,UwO,Another-Pickaxe,,https://polymarket-upload.s3.us-east-2.amazonaws.com/profile-image-1580334-26329038-5ced-44e2-85fa-249ea3ed1264.png,,0xf4974192c37c7c21b209f3b2171646aee4671eee31334500e5b15931a395959d,2025-12-29 15:48:03+00:00,4965.0,No,2026-01-01 08:30:59+00:00,64.71555555555555,0.995,0.0020000000000000018
0x1fad9860ab0d21c8668a13accf25d6eb3c11b5b2,BUY,79707176503087022804581743747659199568535926050896809695934676056217229461419,0x2017c048aeee624d3597ffd0c2273a0e2c2aec4dfb89ef7505b8e08715636c3b,1796.64,0.999,1765116153,Will Octavian Berceanu be the next Mayor of Bucharest?,will-octavian-berceanu-be-the-next-mayor-of-bucharest,https://polymarket-upload.s3.us-east-2.amazonaws.com/will-octavian-berceanu-be-the-next-mayor-of-bucharest-_GY9yRvWofFr.jpg,romania-bucharest-mayoral-election,No,1,kamakamakamata,Blind-Nationality,,,,0x5fbe91d4349eab412b53e8c172f526ea0b49322a8ff1ee2b82133e183e2720ce,2025-12-07 14:02:33+00:00,1794.84336,No,2025-12-08 04:23:11+00:00,14.34388888888889,0.999,0.0
0xa102b434ce441a3119e146f75ed6276ee1a836d9,BUY,3074539347152748632858978545166555332546941892131779352477699494423276162345,0x19ee98e348c0ccb341d1b9566fa14521566e9b2ea7aed34dc407a0ec56be36a2,44824.79,0.999,1767422409,MicroStrategy sells any Bitcoin in 2025?,microstrategy-sell-any-bitcoin-in-2025,https://polymarket-upload.s3.us-east-2.amazonaws.com/will-microstrategy-purchase-bitcoin-july-1-7-mzoE5TYk_cCI.jpg,microstrategy-sell-any-bitcoin-in-2025,No,1,tf2,Drafty-Native,betmonke betmoar-25807,,,0x313f1c5a154e10e2a497e8274c08638bb02797702cea12b5d2bef9e5e59f151e,2026-01-03 06:40:09+00:00,44779.96521,No,2026-01-05 04:22:25+00:00,45.70444444444445,0.999000001,9.999999717180685e-10
0xd218e474776403a330142299f7796e8ba32eb5c9,BUY,49985214708919646661175099546558878672426321417556753698510266808095631910814,0xc914317b14972d5d15f30740d3bdf32f4028877c13b9d7ccc78b4ba33f67fb1e,2264.22,0.811,1770599045,Will the New England Patriots win Super Bowl 2026?,will-the-new-england-patriots-win-super-bowl-2026,https://polymarket-upload.s3.us-east-2.amazonaws.com/NFL+Team+Logos/NE.png,super-bowl-champion-2026-731,No,1,cigarettes,Attentive-Crewman,broken grid,,,0x27f0e703e788490474d5d3eecdcecabb39c7e25c6a0e7c46791ffcb5d1d75105,2026-02-09 01:04:05+00:00,1836.28242,No,2026-02-09 07:20:11+00:00,6.2683333333333335,0.999,0.18799999999999994
0xd218e474776403a330142299f7796e8ba32eb5c9,BUY,49985214708919646661175099546558878672426321417556753698510266808095631910814,0xc914317b14972d5d15f30740d3bdf32f4028877c13b9d7ccc78b4ba33f67fb1e,8000.0,0.73,1770596611,Will the New England Patriots win Super Bowl 2026?,will-the-new-england-patriots-win-super-bowl-2026,https://polymarket-upload.s3.us-east-2.amazonaws.com/NFL+Team+Logos/NE.png,super-bowl-champion-2026-731,No,1,cigarettes,Attentive-Crewman,broken grid,,,0x045d33aca0df34b1939dce94d86740f5d0d1ae26ed2910d611ab4794893b1c89,2026-02-09 00:23:31+00:00,5840.0,No,2026-02-09 07:20:11+00:00,6.944444444444445,0.999,0.269
0xd218e474776403a330142299f7796e8ba32eb5c9,BUY,49985214708919646661175099546558878672426321417556753698510266808095631910814,0xc914317b14972d5d15f30740d3bdf32f4028877c13b9d7ccc78b4ba33f67fb1e,2920.0,0.678,1770593315,Will the New England Patriots win Super Bowl 2026?,will-the-new-england-patriots-win-super-bowl-2026,https://polymarket-upload.s3.us-east-2.amazonaws.com/NFL+Team+Logos/NE.png,super-bowl-champion-2026-731,No,1,cigarettes,Attentive-Crewman,broken grid,,,0x966929192b720638b053a9bb24dbfb2f3f5ca15dceb987b9baaa32a43e4c306e,2026-02-08 23:28:35+00:00,1979.7600000000002,No,2026-02-09 07:20:11+00:00,7.86,0.999,0.32099999999999995
0xd218e474776403a330142299f7796e8ba32eb5c9,BUY,49985214708919646661175099546558878672426321417556753698510266808095631910814,0xc914317b14972d5d15f30740d3bdf32f4028877c13b9d7ccc78b4ba33f67fb1e,3440.0,0.6842374855,1770574791,Will the New England Patriots win Super Bowl 2026?,will-the-new-england-patriots-win-super-bowl-2026,https://polymarket-upload.s3.us-east-2.amazonaws.com/NFL+Team+Logos/NE.png,super-bowl-champion-2026-731,No,1,cigarettes,Attentive-Crewman,broken grid,,,0xbf0229bbb7c84a0219fcb80e654304f90fbee94339f28368a7b0f612d8b14569,2026-02-08 18:19:51+00:00,2353.77695012,No,2026-02-09 07:20:11+00:00,13.005555555555556,0.7181081081,0.033870622600000067
0xd218e474776403a330142299f7796e8ba32eb5c9,BUY,49985214708919646661175099546558878672426321417556753698510266808095631910814,0xc914317b14972d5d15f30740d3bdf32f4028877c13b9d7ccc78b4ba33f67fb1e,5007.0,0.684,1770571455,Will the New England Patriots win Super Bowl 2026?,will-the-new-england-patriots-win-super-bowl-2026,https://polymarket-upload.s3.us-east-2.amazonaws.com/NFL+Team+Logos/NE.png,super-bowl-champion-2026-731,No,1,cigarettes,Attentive-Crewman,broken grid,,,0xdba91475e310b0cfa4d5b331aaa651714463100b0b92f0cb78511076e8790ea1,2026-02-08 17:24:15+00:00,3424.7880000000005,No,2026-02-09 07:20:11+00:00,13.932222222222222,0.685,0.0010000000000000009
0x7ba5354929bf388707f397c8b21b8322dc954252,BUY,49985214708919646661175099546558878672426321417556753698510266808095631910814,0xc914317b14972d5d15f30740d3bdf32f4028877c13b9d7ccc78b4ba33f67fb1e,2000.0,0.682,1770556307,Will the New England Patriots win Super Bowl 2026?,will-the-new-england-patriots-win-super-bowl-2026,https://polymarket-upload.s3.us-east-2.amazonaws.com/NFL+Team+Logos/NE.png,super-bowl-champion-2026-731,No,1,Snpe,Stormy-Trolley,,https://polymarket-upload.s3.us-east-2.amazonaws.com/profile-image-2905476-3de3fdc3-ed29-483c-8436-fa77f947e1cc.png,,0xb56032303cf7a1f984be45346ebef328e41c0d37e26bf607ef63facad8db7260,2026-02-08 13:11:47+00:00,1364.0,No,2026-02-09 07:20:11+00:00,18.14,0.688,0.005999999999999894
0x7c3db723f1d4d8cb9c550095203b686cb11e5c6b,BUY,51488901526730069771868285104742328410384372749069959905403041328868803754709,0x2865bc483dd523f4a36eb961f7467c8635ee9a13f39748bad55f645ce1f61512,10000.0,0.976,1765303740,Trump declassifies UFO files in 2025?,trump-declassifies-ufo-files-in-2025,https://polymarket-upload.s3.us-east-2.amazonaws.com/trump-declassifies-ufo-files-in-2025-t8Tno8ou_ycE.jpg,trump-declassifies-ufo-files-in-2025,Yes,0,Car,Peppery-Capital,what is your plan,https://polymarket-upload.s3.us-east-2.amazonaws.com/profile-image-501613-aa434e55-7732-41b1-9650-83a9d1d716ef.png,,0x69997a76546de1794de1e42b6fa97123dac585961522307445ff07ebc0eaaaf4,2025-12-09 18:09:00+00:00,9760.0,Yes,2025-12-10 00:27:58+00:00,6.316111111111111,0.999000001,0.023000000999999992
0x000d257d2dc7616feaef4ae0f14600fdf50a758e,BUY,51488901526730069771868285104742328410384372749069959905403041328868803754709,0x2865bc483dd523f4a36eb961f7467c8635ee9a13f39748bad55f645ce1f61512,2119.54,0.9756685366,1765302286,Trump declassifies UFO files in 2025?,trump-declassifies-ufo-files-in-2025,https://polymarket-upload.s3.us-east-2.amazonaws.com/trump-declassifies-ufo-files-in-2025-t8Tno8ou_ycE.jpg,trump-declassifies-ufo-files-in-2025,Yes,0,scottilicious,Powerful-Election,,https://polymarket-upload.s3.us-east-2.amazonaws.com/profile-image-583-178de096-51b5-46b0-b1bf-83d0b80ad3d4.jpg,,0x8b3c5f40bdeff8710aeeb816257d663458768b14674b7a4a5eeb328071ed62db,2025-12-09 17:44:46+00:00,2067.9684900651637,Yes,2025-12-10 00:27:58+00:00,6.72,0.999000001,0.0233314644
0xc02147dee42356b7a4edbb1c35ac4ffa95f61fa8,BUY,51488901526730069771868285104742328410384372749069959905403041328868803754709,0x2865bc483dd523f4a36eb961f7467c8635ee9a13f39748bad55f645ce1f61512,3000.0,0.984,1765299020,Trump declassifies UFO files in 2025?,trump-declassifies-ufo-files-in-2025,https://polymarket-upload.s3.us-east-2.amazonaws.com/trump-declassifies-ufo-files-in-2025-t8Tno8ou_ycE.jpg,trump-declassifies-ufo-files-in-2025,Yes,0,Eatpraylove,,Made a Pro Trading Terminal,,,0xae524f8e1d860a134d9d8d1194a8d0c4b3b78724bcccdc9dc336b1a5e514ad3b,2025-12-09 16:50:20+00:00,2952.0,Yes,2025-12-10 00:27:58+00:00,7.627222222222223,0.9947003263,0.010700326300000063
0x000d257d2dc7616feaef4ae0f14600fdf50a758e,BUY,51488901526730069771868285104742328410384372749069959905403041328868803754709,0x2865bc483dd523f4a36eb961f7467c8635ee9a13f39748bad55f645ce1f61512,9916.73,0.9847152065,1765298998,Trump declassifies UFO files in 2025?,trump-declassifies-ufo-files-in-2025,https://polymarket-upload.s3.us-east-2.amazonaws.com/trump-declassifies-ufo-files-in-2025-t8Tno8ou_ycE.jpg,trump-declassifies-ufo-files-in-2025,Yes,0,scottilicious,Powerful-Election,,https://polymarket-upload.s3.us-east-2.amazonaws.com/profile-image-583-178de096-51b5-46b0-b1bf-83d0b80ad3d4.jpg,,0x80ce5eae9fb126c953cc4d70a9e22ad0f63df27fc484da74a1d4b5a6f568869e,2025-12-09 16:49:58+00:00,9765.154829754745,Yes,2025-12-10 00:27:58+00:00,7.633333333333334,0.9947003263,0.009985119800000053
0x000d257d2dc7616feaef4ae0f14600fdf50a758e,BUY,51488901526730069771868285104742328410384372749069959905403041328868803754709,0x2865bc483dd523f4a36eb961f7467c8635ee9a13f39748bad55f645ce1f61512,8671.52,0.982,1765298920,Trump declassifies UFO files in 2025?,trump-declassifies-ufo-files-in-2025,https://polymarket-upload.s3.us-east-2.amazonaws.com/trump-declassifies-ufo-files-in-2025-t8Tno8ou_ycE.jpg,trump-declassifies-ufo-files-in-2025,Yes,0,scottilicious,Powerful-Election,,https://polymarket-upload.s3.us-east-2.amazonaws.com/profile-image-583-178de096-51b5-46b0-b1bf-83d0b80ad3d4.jpg,,0x8c9756321147e8a7fdfe46a05ef0cb95681dbcaa9318b9bf2ec09f16661bffc9,2025-12-09 16:48:40+00:00,8515.43264,Yes,2025-12-10 00:27:58+00:00,7.655,0.9947003263,0.012700326300000064
0x000d257d2dc7616feaef4ae0f14600fdf50a758e,BUY,51488901526730069771868285104742328410384372749069959905403041328868803754709,0x2865bc483dd523f4a36eb961f7467c8635ee9a13f39748bad55f645ce1f61512,20461.91,0.982,1765298844,Trump declassifies UFO files in 2025?,trump-declassifies-ufo-files-in-2025,https://polymarket-upload.s3.us-east-2.amazonaws.com/trump-declassifies-ufo-files-in-2025-t8Tno8ou_ycE.jpg,trump-declassifies-ufo-files-in-2025,Yes,0,scottilicious,Powerful-Election,,https://polymarket-upload.s3.us-east-2.amazonaws.com/profile-image-583-178de096-51b5-46b0-b1bf-83d0b80ad3d4.jpg,,0x22e7fbee0c7d2e76ede93afd92bd363ad4124cd57d0a40035157ce9fe5a87946,2025-12-09 16:47:24+00:00,20093.59562,Yes,2025-12-10 00:27:58+00:00,7.676111111111111,0.9947003263,0.012700326300000064
0xbacd00c9080a82ded56f504ee8810af732b0ab35,BUY,51488901526730069771868285104742328410384372749069959905403041328868803754709,0x2865bc483dd523f4a36eb961f7467c8635ee9a13f39748bad55f645ce1f61512,4446.4,0.983,1765298278,Trump declassifies UFO files in 2025?,trump-declassifies-ufo-files-in-2025,https://polymarket-upload.s3.us-east-2.amazonaws.com/trump-declassifies-ufo-files-in-2025-t8Tno8ou_ycE.jpg,trump-declassifies-ufo-files-in-2025,Yes,0,ScottyNooo,Dearest-Agenda,,https://polymarket-upload.s3.us-east-2.amazonaws.com/profile-image-2861114-c1c15cef-e455-4932-9b26-66ad799b1a4a.webp,,0x05e765f09c61f40640ef96d864bbf5715a2599d54f3bb24a7c8509c60090db8c,2025-12-09 16:37:58+00:00,4370.811199999999,Yes,2025-12-10 00:27:58+00:00,7.833333333333333,0.9947003263,0.011700326300000063
0x7c3db723f1d4d8cb9c550095203b686cb11e5c6b,BUY,51488901526730069771868285104742328410384372749069959905403041328868803754709,0x2865bc483dd523f4a36eb961f7467c8635ee9a13f39748bad55f645ce1f61512,12309.26,0.983,1765295788,Trump declassifies UFO files in 2025?,trump-declassifies-ufo-files-in-2025,https://polymarket-upload.s3.us-east-2.amazonaws.com/trump-declassifies-ufo-files-in-2025-t8Tno8ou_ycE.jpg,trump-declassifies-ufo-files-in-2025,Yes,0,Car,Peppery-Capital,what is your plan,https://polymarket-upload.s3.us-east-2.amazonaws.com/profile-image-501613-aa434e55-7732-41b1-9650-83a9d1d716ef.png,,0xfa36c32dc6f5e96efd1aabef3c6a1c70cc314f51c4366149f69f969fa0b9e9a2,2025-12-09 15:56:28+00:00,12100.00258,Yes,2025-12-10 00:27:58+00:00,8.525,0.9947003263,0.011700326300000063
0xbacd00c9080a82ded56f504ee8810af732b0ab35,BUY,51488901526730069771868285104742328410384372749069959905403041328868803754709,0x2865bc483dd523f4a36eb961f7467c8635ee9a13f39748bad55f645ce1f61512,1842.4,0.978,1765292724,Trump declassifies UFO files in 2025?,trump-declassifies-ufo-files-in-2025,https://polymarket-upload.s3.us-east-2.amazonaws.com/trump-declassifies-ufo-files-in-2025-t8Tno8ou_ycE.jpg,trump-declassifies-ufo-files-in-2025,Yes,0,ScottyNooo,Dearest-Agenda,,https://polymarket-upload.s3.us-east-2.amazonaws.com/profile-image-2861114-c1c15cef-e455-4932-9b26-66ad799b1a4a.webp,,0xd56745c8c8360ee0a519850a79b41a5cf0334b0bdc2bf31e81fd222f7ab8d50f,2025-12-09 15:05:24+00:00,1801.8672000000001,Yes,2025-12-10 00:27:58+00:00,9.376111111111111,0.9947003263,0.016700326300000068
0xc02147dee42356b7a4edbb1c35ac4ffa95f61fa8,BUY,51488901526730069771868285104742328410384372749069959905403041328868803754709,0x2865bc483dd523f4a36eb961f7467c8635ee9a13f39748bad55f645ce1f61512,2000.0,0.979,1765292442,Trump declassifies UFO files in 2025?,trump-declassifies-ufo-files-in-2025,https://polymarket-upload.s3.us-east-2.amazonaws.com/trump-declassifies-ufo-files-in-2025-t8Tno8ou_ycE.jpg,trump-declassifies-ufo-files-in-2025,Yes,0,Eatpraylove,,Made a Pro Trading Terminal,,,0x9ea1f9e92966c677c7393cdb915112014667c395289d63468901994729c93b88,2025-12-09 15:00:42+00:00,1958.0,Yes,2025-12-10 00:27:58+00:00,9.454444444444444,0.9947003263,0.015700326300000067
0x000d257d2dc7616feaef4ae0f14600fdf50a758e,BUY,51488901526730069771868285104742328410384372749069959905403041328868803754709,0x2865bc483dd523f4a36eb961f7467c8635ee9a13f39748bad55f645ce1f61512,1028.03,0.98,1765292092,Trump declassifies UFO files in 2025?,trump-declassifies-ufo-files-in-2025,https://polymarket-upload.s3.us-east-2.amazonaws.com/trump-declassifies-ufo-files-in-2025-t8Tno8ou_ycE.jpg,trump-declassifies-ufo-files-in-2025,Yes,0,scottilicious,Powerful-Election,,https://polymarket-upload.s3.us-east-2.amazonaws.com/profile-image-583-178de096-51b5-46b0-b1bf-83d0b80ad3d4.jpg,,0x87a5d31b68337d3458c9619fc2311a8f8576a6090bdf9faab8497ebc9fa81ccd,2025-12-09 14:54:52+00:00,1007.4694,Yes,2025-12-10 00:27:58+00:00,9.551666666666666,0.9947003263,0.014700326300000066
0x7c3db723f1d4d8cb9c550095203b686cb11e5c6b,BUY,51488901526730069771868285104742328410384372749069959905403041328868803754709,0x2865bc483dd523f4a36eb961f7467c8635ee9a13f39748bad55f645ce1f61512,5000.0,0.97838,1765290414,Trump declassifies UFO files in 2025?,trump-declassifies-ufo-files-in-2025,https://polymarket-upload.s3.us-east-2.amazonaws.com/trump-declassifies-ufo-files-in-2025-t8Tno8ou_ycE.jpg,trump-declassifies-ufo-files-in-2025,Yes,0,Car,Peppery-Capital,what is your plan,https://polymarket-upload.s3.us-east-2.amazonaws.com/profile-image-501613-aa434e55-7732-41b1-9650-83a9d1d716ef.png,,0x4cfd4f8c5da6dfc54244192b8756e934949cc8df78dc62e9f28f064afcf3d36d,2025-12-09 14:26:54+00:00,4891.900000000001,Yes,2025-12-10 00:27:58+00:00,10.017777777777777,0.9947003263,0.01632032630000002
0x7c3db723f1d4d8cb9c550095203b686cb11e5c6b,BUY,51488901526730069771868285104742328410384372749069959905403041328868803754709,0x2865bc483dd523f4a36eb961f7467c8635ee9a13f39748bad55f645ce1f61512,10000.0,0.971422036,1765290172,Trump declassifies UFO files in 2025?,trump-declassifies-ufo-files-in-2025,https://polymarket-upload.s3.us-east-2.amazonaws.com/trump-declassifies-ufo-files-in-2025-t8Tno8ou_ycE.jpg,trump-declassifies-ufo-files-in-2025,Yes,0,Car,Peppery-Capital,what is your plan,https://polymarket-upload.s3.us-east-2.amazonaws.com/profile-image-501613-aa434e55-7732-41b1-9650-83a9d1d716ef.png,,0x735876dfdee3b38306681ec2089fac4e10aba443492abc5757d9ae3cb3fbe9b7,2025-12-09 14:22:52+00:00,9714.22036,Yes,2025-12-10 00:27:58+00:00,10.085,0.9947003263,0.02327829030000006
0x7c3db723f1d4d8cb9c550095203b686cb11e5c6b,BUY,51488901526730069771868285104742328410384372749069959905403041328868803754709,0x2865bc483dd523f4a36eb961f7467c8635ee9a13f39748bad55f645ce1f61512,4941.61,0.97,1765290166,Trump declassifies UFO files in 2025?,trump-declassifies-ufo-files-in-2025,https://polymarket-upload.s3.us-east-2.amazonaws.com/trump-declassifies-ufo-files-in-2025-t8Tno8ou_ycE.jpg,trump-declassifies-ufo-files-in-2025,Yes,0,Car,Peppery-Capital,what is your plan,https://polymarket-upload.s3.us-east-2.amazonaws.com/profile-image-501613-aa434e55-7732-41b1-9650-83a9d1d716ef.png,,0x5f5fa29ed68504d356a608fb1652c7d57bf789eead5300afbe5bc4bf94ffddf8,2025-12-09 14:22:46+00:00,4793.3616999999995,Yes,2025-12-10 00:27:58+00:00,10.086666666666666,0.9947003263,0.024700326300000075
0x000d257d2dc7616feaef4ae0f14600fdf50a758e,BUY,51488901526730069771868285104742328410384372749069959905403041328868803754709,0x2865bc483dd523f4a36eb961f7467c8635ee9a13f39748bad55f645ce1f61512,4495.72,0.9695325354,1765289158,Trump declassifies UFO files in 2025?,trump-declassifies-ufo-files-in-2025,https://polymarket-upload.s3.us-east-2.amazonaws.com/trump-declassifies-ufo-files-in-2025-t8Tno8ou_ycE.jpg,trump-declassifies-ufo-files-in-2025,Yes,0,scottilicious,Powerful-Election,,https://polymarket-upload.s3.us-east-2.amazonaws.com/profile-image-583-178de096-51b5-46b0-b1bf-83d0b80ad3d4.jpg,,0x88898d87172a5dd8bfc3bcd14f7e6d99d4c7abbcf5b9911f9f01423abd69d6e8,2025-12-09 14:05:58+00:00,4358.746810048488,Yes,2025-12-10 00:27:58+00:00,10.366666666666667,0.9947003263,0.025167790900000098
0x000d257d2dc7616feaef4ae0f14600fdf50a758e,BUY,51488901526730069771868285104742328410384372749069959905403041328868803754709,0x2865bc483dd523f4a36eb961f7467c8635ee9a13f39748bad55f645ce1f61512,4936.32,0.973,1765288138,Trump declassifies UFO files in 2025?,trump-declassifies-ufo-files-in-2025,https://polymarket-upload.s3.us-east-2.amazonaws.com/trump-declassifies-ufo-files-in-2025-t8Tno8ou_ycE.jpg,trump-declassifies-ufo-files-in-2025,Yes,0,scottilicious,Powerful-Election,,https://polymarket-upload.s3.us-east-2.amazonaws.com/profile-image-583-178de096-51b5-46b0-b1bf-83d0b80ad3d4.jpg,,0x2328ec8ddb4470e17ea24c159551f3d53882b83f0984b971999133222175eaf2,2025-12-09 13:48:58+00:00,4803.03936,Yes,2025-12-10 00:27:58+00:00,10.65,0.9947003263,0.021700326300000072
0x000d257d2dc7616feaef4ae0f14600fdf50a758e,BUY,51488901526730069771868285104742328410384372749069959905403041328868803754709,0x2865bc483dd523f4a36eb961f7467c8635ee9a13f39748bad55f645ce1f61512,4607.04,0.9736634325,1765288112,Trump declassifies UFO files in 2025?,trump-declassifies-ufo-files-in-2025,https://polymarket-upload.s3.us-east-2.amazonaws.com/trump-declassifies-ufo-files-in-2025-t8Tno8ou_ycE.jpg,trump-declassifies-ufo-files-in-2025,Yes,0,scottilicious,Powerful-Election,,https://polymarket-upload.s3.us-east-2.amazonaws.com/profile-image-583-178de096-51b5-46b0-b1bf-83d0b80ad3d4.jpg,,0x31a97a3c7c0dee1e6a29e33e6d7a6aa8968df4843a5fe17d8410c2235f432d12,2025-12-09 13:48:32+00:00,4485.7063800648,Yes,2025-12-10 00:27:58+00:00,10.657222222222222,0.9947003263,0.021036893800000067
0x000d257d2dc7616feaef4ae0f14600fdf50a758e,BUY,51488901526730069771868285104742328410384372749069959905403041328868803754709,0x2865bc483dd523f4a36eb961f7467c8635ee9a13f39748bad55f645ce1f61512,15587.62,0.97,1765287912,Trump declassifies UFO files in 2025?,trump-declassifies-ufo-files-in-2025,https://polymarket-upload.s3.us-east-2.amazonaws.com/trump-declassifies-ufo-files-in-2025-t8Tno8ou_ycE.jpg,trump-declassifies-ufo-files-in-2025,Yes,0,scottilicious,Powerful-Election,,https://polymarket-upload.s3.us-east-2.amazonaws.com/profile-image-583-178de096-51b5-46b0-b1bf-83d0b80ad3d4.jpg,,0x71d0735ce7cbaa85c6334abb66943f2023569fd9138eccddefa2cdd0f4a61d9b,2025-12-09 13:45:12+00:00,15119.9914,Yes,2025-12-10 00:27:58+00:00,10.712777777777777,0.9947003263,0.024700326300000075
0x000d257d2dc7616feaef4ae0f14600fdf50a758e,BUY,51488901526730069771868285104742328410384372749069959905403041328868803754709,0x2865bc483dd523f4a36eb961f7467c8635ee9a13f39748bad55f645ce1f61512,10239.11,0.9658796888,1765287672,Trump declassifies UFO files in 2025?,trump-declassifies-ufo-files-in-2025,https://polymarket-upload.s3.us-east-2.amazonaws.com/trump-declassifies-ufo-files-in-2025-t8Tno8ou_ycE.jpg,trump-declassifies-ufo-files-in-2025,Yes,0,scottilicious,Powerful-Election,,https://polymarket-upload.s3.us-east-2.amazonaws.com/profile-image-583-178de096-51b5-46b0-b1bf-83d0b80ad3d4.jpg,,0x53213a53bbd8af8b2dc28b17007a42f72704c7e8b9109cda3aba78c2de130e05,2025-12-09 13:41:12+00:00,9889.748380388968,Yes,2025-12-10 00:27:58+00:00,10.779444444444444,0.9947003263,0.02882063750000008
0xbacd00c9080a82ded56f504ee8810af732b0ab35,BUY,51488901526730069771868285104742328410384372749069959905403041328868803754709,0x2865bc483dd523f4a36eb961f7467c8635ee9a13f39748bad55f645ce1f61512,3054.73,0.962,1765287422,Trump declassifies UFO files in 2025?,trump-declassifies-ufo-files-in-2025,https://polymarket-upload.s3.us-east-2.amazonaws.com/trump-declassifies-ufo-files-in-2025-t8Tno8ou_ycE.jpg,trump-declassifies-ufo-files-in-2025,Yes,0,ScottyNooo,Dearest-Agenda,,https://polymarket-upload.s3.us-east-2.amazonaws.com/profile-image-2861114-c1c15cef-e455-4932-9b26-66ad799b1a4a.webp,,0xc16233505b31a557dbf2c9014ce648db616617b9b472f111b6f66b37f3132d9b,2025-12-09 13:37:02+00:00,2938.65026,Yes,2025-12-10 00:27:58+00:00,10.848888888888888,0.9947003263,0.03270032630000008
0x000d257d2dc7616feaef4ae0f14600fdf50a758e,BUY,51488901526730069771868285104742328410384372749069959905403041328868803754709,0x2865bc483dd523f4a36eb961f7467c8635ee9a13f39748bad55f645ce1f61512,11925.64,0.962788216,1765287286,Trump declassifies UFO files in 2025?,trump-declassifies-ufo-files-in-2025,https://polymarket-upload.s3.us-east-2.amazonaws.com/trump-declassifies-ufo-files-in-2025-t8Tno8ou_ycE.jpg,trump-declassifies-ufo-files-in-2025,Yes,0,scottilicious,Powerful-Election,,https://polymarket-upload.s3.us-east-2.amazonaws.com/profile-image-583-178de096-51b5-46b0-b1bf-83d0b80ad3d4.jpg,,0x9ec39c0bb08316167e54ea572995df1fc9f091880805cf58dfe77f15148fe144,2025-12-09 13:34:46+00:00,11481.86566025824,Yes,2025-12-10 00:27:58+00:00,10.886666666666667,0.9947003263,0.031912110300000074
0x0e3226217752d7247c67b870b72b99ba3e20535b,BUY,51488901526730069771868285104742328410384372749069959905403041328868803754709,0x2865bc483dd523f4a36eb961f7467c8635ee9a13f39748bad55f645ce1f61512,1500.0,0.9669787533,1765285748,Trump declassifies UFO files in 2025?,trump-declassifies-ufo-files-in-2025,https://polymarket-upload.s3.us-east-2.amazonaws.com/trump-declassifies-ufo-files-in-2025-t8Tno8ou_ycE.jpg,trump-declassifies-ufo-files-in-2025,Yes,0,JPLP,Recent-Witchhunt,,,,0x6e750ca4bbdd825a97a88b750400f54c7d7f3383cb359feca786138ee987169a,2025-12-09 13:09:08+00:00,1450.46812995,Yes,2025-12-10 00:27:58+00:00,11.313888888888888,0.9947003263,0.027721573
0x12d6cccfc7470a3f4bafc53599a4779cbf2cf2a8,BUY,51488901526730069771868285104742328410384372749069959905403041328868803754709,0x2865bc483dd523f4a36eb961f7467c8635ee9a13f39748bad55f645ce1f61512,3015.0,0.962,1765283707,Trump declassifies UFO files in 2025?,trump-declassifies-ufo-files-in-2025,https://polymarket-upload.s3.us-east-2.amazonaws.com/trump-declassifies-ufo-files-in-2025-t8Tno8ou_ycE.jpg,trump-declassifies-ufo-files-in-2025,Yes,0,classified,Personal-Bake,REDACTED,https://polymarket-upload.s3.us-east-2.amazonaws.com/profile-image-2637613-f573f7f0-53b7-4a8d-b884-fec7b37d1b7d.png,,0x71f1a7a6d731086dbaedf1731d5abef80e13f5b5b1d17ce1eba16edbf0dad4c9,2025-12-09 12:35:07+00:00,2900.43,Yes,2025-12-10 00:27:58+00:00,11.880833333333333,0.99,0.028000000000000025
0x088ffbbc6f2c0b3839d2832e75f37e1bcecbc9e7,BUY,51488901526730069771868285104742328410384372749069959905403041328868803754709,0x2865bc483dd523f4a36eb961f7467c8635ee9a13f39748bad55f645ce1f61512,11303.0,0.9799864638,1765282679,Trump declassifies UFO files in 2025?,trump-declassifies-ufo-files-in-2025,https://polymarket-upload.s3.us-east-2.amazonaws.com/trump-declassifies-ufo-files-in-2025-t8Tno8ou_ycE.jpg,trump-declassifies-ufo-files-in-2025,Yes,0,MisTKy3,Supportive-Moai,1974,https://polymarket-upload.s3.us-east-2.amazonaws.com/7f0b77c87a75c15f6c32a1a145909e43_3a107f18-42d8-477d-9572-cee5296011a8_1741675058855.jpg,,0xba6d2ec427396df3733b07d2be5aadce2569f5ad4af823335bdd23c9d1877a5f,2025-12-09 12:17:59+00:00,11076.7870003314,Yes,2025-12-10 00:27:58+00:00,12.16638888888889,0.9879999998,0.008013535999999988
0x24c8cf69a0e0a17eee21f69d29752bfa32e823e1,BUY,51488901526730069771868285104742328410384372749069959905403041328868803754709,0x2865bc483dd523f4a36eb961f7467c8635ee9a13f39748bad55f645ce1f61512,1146.6,0.977,1765282495,Trump declassifies UFO files in 2025?,trump-declassifies-ufo-files-in-2025,https://polymarket-upload.s3.us-east-2.amazonaws.com/trump-declassifies-ufo-files-in-2025-t8Tno8ou_ycE.jpg,trump-declassifies-ufo-files-in-2025,Yes,0,debased,Broken-Dogwood,"no crazy war, yes peace",https://polymarket-upload.s3.us-east-2.amazonaws.com/trump_farmer_b64c6dcd-13e2-4dda-b1c2-0fb46389fb22_1743074825403.png,,0xa452048f193eeb274ce31391be4aeeba8426dc359bb8087fcbd35f8657a68414,2025-12-09 12:14:55+00:00,1120.2281999999998,Yes,2025-12-10 00:27:58+00:00,12.2175,0.9879999998,0.010999999799999993
0xc8ab97a9089a9ff7e6ef0688e6e591a066946418,BUY,51488901526730069771868285104742328410384372749069959905403041328868803754709,0x2865bc483dd523f4a36eb961f7467c8635ee9a13f39748bad55f645ce1f61512,16641.13,0.986,1765274281,Trump declassifies UFO files in 2025?,trump-declassifies-ufo-files-in-2025,https://polymarket-upload.s3.us-east-2.amazonaws.com/trump-declassifies-ufo-files-in-2025-t8Tno8ou_ycE.jpg,trump-declassifies-ufo-files-in-2025,Yes,0,ArmageddonRewardsBilly,Hideous-Racer,"After the fight battle is fought, The legend of Billy the farmer will live forever.",https://polymarket-upload.s3.us-east-2.amazonaws.com/rewardsiconbilly_637fb65a-1112-49bc-9376-3fb6d377cde0_1738970845400.png,,0x67f7de4c803c6ec20384d60e5eb1e9b86847b376753b0156e6f65c14e1daf742,2025-12-09 09:58:01+00:00,16408.15418,Yes,2025-12-10 00:27:58+00:00,14.499166666666667,0.986,0.0
0xc4d1a863e9cc45d02ba22d3a1ae9ba7822018ce8,BUY,51488901526730069771868285104742328410384372749069959905403041328868803754709,0x2865bc483dd523f4a36eb961f7467c8635ee9a13f39748bad55f645ce1f61512,8040.6,0.988,1765272397,Trump declassifies UFO files in 2025?,trump-declassifies-ufo-files-in-2025,https://polymarket-upload.s3.us-east-2.amazonaws.com/trump-declassifies-ufo-files-in-2025-t8Tno8ou_ycE.jpg,trump-declassifies-ufo-files-in-2025,Yes,0,rdba,Unaware-Birdhouse,,,,0xda8ee63bd41c27aa977a0909a3c10c550f2245c01418155c1e1adb81cf60b71b,2025-12-09 09:26:37+00:00,7944.1128,Yes,2025-12-10 00:27:58+00:00,15.0225,0.989,0.0010000000000000009
0xc4d1a863e9cc45d02ba22d3a1ae9ba7822018ce8,BUY,51488901526730069771868285104742328410384372749069959905403041328868803754709,0x2865bc483dd523f4a36eb961f7467c8635ee9a13f39748bad55f645ce1f61512,2046.28,0.987,1765272385,Trump declassifies UFO files in 2025?,trump-declassifies-ufo-files-in-2025,https://polymarket-upload.s3.us-east-2.amazonaws.com/trump-declassifies-ufo-files-in-2025-t8Tno8ou_ycE.jpg,trump-declassifies-ufo-files-in-2025,Yes,0,rdba,Unaware-Birdhouse,,,,0x2e88a610054238cd4241b622dcf0fafd7459e47495505844dd000f335fd87132,2025-12-09 09:26:25+00:00,2019.6783599999999,Yes,2025-12-10 00:27:58+00:00,15.025833333333333,0.989,0.0020000000000000018
0xc8ab97a9089a9ff7e6ef0688e6e591a066946418,BUY,51488901526730069771868285104742328410384372749069959905403041328868803754709,0x2865bc483dd523f4a36eb961f7467c8635ee9a13f39748bad55f645ce1f61512,46759.87,0.9886803986,1765268465,Trump declassifies UFO files in 2025?,trump-declassifies-ufo-files-in-2025,https://polymarket-upload.s3.us-east-2.amazonaws.com/trump-declassifies-ufo-files-in-2025-t8Tno8ou_ycE.jpg,trump-declassifies-ufo-files-in-2025,Yes,0,ArmageddonRewardsBilly,Hideous-Racer,"After the fight battle is fought, The legend of Billy the farmer will live forever.",https://polymarket-upload.s3.us-east-2.amazonaws.com/rewardsiconbilly_637fb65a-1112-49bc-9376-3fb6d377cde0_1738970845400.png,,0x18f081025c8d613d60e864896676996ff0ec3a77e5cf5ed68f60449a335f0216,2025-12-09 08:21:05+00:00,46230.566910084184,Yes,2025-12-10 00:27:58+00:00,16.114722222222223,0.991,0.002319601399999982
0xa102b434ce441a3119e146f75ed6276ee1a836d9,BUY,51488901526730069771868285104742328410384372749069959905403041328868803754709,0x2865bc483dd523f4a36eb961f7467c8635ee9a13f39748bad55f645ce1f61512,12964.78,0.982,1765268091,Trump declassifies UFO files in 2025?,trump-declassifies-ufo-files-in-2025,https://polymarket-upload.s3.us-east-2.amazonaws.com/trump-declassifies-ufo-files-in-2025-t8Tno8ou_ycE.jpg,trump-declassifies-ufo-files-in-2025,Yes,0,tf2,Drafty-Native,betmonke betmoar-25807,,,0x9f1af545900c128eb5f47175d67f93d9b6fa0cb9a9f890b835d584e1ddadf2cc,2025-12-09 08:14:51+00:00,12731.41396,Yes,2025-12-10 00:27:58+00:00,16.218611111111112,0.991,0.009000000000000008
0xc25427ea224b8f9fa2df801233f944006ed33f73,BUY,51488901526730069771868285104742328410384372749069959905403041328868803754709,0x2865bc483dd523f4a36eb961f7467c8635ee9a13f39748bad55f645ce1f61512,5000.0,0.982,1765268071,Trump declassifies UFO files in 2025?,trump-declassifies-ufo-files-in-2025,https://polymarket-upload.s3.us-east-2.amazonaws.com/trump-declassifies-ufo-files-in-2025-t8Tno8ou_ycE.jpg,trump-declassifies-ufo-files-in-2025,Yes,0,TeemuPukki,Suspicious-Aid,Rakastan sinua.,https://polymarket-upload.s3.us-east-2.amazonaws.com/profile-image-2909078-c830a432-b201-4998-9050-a48fcbac0c7c.png,,0x92e7ef56aac41fb603cbc0be415927daebf45a8407a9a16a9a8e6ac845f3e50b,2025-12-09 08:14:31+00:00,4910.0,Yes,2025-12-10 00:27:58+00:00,16.224166666666665,0.991,0.009000000000000008
0xc25427ea224b8f9fa2df801233f944006ed33f73,BUY,51488901526730069771868285104742328410384372749069959905403041328868803754709,0x2865bc483dd523f4a36eb961f7467c8635ee9a13f39748bad55f645ce1f61512,6697.39,0.982,1765268065,Trump declassifies UFO files in 2025?,trump-declassifies-ufo-files-in-2025,https://polymarket-upload.s3.us-east-2.amazonaws.com/trump-declassifies-ufo-files-in-2025-t8Tno8ou_ycE.jpg,trump-declassifies-ufo-files-in-2025,Yes,0,TeemuPukki,Suspicious-Aid,Rakastan sinua.,https://polymarket-upload.s3.us-east-2.amazonaws.com/profile-image-2909078-c830a432-b201-4998-9050-a48fcbac0c7c.png,,0x178f9ad506b987974ecd2e1bb491d528b43bfa759a04315dc547ba5ae98c990d,2025-12-09 08:14:25+00:00,6576.83698,Yes,2025-12-10 00:27:58+00:00,16.225833333333334,0.991,0.009000000000000008
0xa102b434ce441a3119e146f75ed6276ee1a836d9,BUY,51488901526730069771868285104742328410384372749069959905403041328868803754709,0x2865bc483dd523f4a36eb961f7467c8635ee9a13f39748bad55f645ce1f61512,10248.95,0.981,1765267847,Trump declassifies UFO files in 2025?,trump-declassifies-ufo-files-in-2025,https://polymarket-upload.s3.us-east-2.amazonaws.com/trump-declassifies-ufo-files-in-2025-t8Tno8ou_ycE.jpg,trump-declassifies-ufo-files-in-2025,Yes,0,tf2,Drafty-Native,betmonke betmoar-25807,,,0xfc2d4ab4e92780faf112caec7a4b705018da196cc580e3817b3583a27f7e05c7,2025-12-09 08:10:47+00:00,10054.21995,Yes,2025-12-10 00:27:58+00:00,16.28638888888889,0.991,0.010000000000000009
0xa102b434ce441a3119e146f75ed6276ee1a836d9,BUY,51488901526730069771868285104742328410384372749069959905403041328868803754709,0x2865bc483dd523f4a36eb961f7467c8635ee9a13f39748bad55f645ce1f61512,2700.0,0.981,1765267817,Trump declassifies UFO files in 2025?,trump-declassifies-ufo-files-in-2025,https://polymarket-upload.s3.us-east-2.amazonaws.com/trump-declassifies-ufo-files-in-2025-t8Tno8ou_ycE.jpg,trump-declassifies-ufo-files-in-2025,Yes,0,tf2,Drafty-Native,betmonke betmoar-25807,,,0x9c93c70a409206dd8565d956aef3b1ae9cd4969eb935891d678ecb37986c6b46,2025-12-09 08:10:17+00:00,2648.7,Yes,2025-12-10 00:27:58+00:00,16.294722222222223,0.991,0.010000000000000009
0xc6dd722558dbfbd8fa780efcbe819ed8c6604b9f,BUY,51488901526730069771868285104742328410384372749069959905403041328868803754709,0x2865bc483dd523f4a36eb961f7467c8635ee9a13f39748bad55f645ce1f61512,2724.31,0.9738501639,1765267489,Trump declassifies UFO files in 2025?,trump-declassifies-ufo-files-in-2025,https://polymarket-upload.s3.us-east-2.amazonaws.com/trump-declassifies-ufo-files-in-2025-t8Tno8ou_ycE.jpg,trump-declassifies-ufo-files-in-2025,Yes,0,tourists,Trusting-Bungalow,Do you wanna go to Bali or Borneo,https://polymarket-upload.s3.us-east-2.amazonaws.com/profile-image-2909538-0895d69a-234c-409a-b0f4-ca4253ab5cb6.jpg,,0xd844be1eb3d9bb3d885e3f397685dfedfc51dfc850f80649e9a7b253cf5b94c9,2025-12-09 08:04:49+00:00,2653.069740014409,Yes,2025-12-10 00:27:58+00:00,16.385833333333334,0.991,0.017149836099999982
0x0c4b64af62a0ac3dd477e9f80ec3eaa18e92f6db,BUY,51488901526730069771868285104742328410384372749069959905403041328868803754709,0x2865bc483dd523f4a36eb961f7467c8635ee9a13f39748bad55f645ce1f61512,6906.1,0.97,1765267173,Trump declassifies UFO files in 2025?,trump-declassifies-ufo-files-in-2025,https://polymarket-upload.s3.us-east-2.amazonaws.com/trump-declassifies-ufo-files-in-2025-t8Tno8ou_ycE.jpg,trump-declassifies-ufo-files-in-2025,Yes,0,UwO,Another-Pickaxe,,https://polymarket-upload.s3.us-east-2.amazonaws.com/profile-image-1580334-26329038-5ced-44e2-85fa-249ea3ed1264.png,,0xd98da682ad7fce87cb516a5a290588ee39252dadccdde5a4107ce3714c2644a1,2025-12-09 07:59:33+00:00,6698.917,Yes,2025-12-10 00:27:58+00:00,16.47361111111111,0.991,0.02100000000000002
0xc25427ea224b8f9fa2df801233f944006ed33f73,BUY,51488901526730069771868285104742328410384372749069959905403041328868803754709,0x2865bc483dd523f4a36eb961f7467c8635ee9a13f39748bad55f645ce1f61512,3000.0,0.976,1765267003,Trump declassifies UFO files in 2025?,trump-declassifies-ufo-files-in-2025,https://polymarket-upload.s3.us-east-2.amazonaws.com/trump-declassifies-ufo-files-in-2025-t8Tno8ou_ycE.jpg,trump-declassifies-ufo-files-in-2025,Yes,0,TeemuPukki,Suspicious-Aid,Rakastan sinua.,https://polymarket-upload.s3.us-east-2.amazonaws.com/profile-image-2909078-c830a432-b201-4998-9050-a48fcbac0c7c.png,,0xa7d02c3d6503344c1711897ccce08530c35868bb2c541f1f2e5e5f7724f8f4a8,2025-12-09 07:56:43+00:00,2928.0,Yes,2025-12-10 00:27:58+00:00,16.520833333333332,0.991,0.015000000000000013
0x0c4b64af62a0ac3dd477e9f80ec3eaa18e92f6db,BUY,51488901526730069771868285104742328410384372749069959905403041328868803754709,0x2865bc483dd523f4a36eb961f7467c8635ee9a13f39748bad55f645ce1f61512,2000.0,0.976,1765266577,Trump declassifies UFO files in 2025?,trump-declassifies-ufo-files-in-2025,https://polymarket-upload.s3.us-east-2.amazonaws.com/trump-declassifies-ufo-files-in-2025-t8Tno8ou_ycE.jpg,trump-declassifies-ufo-files-in-2025,Yes,0,UwO,Another-Pickaxe,,https://polymarket-upload.s3.us-east-2.amazonaws.com/profile-image-1580334-26329038-5ced-44e2-85fa-249ea3ed1264.png,,0x62716639da18ceb037b6a0872c7128a7f489db7d40e90b570ecedce7ed96ccb3,2025-12-09 07:49:37+00:00,1952.0,Yes,2025-12-10 00:27:58+00:00,16.639166666666668,0.991,0.015000000000000013
0x0c4b64af62a0ac3dd477e9f80ec3eaa18e92f6db,BUY,51488901526730069771868285104742328410384372749069959905403041328868803754709,0x2865bc483dd523f4a36eb961f7467c8635ee9a13f39748bad55f645ce1f61512,20000.0,0.977,1765266567,Trump declassifies UFO files in 2025?,trump-declassifies-ufo-files-in-2025,https://polymarket-upload.s3.us-east-2.amazonaws.com/trump-declassifies-ufo-files-in-2025-t8Tno8ou_ycE.jpg,trump-declassifies-ufo-files-in-2025,Yes,0,UwO,Another-Pickaxe,,https://polymarket-upload.s3.us-east-2.amazonaws.com/profile-image-1580334-26329038-5ced-44e2-85fa-249ea3ed1264.png,,0xa00ecf1cc968c6a9687418605ce8f1560b8e6d5ead2093c761022a0914121d18,2025-12-09 07:49:27+00:00,19540.0,Yes,2025-12-10 00:27:58+00:00,16.641944444444444,0.991,0.014000000000000012
0x000d257d2dc7616feaef4ae0f14600fdf50a758e,BUY,51488901526730069771868285104742328410384372749069959905403041328868803754709,0x2865bc483dd523f4a36eb961f7467c8635ee9a13f39748bad55f645ce1f61512,7418.37,0.975,1765262891,Trump declassifies UFO files in 2025?,trump-declassifies-ufo-files-in-2025,https://polymarket-upload.s3.us-east-2.amazonaws.com/trump-declassifies-ufo-files-in-2025-t8Tno8ou_ycE.jpg,trump-declassifies-ufo-files-in-2025,Yes,0,scottilicious,Powerful-Election,,https://polymarket-upload.s3.us-east-2.amazonaws.com/profile-image-583-178de096-51b5-46b0-b1bf-83d0b80ad3d4.jpg,,0xc6ade1cd977489743a0b6e4a4c20bde573047117c5d97356877c55474b450f58,2025-12-09 06:48:11+00:00,7232.91075,Yes,2025-12-10 00:27:58+00:00,17.663055555555555,0.991,0.016000000000000014
0x000d257d2dc7616feaef4ae0f14600fdf50a758e,BUY,51488901526730069771868285104742328410384372749069959905403041328868803754709,0x2865bc483dd523f4a36eb961f7467c8635ee9a13f39748bad55f645ce1f61512,34651.66,0.979,1765262877,Trump declassifies UFO files in 2025?,trump-declassifies-ufo-files-in-2025,https://polymarket-upload.s3.us-east-2.amazonaws.com/trump-declassifies-ufo-files-in-2025-t8Tno8ou_ycE.jpg,trump-declassifies-ufo-files-in-2025,Yes,0,scottilicious,Powerful-Election,,https://polymarket-upload.s3.us-east-2.amazonaws.com/profile-image-583-178de096-51b5-46b0-b1bf-83d0b80ad3d4.jpg,,0x2a64266ab23654fe0e53121ced1024d3fe187fe5575bf334c9f3a5ce9313db14,2025-12-09 06:47:57+00:00,33923.97514,Yes,2025-12-10 00:27:58+00:00,17.666944444444443,0.991,0.01200000000000001
0xc6dd722558dbfbd8fa780efcbe819ed8c6604b9f,BUY,51488901526730069771868285104742328410384372749069959905403041328868803754709,0x2865bc483dd523f4a36eb961f7467c8635ee9a13f39748bad55f645ce1f61512,5206.14,0.976,1765262563,Trump declassifies UFO files in 2025?,trump-declassifies-ufo-files-in-2025,https://polymarket-upload.s3.us-east-2.amazonaws.com/trump-declassifies-ufo-files-in-2025-t8Tno8ou_ycE.jpg,trump-declassifies-ufo-files-in-2025,Yes,0,tourists,Trusting-Bungalow,Do you wanna go to Bali or Borneo,https://polymarket-upload.s3.us-east-2.amazonaws.com/profile-image-2909538-0895d69a-234c-409a-b0f4-ca4253ab5cb6.jpg,,0x9852993096f90993e65957e1668540de98e34766cf40ec8db5d060c7b846a6d0,2025-12-09 06:42:43+00:00,5081.19264,Yes,2025-12-10 00:27:58+00:00,17.754166666666666,0.991,0.015000000000000013
0xc6dd722558dbfbd8fa780efcbe819ed8c6604b9f,BUY,51488901526730069771868285104742328410384372749069959905403041328868803754709,0x2865bc483dd523f4a36eb961f7467c8635ee9a13f39748bad55f645ce1f61512,3814.95,0.976,1765262551,Trump declassifies UFO files in 2025?,trump-declassifies-ufo-files-in-2025,https://polymarket-upload.s3.us-east-2.amazonaws.com/trump-declassifies-ufo-files-in-2025-t8Tno8ou_ycE.jpg,trump-declassifies-ufo-files-in-2025,Yes,0,tourists,Trusting-Bungalow,Do you wanna go to Bali or Borneo,https://polymarket-upload.s3.us-east-2.amazonaws.com/profile-image-2909538-0895d69a-234c-409a-b0f4-ca4253ab5cb6.jpg,,0x3c6d70a3297bce0f736dbb3c419648793eada4514887e32e4f5ad3adc914b230,2025-12-09 06:42:31+00:00,3723.3911999999996,Yes,2025-12-10 00:27:58+00:00,17.7575,0.991,0.015000000000000013
0xc6dd722558dbfbd8fa780efcbe819ed8c6604b9f,BUY,51488901526730069771868285104742328410384372749069959905403041328868803754709,0x2865bc483dd523f4a36eb961f7467c8635ee9a13f39748bad55f645ce1f61512,3127.9,0.975,1765262547,Trump declassifies UFO files in 2025?,trump-declassifies-ufo-files-in-2025,https://polymarket-upload.s3.us-east-2.amazonaws.com/trump-declassifies-ufo-files-in-2025-t8Tno8ou_ycE.jpg,trump-declassifies-ufo-files-in-2025,Yes,0,tourists,Trusting-Bungalow,Do you wanna go to Bali or Borneo,https://polymarket-upload.s3.us-east-2.amazonaws.com/profile-image-2909538-0895d69a-234c-409a-b0f4-ca4253ab5cb6.jpg,,0xd1c596871ecb5dc1b76a023db0a21c2765e1f9cd4b67c8f268a4a98b16ad5aeb,2025-12-09 06:42:27+00:00,3049.7025,Yes,2025-12-10 00:27:58+00:00,17.75861111111111,0.991,0.016000000000000014
0x000d257d2dc7616feaef4ae0f14600fdf50a758e,BUY,51488901526730069771868285104742328410384372749069959905403041328868803754709,0x2865bc483dd523f4a36eb961f7467c8635ee9a13f39748bad55f645ce1f61512,3900.0,0.975,1765261943,Trump declassifies UFO files in 2025?,trump-declassifies-ufo-files-in-2025,https://polymarket-upload.s3.us-east-2.amazonaws.com/trump-declassifies-ufo-files-in-2025-t8Tno8ou_ycE.jpg,trump-declassifies-ufo-files-in-2025,Yes,0,scottilicious,Powerful-Election,,https://polymarket-upload.s3.us-east-2.amazonaws.com/profile-image-583-178de096-51b5-46b0-b1bf-83d0b80ad3d4.jpg,,0x255f270e3ae77ee75f19b2f92322ae9e921daeefa679a8cb04b777c722ff1895,2025-12-09 06:32:23+00:00,3802.5,Yes,2025-12-10 00:27:58+00:00,17.926388888888887,0.991,0.016000000000000014
0x000d257d2dc7616feaef4ae0f14600fdf50a758e,BUY,51488901526730069771868285104742328410384372749069959905403041328868803754709,0x2865bc483dd523f4a36eb961f7467c8635ee9a13f39748bad55f645ce1f61512,54515.87,0.9856319984,1765260649,Trump declassifies UFO files in 2025?,trump-declassifies-ufo-files-in-2025,https://polymarket-upload.s3.us-east-2.amazonaws.com/trump-declassifies-ufo-files-in-2025-t8Tno8ou_ycE.jpg,trump-declassifies-ufo-files-in-2025,Yes,0,scottilicious,Powerful-Election,,https://polymarket-upload.s3.us-east-2.amazonaws.com/profile-image-583-178de096-51b5-46b0-b1bf-83d0b80ad3d4.jpg,,0x98d99013f1547d530d6f981a10c2364e2edbb01b9ecc61799bbe062a7178bdcf,2025-12-09 06:10:49+00:00,53732.58589261461,Yes,2025-12-10 00:27:58+00:00,18.285833333333333,0.991,0.00536800159999995
0x000d257d2dc7616feaef4ae0f14600fdf50a758e,BUY,51488901526730069771868285104742328410384372749069959905403041328868803754709,0x2865bc483dd523f4a36eb961f7467c8635ee9a13f39748bad55f645ce1f61512,1430.15,0.9784720833,1765260085,Trump declassifies UFO files in 2025?,trump-declassifies-ufo-files-in-2025,https://polymarket-upload.s3.us-east-2.amazonaws.com/trump-declassifies-ufo-files-in-2025-t8Tno8ou_ycE.jpg,trump-declassifies-ufo-files-in-2025,Yes,0,scottilicious,Powerful-Election,,https://polymarket-upload.s3.us-east-2.amazonaws.com/profile-image-583-178de096-51b5-46b0-b1bf-83d0b80ad3d4.jpg,,0x7656f2943079621c66a7fa25d1dd46b759ddf4b3a689bf0be3430f6c684c2998,2025-12-09 06:01:25+00:00,1399.361849931495,Yes,2025-12-10 00:27:58+00:00,18.4425,0.991,0.012527916699999975
0xc6dd722558dbfbd8fa780efcbe819ed8c6604b9f,BUY,51488901526730069771868285104742328410384372749069959905403041328868803754709,0x2865bc483dd523f4a36eb961f7467c8635ee9a13f39748bad55f645ce1f61512,10226.56,0.977,1765259219,Trump declassifies UFO files in 2025?,trump-declassifies-ufo-files-in-2025,https://polymarket-upload.s3.us-east-2.amazonaws.com/trump-declassifies-ufo-files-in-2025-t8Tno8ou_ycE.jpg,trump-declassifies-ufo-files-in-2025,Yes,0,tourists,Trusting-Bungalow,Do you wanna go to Bali or Borneo,https://polymarket-upload.s3.us-east-2.amazonaws.com/profile-image-2909538-0895d69a-234c-409a-b0f4-ca4253ab5cb6.jpg,,0xded6ece1ebf6c4ba63982a349bdaca9917f6c52693da79e657cc18cd7a04c372,2025-12-09 05:46:59+00:00,9991.349119999999,Yes,2025-12-10 00:27:58+00:00,18.683055555555555,0.991,0.014000000000000012
0xc6dd722558dbfbd8fa780efcbe819ed8c6604b9f,BUY,51488901526730069771868285104742328410384372749069959905403041328868803754709,0x2865bc483dd523f4a36eb961f7467c8635ee9a13f39748bad55f645ce1f61512,2010.0,0.976,1765259027,Trump declassifies UFO files in 2025?,trump-declassifies-ufo-files-in-2025,https://polymarket-upload.s3.us-east-2.amazonaws.com/trump-declassifies-ufo-files-in-2025-t8Tno8ou_ycE.jpg,trump-declassifies-ufo-files-in-2025,Yes,0,tourists,Trusting-Bungalow,Do you wanna go to Bali or Borneo,https://polymarket-upload.s3.us-east-2.amazonaws.com/profile-image-2909538-0895d69a-234c-409a-b0f4-ca4253ab5cb6.jpg,,0xd22f234e2ad27eff25e6d28c8bd1e8f45db6e72e2797fcb1383d406df4121b33,2025-12-09 05:43:47+00:00,1961.76,Yes,2025-12-10 00:27:58+00:00,18.73638888888889,0.991,0.015000000000000013
0xc6dd722558dbfbd8fa780efcbe819ed8c6604b9f,BUY,51488901526730069771868285104742328410384372749069959905403041328868803754709,0x2865bc483dd523f4a36eb961f7467c8635ee9a13f39748bad55f645ce1f61512,17508.92,0.974,1765259007,Trump declassifies UFO files in 2025?,trump-declassifies-ufo-files-in-2025,https://polymarket-upload.s3.us-east-2.amazonaws.com/trump-declassifies-ufo-files-in-2025-t8Tno8ou_ycE.jpg,trump-declassifies-ufo-files-in-2025,Yes,0,tourists,Trusting-Bungalow,Do you wanna go to Bali or Borneo,https://polymarket-upload.s3.us-east-2.amazonaws.com/profile-image-2909538-0895d69a-234c-409a-b0f4-ca4253ab5cb6.jpg,,0x85dac49f902f5a2f793f6876c173be33ae4c5fe0775d619818ebd5b335ee5ec7,2025-12-09 05:43:27+00:00,17053.688079999996,Yes,2025-12-10 00:27:58+00:00,18.741944444444446,0.991,0.017000000000000015
0xc4d1a863e9cc45d02ba22d3a1ae9ba7822018ce8,BUY,51488901526730069771868285104742328410384372749069959905403041328868803754709,0x2865bc483dd523f4a36eb961f7467c8635ee9a13f39748bad55f645ce1f61512,30954.18,0.974,1765258897,Trump declassifies UFO files in 2025?,trump-declassifies-ufo-files-in-2025,https://polymarket-upload.s3.us-east-2.amazonaws.com/trump-declassifies-ufo-files-in-2025-t8Tno8ou_ycE.jpg,trump-declassifies-ufo-files-in-2025,Yes,0,rdba,Unaware-Birdhouse,,,,0x47224a781711495202fc81dc3ab2377d8c3aaca6231c37c353a13b1c1ecd4c25,2025-12-09 05:41:37+00:00,30149.37132,Yes,2025-12-10 00:27:58+00:00,18.7725,0.991,0.017000000000000015
0xc4d1a863e9cc45d02ba22d3a1ae9ba7822018ce8,BUY,51488901526730069771868285104742328410384372749069959905403041328868803754709,0x2865bc483dd523f4a36eb961f7467c8635ee9a13f39748bad55f645ce1f61512,11688.81,0.972,1765258875,Trump declassifies UFO files in 2025?,trump-declassifies-ufo-files-in-2025,https://polymarket-upload.s3.us-east-2.amazonaws.com/trump-declassifies-ufo-files-in-2025-t8Tno8ou_ycE.jpg,trump-declassifies-ufo-files-in-2025,Yes,0,rdba,Unaware-Birdhouse,,,,0xc1977f9efe55d76d0e15556e78f9d9792f80fd74d09b9e6bb18273b514966db9,2025-12-09 05:41:15+00:00,11361.523319999998,Yes,2025-12-10 00:27:58+00:00,18.77861111111111,0.991,0.019000000000000017
0xc4d1a863e9cc45d02ba22d3a1ae9ba7822018ce8,BUY,51488901526730069771868285104742328410384372749069959905403041328868803754709,0x2865bc483dd523f4a36eb961f7467c8635ee9a13f39748bad55f645ce1f61512,33478.37,0.979071505,1765258341,Trump declassifies UFO files in 2025?,trump-declassifies-ufo-files-in-2025,https://polymarket-upload.s3.us-east-2.amazonaws.com/trump-declassifies-ufo-files-in-2025-t8Tno8ou_ycE.jpg,trump-declassifies-ufo-files-in-2025,Yes,0,rdba,Unaware-Birdhouse,,,,0xbfb0706294a1ee925b8c865dd527222235d734984c1a84ca0c3e06d8dfbf0337,2025-12-09 05:32:21+00:00,32777.718100846854,Yes,2025-12-10 00:27:58+00:00,18.926944444444445,0.991,0.011928495000000039
0xc6dd722558dbfbd8fa780efcbe819ed8c6604b9f,BUY,51488901526730069771868285104742328410384372749069959905403041328868803754709,0x2865bc483dd523f4a36eb961f7467c8635ee9a13f39748bad55f645ce1f61512,3666.69,0.977,1765258153,Trump declassifies UFO files in 2025?,trump-declassifies-ufo-files-in-2025,https://polymarket-upload.s3.us-east-2.amazonaws.com/trump-declassifies-ufo-files-in-2025-t8Tno8ou_ycE.jpg,trump-declassifies-ufo-files-in-2025,Yes,0,tourists,Trusting-Bungalow,Do you wanna go to Bali or Borneo,https://polymarket-upload.s3.us-east-2.amazonaws.com/profile-image-2909538-0895d69a-234c-409a-b0f4-ca4253ab5cb6.jpg,,0x4930b745a8cee62d38b7ac97cfe5eb02ba9e9b7f7b5f64422bc490b2d7fb9b03,2025-12-09 05:29:13+00:00,3582.35613,Yes,2025-12-10 00:27:58+00:00,18.979166666666668,0.991,0.014000000000000012
0xc8ab97a9089a9ff7e6ef0688e6e591a066946418,BUY,51488901526730069771868285104742328410384372749069959905403041328868803754709,0x2865bc483dd523f4a36eb961f7467c8635ee9a13f39748bad55f645ce1f61512,25941.75,0.976,1765258045,Trump declassifies UFO files in 2025?,trump-declassifies-ufo-files-in-2025,https://polymarket-upload.s3.us-east-2.amazonaws.com/trump-declassifies-ufo-files-in-2025-t8Tno8ou_ycE.jpg,trump-declassifies-ufo-files-in-2025,Yes,0,ArmageddonRewardsBilly,Hideous-Racer,"After the fight battle is fought, The legend of Billy the farmer will live forever.",https://polymarket-upload.s3.us-east-2.amazonaws.com/rewardsiconbilly_637fb65a-1112-49bc-9376-3fb6d377cde0_1738970845400.png,,0xb34fb500a850bb30b9f63b934b7a298d4f5d1b93851acab428abfc66b6822f8d,2025-12-09 05:27:25+00:00,25319.148,Yes,2025-12-10 00:27:58+00:00,19.009166666666665,0.991,0.015000000000000013
0xc6dd722558dbfbd8fa780efcbe819ed8c6604b9f,BUY,51488901526730069771868285104742328410384372749069959905403041328868803754709,0x2865bc483dd523f4a36eb961f7467c8635ee9a13f39748bad55f645ce1f61512,5310.25,0.975,1765258031,Trump declassifies UFO files in 2025?,trump-declassifies-ufo-files-in-2025,https://polymarket-upload.s3.us-east-2.amazonaws.com/trump-declassifies-ufo-files-in-2025-t8Tno8ou_ycE.jpg,trump-declassifies-ufo-files-in-2025,Yes,0,tourists,Trusting-Bungalow,Do you wanna go to Bali or Borneo,https://polymarket-upload.s3.us-east-2.amazonaws.com/profile-image-2909538-0895d69a-234c-409a-b0f4-ca4253ab5cb6.jpg,,0xee2059083a24c6cf876680ce80c3c6e6321b5fa6e406bcaa6e505e75844784dc,2025-12-09 05:27:11+00:00,5177.49375,Yes,2025-12-10 00:27:58+00:00,19.013055555555557,0.991,0.016000000000000014
0xc4d1a863e9cc45d02ba22d3a1ae9ba7822018ce8,BUY,51488901526730069771868285104742328410384372749069959905403041328868803754709,0x2865bc483dd523f4a36eb961f7467c8635ee9a13f39748bad55f645ce1f61512,7387.2,0.972,1765258023,Trump declassifies UFO files in 2025?,trump-declassifies-ufo-files-in-2025,https://polymarket-upload.s3.us-east-2.amazonaws.com/trump-declassifies-ufo-files-in-2025-t8Tno8ou_ycE.jpg,trump-declassifies-ufo-files-in-2025,Yes,0,rdba,Unaware-Birdhouse,,,,0x615ecf5358d0feb36ccb312a58f10ac960a0cee787af5098664a65916e2a1690,2025-12-09 05:27:03+00:00,7180.3584,Yes,2025-12-10 00:27:58+00:00,19.01527777777778,0.991,0.019000000000000017
0xc6dd722558dbfbd8fa780efcbe819ed8c6604b9f,BUY,51488901526730069771868285104742328410384372749069959905403041328868803754709,0x2865bc483dd523f4a36eb961f7467c8635ee9a13f39748bad55f645ce1f61512,8237.46,0.9597456473,1765257983,Trump declassifies UFO files in 2025?,trump-declassifies-ufo-files-in-2025,https://polymarket-upload.s3.us-east-2.amazonaws.com/trump-declassifies-ufo-files-in-2025-t8Tno8ou_ycE.jpg,trump-declassifies-ufo-files-in-2025,Yes,0,tourists,Trusting-Bungalow,Do you wanna go to Bali or Borneo,https://polymarket-upload.s3.us-east-2.amazonaws.com/profile-image-2909538-0895d69a-234c-409a-b0f4-ca4253ab5cb6.jpg,,0xbd50070d19624affd85365acb6c50b50cebd10c0c423fa4e9281512163e715f4,2025-12-09 05:26:23+00:00,7905.866379807857,Yes,2025-12-10 00:27:58+00:00,19.02638888888889,0.991,0.03125435269999999
0xc6dd722558dbfbd8fa780efcbe819ed8c6604b9f,BUY,51488901526730069771868285104742328410384372749069959905403041328868803754709,0x2865bc483dd523f4a36eb961f7467c8635ee9a13f39748bad55f645ce1f61512,5327.77,0.9589253853,1765257979,Trump declassifies UFO files in 2025?,trump-declassifies-ufo-files-in-2025,https://polymarket-upload.s3.us-east-2.amazonaws.com/trump-declassifies-ufo-files-in-2025-t8Tno8ou_ycE.jpg,trump-declassifies-ufo-files-in-2025,Yes,0,tourists,Trusting-Bungalow,Do you wanna go to Bali or Borneo,https://polymarket-upload.s3.us-east-2.amazonaws.com/profile-image-2909538-0895d69a-234c-409a-b0f4-ca4253ab5cb6.jpg,,0xc32d49bdf093a9b9828ca70593930463805571d74c7e8aaf0c595b1e7b54fdfd,2025-12-09 05:26:19+00:00,5108.933900039781,Yes,2025-12-10 00:27:58+00:00,19.0275,0.991,0.03207461469999995
0xc6dd722558dbfbd8fa780efcbe819ed8c6604b9f,BUY,51488901526730069771868285104742328410384372749069959905403041328868803754709,0x2865bc483dd523f4a36eb961f7467c8635ee9a13f39748bad55f645ce1f61512,7699.52,0.948,1765253701,Trump declassifies UFO files in 2025?,trump-declassifies-ufo-files-in-2025,https://polymarket-upload.s3.us-east-2.amazonaws.com/trump-declassifies-ufo-files-in-2025-t8Tno8ou_ycE.jpg,trump-declassifies-ufo-files-in-2025,Yes,0,tourists,Trusting-Bungalow,Do you wanna go to Bali or Borneo,https://polymarket-upload.s3.us-east-2.amazonaws.com/profile-image-2909538-0895d69a-234c-409a-b0f4-ca4253ab5cb6.jpg,,0x206b293e41d4ebe3fdc65b5acde1738de0ea77ac4d645df55674aaeb051659a0,2025-12-09 04:15:01+00:00,7299.14496,Yes,2025-12-10 00:27:58+00:00,20.215833333333332,0.991,0.04300000000000004
0x000d257d2dc7616feaef4ae0f14600fdf50a758e,BUY,51488901526730069771868285104742328410384372749069959905403041328868803754709,0x2865bc483dd523f4a36eb961f7467c8635ee9a13f39748bad55f645ce1f61512,5555.47,0.945,1765252805,Trump declassifies UFO files in 2025?,trump-declassifies-ufo-files-in-2025,https://polymarket-upload.s3.us-east-2.amazonaws.com/trump-declassifies-ufo-files-in-2025-t8Tno8ou_ycE.jpg,trump-declassifies-ufo-files-in-2025,Yes,0,scottilicious,Powerful-Election,,https://polymarket-upload.s3.us-east-2.amazonaws.com/profile-image-583-178de096-51b5-46b0-b1bf-83d0b80ad3d4.jpg,,0xcd5302f9cfa8ba4542e02fe666ba8e73b81dc129fadf30b66fcd3b6f22366bc3,2025-12-09 04:00:05+00:00,5249.91915,Yes,2025-12-10 00:27:58+00:00,20.46472222222222,0.991,0.04600000000000004
0xc6dd722558dbfbd8fa780efcbe819ed8c6604b9f,BUY,51488901526730069771868285104742328410384372749069959905403041328868803754709,0x2865bc483dd523f4a36eb961f7467c8635ee9a13f39748bad55f645ce1f61512,1557.84,0.9599022236,1765251813,Trump declassifies UFO files in 2025?,trump-declassifies-ufo-files-in-2025,https://polymarket-upload.s3.us-east-2.amazonaws.com/trump-declassifies-ufo-files-in-2025-t8Tno8ou_ycE.jpg,trump-declassifies-ufo-files-in-2025,Yes,0,tourists,Trusting-Bungalow,Do you wanna go to Bali or Borneo,https://polymarket-upload.s3.us-east-2.amazonaws.com/profile-image-2909538-0895d69a-234c-409a-b0f4-ca4253ab5cb6.jpg,,0xcd2800265376c482a49afbb77dfc242e46a63166946abfcd45a4f9c864030223,2025-12-09 03:43:33+00:00,1495.374080013024,Yes,2025-12-10 00:27:58+00:00,20.740277777777777,0.991,0.0310977764
0xc6dd722558dbfbd8fa780efcbe819ed8c6604b9f,BUY,51488901526730069771868285104742328410384372749069959905403041328868803754709,0x2865bc483dd523f4a36eb961f7467c8635ee9a13f39748bad55f645ce1f61512,5637.3,0.9379439359,1765250385,Trump declassifies UFO files in 2025?,trump-declassifies-ufo-files-in-2025,https://polymarket-upload.s3.us-east-2.amazonaws.com/trump-declassifies-ufo-files-in-2025-t8Tno8ou_ycE.jpg,trump-declassifies-ufo-files-in-2025,Yes,0,tourists,Trusting-Bungalow,Do you wanna go to Bali or Borneo,https://polymarket-upload.s3.us-east-2.amazonaws.com/profile-image-2909538-0895d69a-234c-409a-b0f4-ca4253ab5cb6.jpg,,0xb1221078ae7f39dad257f202e29737664c0f956a0d9ef1636ee0f49b758b757d,2025-12-09 03:19:45+00:00,5287.47134984907,Yes,2025-12-10 00:27:58+00:00,21.136944444444445,0.991,0.05305606409999997
0x7c3db723f1d4d8cb9c550095203b686cb11e5c6b,BUY,51488901526730069771868285104742328410384372749069959905403041328868803754709,0x2865bc483dd523f4a36eb961f7467c8635ee9a13f39748bad55f645ce1f61512,3139.64,0.9101873463,1765250363,Trump declassifies UFO files in 2025?,trump-declassifies-ufo-files-in-2025,https://polymarket-upload.s3.us-east-2.amazonaws.com/trump-declassifies-ufo-files-in-2025-t8Tno8ou_ycE.jpg,trump-declassifies-ufo-files-in-2025,Yes,0,Car,Peppery-Capital,what is your plan,https://polymarket-upload.s3.us-east-2.amazonaws.com/profile-image-501613-aa434e55-7732-41b1-9650-83a9d1d716ef.png,,0x07bc797560e5e031cf0883603a0600426204f68b687d91851db2941f28741dc3,2025-12-09 03:19:23+00:00,2857.660599937332,Yes,2025-12-10 00:27:58+00:00,21.143055555555556,0.991,0.08081265370000001
0x7c3db723f1d4d8cb9c550095203b686cb11e5c6b,BUY,51488901526730069771868285104742328410384372749069959905403041328868803754709,0x2865bc483dd523f4a36eb961f7467c8635ee9a13f39748bad55f645ce1f61512,2520.0,0.857515873,1765248135,Trump declassifies UFO files in 2025?,trump-declassifies-ufo-files-in-2025,https://polymarket-upload.s3.us-east-2.amazonaws.com/trump-declassifies-ufo-files-in-2025-t8Tno8ou_ycE.jpg,trump-declassifies-ufo-files-in-2025,Yes,0,Car,Peppery-Capital,what is your plan,https://polymarket-upload.s3.us-east-2.amazonaws.com/profile-image-501613-aa434e55-7732-41b1-9650-83a9d1d716ef.png,,0xc77d3dee211c02808bbcd21287e9f25c6a53f1853f31865770d6a91238359f9d,2025-12-09 02:42:15+00:00,2160.93999996,Yes,2025-12-10 00:27:58+00:00,21.761944444444445,0.991,0.133484127
0x000d257d2dc7616feaef4ae0f14600fdf50a758e,BUY,51488901526730069771868285104742328410384372749069959905403041328868803754709,0x2865bc483dd523f4a36eb961f7467c8635ee9a13f39748bad55f645ce1f61512,1265.99,0.8485008017,1765247477,Trump declassifies UFO files in 2025?,trump-declassifies-ufo-files-in-2025,https://polymarket-upload.s3.us-east-2.amazonaws.com/trump-declassifies-ufo-files-in-2025-t8Tno8ou_ycE.jpg,trump-declassifies-ufo-files-in-2025,Yes,0,scottilicious,Powerful-Election,,https://polymarket-upload.s3.us-east-2.amazonaws.com/profile-image-583-178de096-51b5-46b0-b1bf-83d0b80ad3d4.jpg,,0xa424ee256a6306b5d0d29599f10d9d3c63018240770e4c55ad67ed6c4f9f7bf3,2025-12-09 02:31:17+00:00,1074.193529944183,Yes,2025-12-10 00:27:58+00:00,21.94472222222222,0.991,0.14249919830000002
0xc6dd722558dbfbd8fa780efcbe819ed8c6604b9f,BUY,51488901526730069771868285104742328410384372749069959905403041328868803754709,0x2865bc483dd523f4a36eb961f7467c8635ee9a13f39748bad55f645ce1f61512,4100.0,0.9149344415,1765243195,Trump declassifies UFO files in 2025?,trump-declassifies-ufo-files-in-2025,https://polymarket-upload.s3.us-east-2.amazonaws.com/trump-declassifies-ufo-files-in-2025-t8Tno8ou_ycE.jpg,trump-declassifies-ufo-files-in-2025,Yes,0,tourists,Trusting-Bungalow,Do you wanna go to Bali or Borneo,https://polymarket-upload.s3.us-east-2.amazonaws.com/profile-image-2909538-0895d69a-234c-409a-b0f4-ca4253ab5cb6.jpg,,0xa498cfe7898e433e64e1301722f4822304a935a3c735acf8fff5fc15a2711633,2025-12-09 01:19:55+00:00,3751.23121015,Yes,2025-12-10 00:27:58+00:00,23.134166666666665,0.9889999999,0.07406555839999995
0xc8ab97a9089a9ff7e6ef0688e6e591a066946418,BUY,51488901526730069771868285104742328410384372749069959905403041328868803754709,0x2865bc483dd523f4a36eb961f7467c8635ee9a13f39748bad55f645ce1f61512,57159.02,0.9697513213,1765242899,Trump declassifies UFO files in 2025?,trump-declassifies-ufo-files-in-2025,https://polymarket-upload.s3.us-east-2.amazonaws.com/trump-declassifies-ufo-files-in-2025-t8Tno8ou_ycE.jpg,trump-declassifies-ufo-files-in-2025,Yes,0,ArmageddonRewardsBilly,Hideous-Racer,"After the fight battle is fought, The legend of Billy the farmer will live forever.",https://polymarket-upload.s3.us-east-2.amazonaws.com/rewardsiconbilly_637fb65a-1112-49bc-9376-3fb6d377cde0_1738970845400.png,,0x98b108b8a19619edba52adf3605d8da8f872b84be51267dd2b7d0b9639a45ea2,2025-12-09 01:14:59+00:00,55430.03516921312,Yes,2025-12-10 00:27:58+00:00,23.21638888888889,0.9889999999,0.019248678600000013
0xc8ab97a9089a9ff7e6ef0688e6e591a066946418,BUY,51488901526730069771868285104742328410384372749069959905403041328868803754709,0x2865bc483dd523f4a36eb961f7467c8635ee9a13f39748bad55f645ce1f61512,20509.0,0.96,1765242701,Trump declassifies UFO files in 2025?,trump-declassifies-ufo-files-in-2025,https://polymarket-upload.s3.us-east-2.amazonaws.com/trump-declassifies-ufo-files-in-2025-t8Tno8ou_ycE.jpg,trump-declassifies-ufo-files-in-2025,Yes,0,ArmageddonRewardsBilly,Hideous-Racer,"After the fight battle is fought, The legend of Billy the farmer will live forever.",https://polymarket-upload.s3.us-east-2.amazonaws.com/rewardsiconbilly_637fb65a-1112-49bc-9376-3fb6d377cde0_1738970845400.png,,0xd12421e1d63f31c4d7ce550d4ad758224465f255afdc9dae7255f992c463f602,2025-12-09 01:11:41+00:00,19688.64,Yes,2025-12-10 00:27:58+00:00,23.27138888888889,0.9889999999,0.028999999900000017
0x7c3db723f1d4d8cb9c550095203b686cb11e5c6b,BUY,51488901526730069771868285104742328410384372749069959905403041328868803754709,0x2865bc483dd523f4a36eb961f7467c8635ee9a13f39748bad55f645ce1f61512,5555.0,0.95,1765241587,Trump declassifies UFO files in 2025?,trump-declassifies-ufo-files-in-2025,https://polymarket-upload.s3.us-east-2.amazonaws.com/trump-declassifies-ufo-files-in-2025-t8Tno8ou_ycE.jpg,trump-declassifies-ufo-files-in-2025,Yes,0,Car,Peppery-Capital,what is your plan,https://polymarket-upload.s3.us-east-2.amazonaws.com/profile-image-501613-aa434e55-7732-41b1-9650-83a9d1d716ef.png,,0x9155681ce25ebf838037aa85dcfa4175d34fb4416d1d0c67a65171d151442f99,2025-12-09 00:53:07+00:00,5277.25,Yes,2025-12-10 00:27:58+00:00,23.580833333333334,0.9889999999,0.038999999900000026
0x7c3db723f1d4d8cb9c550095203b686cb11e5c6b,BUY,51488901526730069771868285104742328410384372749069959905403041328868803754709,0x2865bc483dd523f4a36eb961f7467c8635ee9a13f39748bad55f645ce1f61512,4444.0,0.93,1765239491,Trump declassifies UFO files in 2025?,trump-declassifies-ufo-files-in-2025,https://polymarket-upload.s3.us-east-2.amazonaws.com/trump-declassifies-ufo-files-in-2025-t8Tno8ou_ycE.jpg,trump-declassifies-ufo-files-in-2025,Yes,0,Car,Peppery-Capital,what is your plan,https://polymarket-upload.s3.us-east-2.amazonaws.com/profile-image-501613-aa434e55-7732-41b1-9650-83a9d1d716ef.png,,0x08ec3e9e10245b1e8ef275838a1b250fff64bf793d47ef3b7fa5057891731ee3,2025-12-09 00:18:11+00:00,4132.92,Yes,2025-12-10 00:27:58+00:00,24.163055555555555,0.9889999999,0.05899999989999993
0x7c3db723f1d4d8cb9c550095203b686cb11e5c6b,BUY,51488901526730069771868285104742328410384372749069959905403041328868803754709,0x2865bc483dd523f4a36eb961f7467c8635ee9a13f39748bad55f645ce1f61512,4444.0,0.93,1765239451,Trump declassifies UFO files in 2025?,trump-declassifies-ufo-files-in-2025,https://polymarket-upload.s3.us-east-2.amazonaws.com/trump-declassifies-ufo-files-in-2025-t8Tno8ou_ycE.jpg,trump-declassifies-ufo-files-in-2025,Yes,0,Car,Peppery-Capital,what is your plan,https://polymarket-upload.s3.us-east-2.amazonaws.com/profile-image-501613-aa434e55-7732-41b1-9650-83a9d1d716ef.png,,0xea803ed1ff939fe241922b788eed186075d945c1cb179c14823575a6289315e4,2025-12-09 00:17:31+00:00,4132.92,Yes,2025-12-10 00:27:58+00:00,24.174166666666668,0.9889999999,0.05899999989999993
0x7c3db723f1d4d8cb9c550095203b686cb11e5c6b,BUY,51488901526730069771868285104742328410384372749069959905403041328868803754709,0x2865bc483dd523f4a36eb961f7467c8635ee9a13f39748bad55f645ce1f61512,3333.0,0.93,1765238995,Trump declassifies UFO files in 2025?,trump-declassifies-ufo-files-in-2025,https://polymarket-upload.s3.us-east-2.amazonaws.com/trump-declassifies-ufo-files-in-2025-t8Tno8ou_ycE.jpg,trump-declassifies-ufo-files-in-2025,Yes,0,Car,Peppery-Capital,what is your plan,https://polymarket-upload.s3.us-east-2.amazonaws.com/profile-image-501613-aa434e55-7732-41b1-9650-83a9d1d716ef.png,,0xcdc3dc436d52d25ae9683a55f565c01055d528198bc98ed1936d6697481e5840,2025-12-09 00:09:55+00:00,3099.69,Yes,2025-12-10 00:27:58+00:00,24.300833333333333,0.9819998114,0.051999811399999984
0x0c4b64af62a0ac3dd477e9f80ec3eaa18e92f6db,BUY,51488901526730069771868285104742328410384372749069959905403041328868803754709,0x2865bc483dd523f4a36eb961f7467c8635ee9a13f39748bad55f645ce1f61512,7541.36,0.93,1765238457,Trump declassifies UFO files in 2025?,trump-declassifies-ufo-files-in-2025,https://polymarket-upload.s3.us-east-2.amazonaws.com/trump-declassifies-ufo-files-in-2025-t8Tno8ou_ycE.jpg,trump-declassifies-ufo-files-in-2025,Yes,0,UwO,Another-Pickaxe,,https://polymarket-upload.s3.us-east-2.amazonaws.com/profile-image-1580334-26329038-5ced-44e2-85fa-249ea3ed1264.png,,0x4c4c5772649f078d4a73fb37c5c1eb30bb68b1e2e1aea10a6d53e08f337c4ba3,2025-12-09 00:00:57+00:00,7013.4648,Yes,2025-12-10 00:27:58+00:00,24.450277777777778,0.9819998114,0.051999811399999984
0x0c4b64af62a0ac3dd477e9f80ec3eaa18e92f6db,BUY,51488901526730069771868285104742328410384372749069959905403041328868803754709,0x2865bc483dd523f4a36eb961f7467c8635ee9a13f39748bad55f645ce1f61512,9000.32,0.93,1765237545,Trump declassifies UFO files in 2025?,trump-declassifies-ufo-files-in-2025,https://polymarket-upload.s3.us-east-2.amazonaws.com/trump-declassifies-ufo-files-in-2025-t8Tno8ou_ycE.jpg,trump-declassifies-ufo-files-in-2025,Yes,0,UwO,Another-Pickaxe,,https://polymarket-upload.s3.us-east-2.amazonaws.com/profile-image-1580334-26329038-5ced-44e2-85fa-249ea3ed1264.png,,0x8504ba7a3f24ff4352fb1b7c82809cee15f664baa14f66264c161ce6e96d11d8,2025-12-08 23:45:45+00:00,8370.2976,Yes,2025-12-10 00:27:58+00:00,24.703611111111112,0.9799999736,0.04999997359999997
0x0c4b64af62a0ac3dd477e9f80ec3eaa18e92f6db,BUY,51488901526730069771868285104742328410384372749069959905403041328868803754709,0x2865bc483dd523f4a36eb961f7467c8635ee9a13f39748bad55f645ce1f61512,15899.84,0.9393089239,1765235845,Trump declassifies UFO files in 2025?,trump-declassifies-ufo-files-in-2025,https://polymarket-upload.s3.us-east-2.amazonaws.com/trump-declassifies-ufo-files-in-2025-t8Tno8ou_ycE.jpg,trump-declassifies-ufo-files-in-2025,Yes,0,UwO,Another-Pickaxe,,https://polymarket-upload.s3.us-east-2.amazonaws.com/profile-image-1580334-26329038-5ced-44e2-85fa-249ea3ed1264.png,,0x13ca6f630dded27a7c9ac8bb484ba92f1e5bdd0f87dc805a1e08798f9bda13c9,2025-12-08 23:17:25+00:00,14934.861600582175,Yes,2025-12-10 00:27:58+00:00,25.175833333333333,0.9759999998,0.03669107589999998
0xbacd00c9080a82ded56f504ee8810af732b0ab35,BUY,51488901526730069771868285104742328410384372749069959905403041328868803754709,0x2865bc483dd523f4a36eb961f7467c8635ee9a13f39748bad55f645ce1f61512,1587.11,0.93,1765231229,Trump declassifies UFO files in 2025?,trump-declassifies-ufo-files-in-2025,https://polymarket-upload.s3.us-east-2.amazonaws.com/trump-declassifies-ufo-files-in-2025-t8Tno8ou_ycE.jpg,trump-declassifies-ufo-files-in-2025,Yes,0,ScottyNooo,Dearest-Agenda,,https://polymarket-upload.s3.us-east-2.amazonaws.com/profile-image-2861114-c1c15cef-e455-4932-9b26-66ad799b1a4a.webp,,0xb233b9c5f4589086bf6ac0ddcf590e3b033ed05ffd525805b2696ac22901d3a8,2025-12-08 22:00:29+00:00,1476.0123,Yes,2025-12-10 00:27:58+00:00,26.458055555555557,0.9759999998,0.04599999979999991
0x72a22d4d155079da8f50c89d4c6c03b6428e7b65,BUY,51488901526730069771868285104742328410384372749069959905403041328868803754709,0x2865bc483dd523f4a36eb961f7467c8635ee9a13f39748bad55f645ce1f61512,1800.0,0.91,1765220147,Trump declassifies UFO files in 2025?,trump-declassifies-ufo-files-in-2025,https://polymarket-upload.s3.us-east-2.amazonaws.com/trump-declassifies-ufo-files-in-2025-t8Tno8ou_ycE.jpg,trump-declassifies-ufo-files-in-2025,Yes,0,wish-,Gullible-Grassland,,https://polymarket-upload.s3.us-east-2.amazonaws.com/profile-image-102345-25be9763-cacc-4996-921e-c5ed5ede3918.webp,,0xbf53fa29c02d73606242198ef3318a2fcf2a3f5244026f4431a06443f9f72300,2025-12-08 18:55:47+00:00,1638.0,Yes,2025-12-10 00:27:58+00:00,29.53638888888889,0.96,0.04999999999999993
0x000d257d2dc7616feaef4ae0f14600fdf50a758e,BUY,51488901526730069771868285104742328410384372749069959905403041328868803754709,0x2865bc483dd523f4a36eb961f7467c8635ee9a13f39748bad55f645ce1f61512,8098.38,0.918046029,1765217027,Trump declassifies UFO files in 2025?,trump-declassifies-ufo-files-in-2025,https://polymarket-upload.s3.us-east-2.amazonaws.com/trump-declassifies-ufo-files-in-2025-t8Tno8ou_ycE.jpg,trump-declassifies-ufo-files-in-2025,Yes,0,scottilicious,Powerful-Election,,https://polymarket-upload.s3.us-east-2.amazonaws.com/profile-image-583-178de096-51b5-46b0-b1bf-83d0b80ad3d4.jpg,,0x7e4f9eb8f4a2ce8eb78f4062f861f4e8ef2623c7eac54fae32387b75e8db0e21,2025-12-08 18:03:47+00:00,7434.68560033302,Yes,2025-12-10 00:27:58+00:00,30.403055555555557,0.95,0.03195397099999997
0x000d257d2dc7616feaef4ae0f14600fdf50a758e,BUY,51488901526730069771868285104742328410384372749069959905403041328868803754709,0x2865bc483dd523f4a36eb961f7467c8635ee9a13f39748bad55f645ce1f61512,2284.73,0.8943987692,1765217019,Trump declassifies UFO files in 2025?,trump-declassifies-ufo-files-in-2025,https://polymarket-upload.s3.us-east-2.amazonaws.com/trump-declassifies-ufo-files-in-2025-t8Tno8ou_ycE.jpg,trump-declassifies-ufo-files-in-2025,Yes,0,scottilicious,Powerful-Election,,https://polymarket-upload.s3.us-east-2.amazonaws.com/profile-image-583-178de096-51b5-46b0-b1bf-83d0b80ad3d4.jpg,,0x0f50f57457b9ec96d10b4bc5932aa0684abd68460404fc644f283c3f43fbfc2d,2025-12-08 18:03:39+00:00,2043.4596999543162,Yes,2025-12-10 00:27:58+00:00,30.405277777777776,0.95,0.0556012307999999
0xc6dd722558dbfbd8fa780efcbe819ed8c6604b9f,BUY,51488901526730069771868285104742328410384372749069959905403041328868803754709,0x2865bc483dd523f4a36eb961f7467c8635ee9a13f39748bad55f645ce1f61512,2627.09,0.81,1765216613,Trump declassifies UFO files in 2025?,trump-declassifies-ufo-files-in-2025,https://polymarket-upload.s3.us-east-2.amazonaws.com/trump-declassifies-ufo-files-in-2025-t8Tno8ou_ycE.jpg,trump-declassifies-ufo-files-in-2025,Yes,0,tourists,Trusting-Bungalow,Do you wanna go to Bali or Borneo,https://polymarket-upload.s3.us-east-2.amazonaws.com/profile-image-2909538-0895d69a-234c-409a-b0f4-ca4253ab5cb6.jpg,,0x5f5c162b9d78160e4ca86501c08660a9dd24e5ca7b4773992c61fd4b536883fc,2025-12-08 17:56:53+00:00,2127.9429000000005,Yes,2025-12-10 00:27:58+00:00,30.518055555555556,0.95,0.1399999999999999
0xbacd00c9080a82ded56f504ee8810af732b0ab35,BUY,51488901526730069771868285104742328410384372749069959905403041328868803754709,0x2865bc483dd523f4a36eb961f7467c8635ee9a13f39748bad55f645ce1f61512,1642.88,0.88,1765215505,Trump declassifies UFO files in 2025?,trump-declassifies-ufo-files-in-2025,https://polymarket-upload.s3.us-east-2.amazonaws.com/trump-declassifies-ufo-files-in-2025-t8Tno8ou_ycE.jpg,trump-declassifies-ufo-files-in-2025,Yes,0,ScottyNooo,Dearest-Agenda,,https://polymarket-upload.s3.us-east-2.amazonaws.com/profile-image-2861114-c1c15cef-e455-4932-9b26-66ad799b1a4a.webp,,0xa2a8f6bd0d418aa08aa726083273b5835154aacc1e32b9990ad2c24209bcaecb,2025-12-08 17:38:25+00:00,1445.7344,Yes,2025-12-10 00:27:58+00:00,30.825833333333332,0.95,0.06999999999999995
0xc6dd722558dbfbd8fa780efcbe819ed8c6604b9f,BUY,51488901526730069771868285104742328410384372749069959905403041328868803754709,0x2865bc483dd523f4a36eb961f7467c8635ee9a13f39748bad55f645ce1f61512,1213.29,0.88,1765215117,Trump declassifies UFO files in 2025?,trump-declassifies-ufo-files-in-2025,https://polymarket-upload.s3.us-east-2.amazonaws.com/trump-declassifies-ufo-files-in-2025-t8Tno8ou_ycE.jpg,trump-declassifies-ufo-files-in-2025,Yes,0,tourists,Trusting-Bungalow,Do you wanna go to Bali or Borneo,https://polymarket-upload.s3.us-east-2.amazonaws.com/profile-image-2909538-0895d69a-234c-409a-b0f4-ca4253ab5cb6.jpg,,0x687ac7e0e6ae2a5f28b33e70467eae1290419cbd59a01567e0999d6748986bf1,2025-12-08 17:31:57+00:00,1067.6951999999999,Yes,2025-12-10 00:27:58+00:00,30.933611111111112,0.95,0.06999999999999995
0x85d575c99b977e9e39543747c859c83b727aaece,BUY,51488901526730069771868285104742328410384372749069959905403041328868803754709,0x2865bc483dd523f4a36eb961f7467c8635ee9a13f39748bad55f645ce1f61512,3853.27,0.89,1765209257,Trump declassifies UFO files in 2025?,trump-declassifies-ufo-files-in-2025,https://polymarket-upload.s3.us-east-2.amazonaws.com/trump-declassifies-ufo-files-in-2025-t8Tno8ou_ycE.jpg,trump-declassifies-ufo-files-in-2025,Yes,0,warlasfutpro,Slight-Moth,,,,0xb0789bb09ebe55bdf3cb3e942938e3380a1b02a4aabf847d2f6c8788196dae9d,2025-12-08 15:54:17+00:00,3429.4103,Yes,2025-12-10 00:27:58+00:00,32.56138888888889,0.95,0.05999999999999994
0x0c4b64af62a0ac3dd477e9f80ec3eaa18e92f6db,BUY,51488901526730069771868285104742328410384372749069959905403041328868803754709,0x2865bc483dd523f4a36eb961f7467c8635ee9a13f39748bad55f645ce1f61512,2289.9,0.87,1765208533,Trump declassifies UFO files in 2025?,trump-declassifies-ufo-files-in-2025,https://polymarket-upload.s3.us-east-2.amazonaws.com/trump-declassifies-ufo-files-in-2025-t8Tno8ou_ycE.jpg,trump-declassifies-ufo-files-in-2025,Yes,0,UwO,Another-Pickaxe,,https://polymarket-upload.s3.us-east-2.amazonaws.com/profile-image-1580334-26329038-5ced-44e2-85fa-249ea3ed1264.png,,0x3493443115334e163819f3aea9e00caac7c82cfe91beaca85ce5a43558a61d74,2025-12-08 15:42:13+00:00,1992.213,Yes,2025-12-10 00:27:58+00:00,32.7625,0.95,0.07999999999999996
0x85d575c99b977e9e39543747c859c83b727aaece,BUY,51488901526730069771868285104742328410384372749069959905403041328868803754709,0x2865bc483dd523f4a36eb961f7467c8635ee9a13f39748bad55f645ce1f61512,2828.9,0.92,1765205213,Trump declassifies UFO files in 2025?,trump-declassifies-ufo-files-in-2025,https://polymarket-upload.s3.us-east-2.amazonaws.com/trump-declassifies-ufo-files-in-2025-t8Tno8ou_ycE.jpg,trump-declassifies-ufo-files-in-2025,Yes,0,warlasfutpro,Slight-Moth,,,,0xd4c0f7e73f36dd303998cd49e54096022bf37b9105da03818f0f2049bf5cc6a0,2025-12-08 14:46:53+00:00,2602.588,Yes,2025-12-10 00:27:58+00:00,33.68472222222222,0.95,0.029999999999999916
0x72a22d4d155079da8f50c89d4c6c03b6428e7b65,BUY,51488901526730069771868285104742328410384372749069959905403041328868803754709,0x2865bc483dd523f4a36eb961f7467c8635ee9a13f39748bad55f645ce1f61512,4701.46,0.92,1765204591,Trump declassifies UFO files in 2025?,trump-declassifies-ufo-files-in-2025,https://polymarket-upload.s3.us-east-2.amazonaws.com/trump-declassifies-ufo-files-in-2025-t8Tno8ou_ycE.jpg,trump-declassifies-ufo-files-in-2025,Yes,0,wish-,Gullible-Grassland,,https://polymarket-upload.s3.us-east-2.amazonaws.com/profile-image-102345-25be9763-cacc-4996-921e-c5ed5ede3918.webp,,0xced187e4b49a80fb9186293ef1c84bc08370068509446533b6502472c0c53140,2025-12-08 14:36:31+00:00,4325.3432,Yes,2025-12-10 00:27:58+00:00,33.8575,0.95,0.029999999999999916
0xdd225a03cd7ed89e3931906c67c75ab31cf89ef1,BUY,51488901526730069771868285104742328410384372749069959905403041328868803754709,0x2865bc483dd523f4a36eb961f7467c8635ee9a13f39748bad55f645ce1f61512,2005.0,0.87,1765202337,Trump declassifies UFO files in 2025?,trump-declassifies-ufo-files-in-2025,https://polymarket-upload.s3.us-east-2.amazonaws.com/trump-declassifies-ufo-files-in-2025-t8Tno8ou_ycE.jpg,trump-declassifies-ufo-files-in-2025,Yes,0,Euan,Roasted-Expression,Choose updating your profile,https://polymarket-upload.s3.us-east-2.amazonaws.com/profile-image-1327652-8b4890c6-20f2-4d3e-b152-ef07b96f3d4d.gif,,0x0267be9683cab84d88c77352219738de36123ca990a2034ed713c171256bd131,2025-12-08 13:58:57+00:00,1744.35,Yes,2025-12-10 00:27:58+00:00,34.48361111111111,0.95,0.07999999999999996
0x0c4b64af62a0ac3dd477e9f80ec3eaa18e92f6db,BUY,51488901526730069771868285104742328410384372749069959905403041328868803754709,0x2865bc483dd523f4a36eb961f7467c8635ee9a13f39748bad55f645ce1f61512,1524.0,0.8561272966,1765199861,Trump declassifies UFO files in 2025?,trump-declassifies-ufo-files-in-2025,https://polymarket-upload.s3.us-east-2.amazonaws.com/trump-declassifies-ufo-files-in-2025-t8Tno8ou_ycE.jpg,trump-declassifies-ufo-files-in-2025,Yes,0,UwO,Another-Pickaxe,,https://polymarket-upload.s3.us-east-2.amazonaws.com/profile-image-1580334-26329038-5ced-44e2-85fa-249ea3ed1264.png,,0xc8d717182833d6b47285e2dd8dcbd930114eb6ee7e0719b982468cdf1c39d4ed,2025-12-08 13:17:41+00:00,1304.7380000184,Yes,2025-12-10 00:27:58+00:00,35.17138888888889,0.94,0.08387270339999997
0x0c4b64af62a0ac3dd477e9f80ec3eaa18e92f6db,BUY,51488901526730069771868285104742328410384372749069959905403041328868803754709,0x2865bc483dd523f4a36eb961f7467c8635ee9a13f39748bad55f645ce1f61512,3306.43,0.87,1765187153,Trump declassifies UFO files in 2025?,trump-declassifies-ufo-files-in-2025,https://polymarket-upload.s3.us-east-2.amazonaws.com/trump-declassifies-ufo-files-in-2025-t8Tno8ou_ycE.jpg,trump-declassifies-ufo-files-in-2025,Yes,0,UwO,Another-Pickaxe,,https://polymarket-upload.s3.us-east-2.amazonaws.com/profile-image-1580334-26329038-5ced-44e2-85fa-249ea3ed1264.png,,0x7e9f33a2dad4dd1900d7bbd9117ccc43b9d4fbbc82eac029f327742ba669adf2,2025-12-08 09:45:53+00:00,2876.5941,Yes,2025-12-10 00:27:58+00:00,38.701388888888886,0.93,0.06000000000000005
0x0c4b64af62a0ac3dd477e9f80ec3eaa18e92f6db,BUY,51488901526730069771868285104742328410384372749069959905403041328868803754709,0x2865bc483dd523f4a36eb961f7467c8635ee9a13f39748bad55f645ce1f61512,2115.0,0.87,1765186275,Trump declassifies UFO files in 2025?,trump-declassifies-ufo-files-in-2025,https://polymarket-upload.s3.us-east-2.amazonaws.com/trump-declassifies-ufo-files-in-2025-t8Tno8ou_ycE.jpg,trump-declassifies-ufo-files-in-2025,Yes,0,UwO,Another-Pickaxe,,https://polymarket-upload.s3.us-east-2.amazonaws.com/profile-image-1580334-26329038-5ced-44e2-85fa-249ea3ed1264.png,,0x9caa0ecb9b7a56aae2c7229db85b904d32838cfd90aed3f935cc89d829aa57ef,2025-12-08 09:31:15+00:00,1840.05,Yes,2025-12-10 00:27:58+00:00,38.945277777777775,0.93,0.06000000000000005
0x0c4b64af62a0ac3dd477e9f80ec3eaa18e92f6db,BUY,51488901526730069771868285104742328410384372749069959905403041328868803754709,0x2865bc483dd523f4a36eb961f7467c8635ee9a13f39748bad55f645ce1f61512,2144.04,0.8978570362,1765182731,Trump declassifies UFO files in 2025?,trump-declassifies-ufo-files-in-2025,https://polymarket-upload.s3.us-east-2.amazonaws.com/trump-declassifies-ufo-files-in-2025-t8Tno8ou_ycE.jpg,trump-declassifies-ufo-files-in-2025,Yes,0,UwO,Another-Pickaxe,,https://polymarket-upload.s3.us-east-2.amazonaws.com/profile-image-1580334-26329038-5ced-44e2-85fa-249ea3ed1264.png,,0xca04be7f0486c16dbafedc999bd0d59e0e075902ff28982c99db3917baada625,2025-12-08 08:32:11+00:00,1925.041399894248,Yes,2025-12-10 00:27:58+00:00,39.929722222222225,0.92,0.022142963800000026
0x0c4b64af62a0ac3dd477e9f80ec3eaa18e92f6db,BUY,51488901526730069771868285104742328410384372749069959905403041328868803754709,0x2865bc483dd523f4a36eb961f7467c8635ee9a13f39748bad55f645ce1f61512,5879.67,0.94,1765178267,Trump declassifies UFO files in 2025?,trump-declassifies-ufo-files-in-2025,https://polymarket-upload.s3.us-east-2.amazonaws.com/trump-declassifies-ufo-files-in-2025-t8Tno8ou_ycE.jpg,trump-declassifies-ufo-files-in-2025,Yes,0,UwO,Another-Pickaxe,,https://polymarket-upload.s3.us-east-2.amazonaws.com/profile-image-1580334-26329038-5ced-44e2-85fa-249ea3ed1264.png,,0x836c4da906782f53aaf8f12c4de4094b58e3e93d24eed97d56a40f353bff210c,2025-12-08 07:17:47+00:00,5526.8898,Yes,2025-12-10 00:27:58+00:00,41.16972222222222,0.9499998069,0.009999806900000019
0xbacd00c9080a82ded56f504ee8810af732b0ab35,BUY,51488901526730069771868285104742328410384372749069959905403041328868803754709,0x2865bc483dd523f4a36eb961f7467c8635ee9a13f39748bad55f645ce1f61512,2206.36,0.6610484236,1765148769,Trump declassifies UFO files in 2025?,trump-declassifies-ufo-files-in-2025,https://polymarket-upload.s3.us-east-2.amazonaws.com/trump-declassifies-ufo-files-in-2025-t8Tno8ou_ycE.jpg,trump-declassifies-ufo-files-in-2025,Yes,0,ScottyNooo,Dearest-Agenda,,https://polymarket-upload.s3.us-east-2.amazonaws.com/profile-image-2861114-c1c15cef-e455-4932-9b26-66ad799b1a4a.webp,,0x095f82abc6c388a06bffda0518f5f3bfdd49aa87addcea6f599122351d271e31,2025-12-07 23:06:09+00:00,1458.5107998940962,Yes,2025-12-10 00:27:58+00:00,49.36361111111111,0.83,0.16895157639999991
0xbacd00c9080a82ded56f504ee8810af732b0ab35,BUY,51488901526730069771868285104742328410384372749069959905403041328868803754709,0x2865bc483dd523f4a36eb961f7467c8635ee9a13f39748bad55f645ce1f61512,2134.51,0.6,1765145631,Trump declassifies UFO files in 2025?,trump-declassifies-ufo-files-in-2025,https://polymarket-upload.s3.us-east-2.amazonaws.com/trump-declassifies-ufo-files-in-2025-t8Tno8ou_ycE.jpg,trump-declassifies-ufo-files-in-2025,Yes,0,ScottyNooo,Dearest-Agenda,,https://polymarket-upload.s3.us-east-2.amazonaws.com/profile-image-2861114-c1c15cef-e455-4932-9b26-66ad799b1a4a.webp,,0xf540d78c1a335542fd0bcdbb14a37645f1afcf13f097d02306c44c98f1d8f1e5,2025-12-07 22:13:51+00:00,1280.7060000000001,Yes,2025-12-10 00:27:58+00:00,50.235277777777775,0.8295946596,0.22959465960000003
0xbacd00c9080a82ded56f504ee8810af732b0ab35,BUY,51488901526730069771868285104742328410384372749069959905403041328868803754709,0x2865bc483dd523f4a36eb961f7467c8635ee9a13f39748bad55f645ce1f61512,3110.05,0.8351785984,1765132911,Trump declassifies UFO files in 2025?,trump-declassifies-ufo-files-in-2025,https://polymarket-upload.s3.us-east-2.amazonaws.com/trump-declassifies-ufo-files-in-2025-t8Tno8ou_ycE.jpg,trump-declassifies-ufo-files-in-2025,Yes,0,ScottyNooo,Dearest-Agenda,,https://polymarket-upload.s3.us-east-2.amazonaws.com/profile-image-2861114-c1c15cef-e455-4932-9b26-66ad799b1a4a.webp,,0x1c188db2e81f2607e4adc78419a755dba7146c7e5bad49c5ad9564f3350829e0,2025-12-07 18:41:51+00:00,2597.44719995392,Yes,2025-12-10 00:27:58+00:00,53.76861111111111,0.8499999795,0.014821381099999975
0xbacd00c9080a82ded56f504ee8810af732b0ab35,BUY,51488901526730069771868285104742328410384372749069959905403041328868803754709,0x2865bc483dd523f4a36eb961f7467c8635ee9a13f39748bad55f645ce1f61512,1367.0,0.8492684711,1765127967,Trump declassifies UFO files in 2025?,trump-declassifies-ufo-files-in-2025,https://polymarket-upload.s3.us-east-2.amazonaws.com/trump-declassifies-ufo-files-in-2025-t8Tno8ou_ycE.jpg,trump-declassifies-ufo-files-in-2025,Yes,0,ScottyNooo,Dearest-Agenda,,https://polymarket-upload.s3.us-east-2.amazonaws.com/profile-image-2861114-c1c15cef-e455-4932-9b26-66ad799b1a4a.webp,,0x31c8f3999650d4fe65482a08ea1f74877da8e7a164ffa1b637c0ca5491537ec9,2025-12-07 17:19:27+00:00,1160.9499999937,Yes,2025-12-10 00:27:58+00:00,55.14194444444445,0.8599999902,0.01073151909999992
0xbacd00c9080a82ded56f504ee8810af732b0ab35,BUY,51488901526730069771868285104742328410384372749069959905403041328868803754709,0x2865bc483dd523f4a36eb961f7467c8635ee9a13f39748bad55f645ce1f61512,1374.0,0.8371688501,1765127963,Trump declassifies UFO files in 2025?,trump-declassifies-ufo-files-in-2025,https://polymarket-upload.s3.us-east-2.amazonaws.com/trump-declassifies-ufo-files-in-2025-t8Tno8ou_ycE.jpg,trump-declassifies-ufo-files-in-2025,Yes,0,ScottyNooo,Dearest-Agenda,,https://polymarket-upload.s3.us-east-2.amazonaws.com/profile-image-2861114-c1c15cef-e455-4932-9b26-66ad799b1a4a.webp,,0x1cb6c409d844416e52eb1304fbc552047caf7b745d5bc587cd0c5dbfe3dd2032,2025-12-07 17:19:23+00:00,1150.2700000374,Yes,2025-12-10 00:27:58+00:00,55.143055555555556,0.8599999902,0.02283114009999998
